Year,Case Vehicle ID,Vehicle Body Type,Registration Class,Action Prior to Accident,Type / Axles of Truck or Bus,Direction of Travel,Fuel Type,Vehicle Year,State of Registration,Number of Occupants,Engine Cylinders,Vehicle Make,Contributing Factor 1,Contributing Factor 1 Description,Contributing Factor 2,Contributing Factor 2 Description,Event Type,Partial VIN
2018,15238424,SUBURBAN,PASSENGER OR SUBURBAN,Making Left Turn,Not Entered,Northwest,Gas,2014,NY,1,4,NISSA,HUMAN,Not Applicable,HUMAN,Failure to Yield Right-of-Way,Not Applicable,5N1AT2MV9EC817174
2018,15238445,PICKUP TRUCK,PASSENGER OR SUBURBAN,Going Straight Ahead,Not Entered,East,Gas,2003,NY,2,8,DODGE,HUMAN,Not Applicable,HUMAN,Other Electronic Device*,Not Applicable,1D7HA16N83J639014
2018,15238451,STAKE TRUCK,COMMERCIAL,Going Straight Ahead,Not Entered,South,Gas,1978,NY,1,8,FORD,HUMAN,Reaction to Other Uninvolved Vehicle,ENVMT,Pavement Slippery,"Other Fixed Object*, Collision With Fixed Object",F37HCCG1219
2018,15238455,4 DOOR SEDAN,PASSENGER OR SUBURBAN,Going Straight Ahead,Not Entered,East,Diesel,2001,NY,1,4,VOLKS,HUMAN,Not Applicable,ENVMT,Pavement Slippery,"Sign Post, Collision With Fixed Object",3VWSP29M41M055147
2018,15238469,SUBURBAN,PASSENGER OR SUBURBAN,Going Straight Ahead,Not Entered,East,Gas,2012,NY,1,6,BUICK,HUMAN,Alcohol Involvement,HUMAN,Passing or Lane Usage Improper,"Tree, Collision With Fixed Object",5GAKVCED7CJ138545
2018,15238483,4 DOOR SEDAN,PASSENGER OR SUBURBAN,Going Straight Ahead,Not Entered,Southwest,Gas,2010,NY,1,4,CHEVR,HUMAN,Not Applicable,ENVMT,Animal's Action,Not Applicable,1G1AF5F5XA7233839
2018,15238486,SUBURBAN,PASSENGER OR SUBURBAN,Going Straight Ahead,Not Entered,South,Gas,2015,NY,3,6,DODGE,HUMAN,Not Applicable,HUMAN,Not Applicable,Not Applicable,3C4PDDGG8FT593499
2018,15238488,SUBURBAN,PASSENGER OR SUBURBAN,Going Straight Ahead,Not Entered,North,Gas,2008,NY,1,6,TOYOT,HUMAN,Not Applicable,HUMAN,Driver Inattention/Distraction*,Not Applicable,JTMBK31V386046459
2018,15238490,SUBURBAN,PASSENGER OR SUBURBAN,Avoiding Object in Roadway,Not Entered,East,Gas,2016,NY,2,4,NISSA,HUMAN,Not Applicable,ENVMT,Obstruction/ Debris,"Guide Rail - Not At End, Collision With Fixed Object",JN8AT2MV0GW133916
2018,15238492,4 DOOR SEDAN,PASSENGER OR SUBURBAN,Going Straight Ahead,Not Entered,East,Gas,2012,NY,1,4,CHRYS,HUMAN,Not Applicable,HUMAN,Reaction to Other Uninvolved Vehicle,"Light Support/Utility Pole, Collision With Fixed Object",1C3CCBAB7CN127226
2018,15238491,4 DOOR SEDAN,PASSENGER OR SUBURBAN,Going Straight Ahead,Not Entered,East,Gas,2009,NY,1,4,CHEVR,HUMAN,Not Applicable,HUMAN,Unsafe Speed,Not Applicable,1G1ZG57B39F123303
2018,15238509,PICKUP TRUCK,PASSENGER OR SUBURBAN,Going Straight Ahead,Not Entered,North,Gas,2017,NY,1,6,RAM,HUMAN,Unsafe Speed,ENVMT,Pavement Slippery,"Earth Embankment/Rock Cut/Ditch, Collision With Fixed Object",1C6RR7FG2HS706985
2018,15238512,4 DOOR SEDAN,PASSENGER OR SUBURBAN,Going Straight Ahead,Not Entered,North,Gas,2003,NY,1,6,FORD,HUMAN,Driver Inattention/Distraction*,HUMAN,Following Too Closely,Not Applicable,1FAFP55U33G247562
2018,15238513,SUBURBAN,PASSENGER OR SUBURBAN,Stopped in Traffic,Not Entered,North,Gas,2012,NY,1,4,JEEP,HUMAN,Not Applicable,HUMAN,Not Applicable,Not Applicable,1C4NJRBB0CD541441
2018,15238517,VAN TRUCK,COMMERCIAL,Going Straight Ahead,Not Entered,South,Gas,2013,NY,1,8,FORD,HUMAN,Not Applicable,HUMAN,Not Applicable,Not Applicable,1FTNE2EW8DDA21404
2018,15238516,PICKUP TRUCK,PASSENGER OR SUBURBAN,Backing,Not Entered,East,Gas,2012,NY,4,8,CHEVR,HUMAN,Not Applicable,HUMAN,Backing Unsafely,Not Applicable,1GCRKSE7XCZ212925
2018,15238519,4 DOOR SEDAN,PASSENGER OR SUBURBAN,Going Straight Ahead,Not Entered,North,Gas,2010,NY,1,4,MAZDA,HUMAN,Not Applicable,ENVMT,Animal's Action,Not Entered,1YVHZ8BH8A5M54425
2018,15238523,4 DOOR SEDAN,PASSENGER OR SUBURBAN,Going Straight Ahead,Not Entered,East,Gas,2015,NY,1,4,NISSA,HUMAN,Not Applicable,ENVMT,View Obstructed/Limited,Not Applicable,1N4AL3AP7FC574228
2018,15238524,4 DOOR SEDAN,PASSENGER OR SUBURBAN,Going Straight Ahead,Not Entered,South,Gas,2009,NY,1,4,TOYOT,HUMAN,Not Applicable,HUMAN,Not Applicable,Not Applicable,4T1BB46K29U108933
2018,15238521,4 DOOR SEDAN,PASSENGER OR SUBURBAN,Going Straight Ahead,Not Entered,East,Gas,2009,NY,1,4,HONDA,HUMAN,Not Applicable,HUMAN,Traffic Control Device Disregarded,Not Applicable,1HGCP26369A195763
2018,15238528,SUBURBAN,PASSENGER OR SUBURBAN,Slowing or Stopping,Not Entered,West,Gas,2006,NY,2,8,MERCU,HUMAN,Not Applicable,HUMAN,Not Applicable,Not Applicable,4M2EU38836UJ17346
2018,15238530,4 DOOR SEDAN,PASSENGER OR SUBURBAN,Going Straight Ahead,Not Entered,North,Gas,2003,NY,1,6,FORD,HUMAN,Not Applicable,HUMAN,Not Applicable,Not Applicable,1FAFP55263A197094
2018,15238529,SUBURBAN,PASSENGER OR SUBURBAN,Going Straight Ahead,Not Entered,West,Gas,2012,NY,1,4,DODGE,HUMAN,Not Applicable,HUMAN,Failure to Yield Right-of-Way,Not Applicable,3C4PDCAB9CT273269
2018,15238539,SUBURBAN,PASSENGER OR SUBURBAN,Going Straight Ahead,Not Entered,West,Gas,2015,NY,1,4,TOYOT,HUMAN,Not Applicable,HUMAN,Not Applicable,Not Applicable,2T3RFREV0FW362199
2018,15238538,4 DOOR SEDAN,PASSENGER OR SUBURBAN,Making Left Turn,Not Entered,North,Gas,2001,NY,1,8,LINCO,HUMAN,Not Applicable,HUMAN,Failure to Yield Right-of-Way,Not Applicable,1LNHM82W41Y658040
2018,15238537,SUBURBAN,PASSENGER OR SUBURBAN,Stopped in Traffic,Not Entered,West,Gas,2013,NY,1,6,LINCO,HUMAN,Not Applicable,HUMAN,Not Applicable,Not Applicable,2LMDJ8JK0DBL29217
2018,15238535,SUBURBAN,PASSENGER OR SUBURBAN,Going Straight Ahead,Not Entered,West,Gas,2001,NY,1,4,CHRYS,HUMAN,Following Too Closely,HUMAN,Reaction to Other Uninvolved Vehicle,Not Applicable,3C4FY4BB81T691775
2018,15238536,2 DOOR SEDAN,PASSENGER OR SUBURBAN,Stopped in Traffic,Not Entered,West,Gas,2003,NY,1,4,HONDA,HUMAN,Not Applicable,HUMAN,Not Applicable,Not Applicable,SHHEP33533U403016
2018,15238534,4 DOOR SEDAN,PASSENGER OR SUBURBAN,Going Straight Ahead,Not Entered,South,Gas,2001,NY,1,4,HYUND,HUMAN,Not Applicable,HUMAN,Not Applicable,Not Applicable,KMHDN45D41U188761
2018,15238533,4 DOOR SEDAN,PASSENGER OR SUBURBAN,Going Straight Ahead,Not Entered,East,Gas,2009,NY,1,4,CHRYS,HUMAN,Not Applicable,HUMAN,Failure to Yield Right-of-Way,Not Applicable,1C3LC56B59N517356
2018,15238548,4 DOOR SEDAN,PASSENGER OR SUBURBAN,Going Straight Ahead,Not Entered,North,Gas,2005,NY,1,6,FORD,HUMAN,Not Applicable,HUMAN,Not Applicable,Not Applicable,1FAFP23195G159240
2018,15238547,4 DOOR SEDAN,PASSENGER OR SUBURBAN,Going Straight Ahead,Not Entered,North,Gas,2007,NY,2,5,VOLKS,HUMAN,Not Applicable,HUMAN,Unsafe Speed,Not Applicable,WVWDS71K87W078084
2018,15238550,PICKUP TRUCK,PASSENGER OR SUBURBAN,Slowing or Stopping,Not Entered,South,Gas,2015,NY,2,6,TOYOT,HUMAN,Not Applicable,HUMAN,Not Applicable,"Other Motor Vehicle, Collision With",3TMLU4EN1FM190216
2018,15238551,SUBURBAN,PASSENGER OR SUBURBAN,Slowing or Stopping,Not Entered,South,Gas,2013,NY,1,6,LEXUS,HUMAN,Not Applicable,HUMAN,Not Applicable,Not Applicable,2T2BK1BA4DC155740
2018,15238549,VAN TRUCK,COMMERCIAL,Going Straight Ahead,Not Entered,South,Gas,2007,NY,1,8,FORD,HUMAN,Not Applicable,HUMAN,Unsafe Speed,Not Applicable,1FTSE34L67DA92766
2018,15238553,4 DOOR SEDAN,PASSENGER OR SUBURBAN,Parked,Not Entered,South,Gas,2004,NY,0,6,TOYOT,HUMAN,Not Applicable,HUMAN,Not Applicable,Not Applicable,4T1BF30K94U585617
2018,15238555,SUBURBAN,PASSENGER OR SUBURBAN,Slowing or Stopping,Not Entered,South,Gas,2017,NY,1,4,HONDA,HUMAN,Not Applicable,HUMAN,Not Applicable,Not Applicable,3CZRU6H50HM702787
2018,15238554,4 DOOR SEDAN,PASSENGER OR SUBURBAN,Going Straight Ahead,Not Entered,South,Gas,2011,NY,2,4,HYUND,HUMAN,Following Too Closely,ENVMT,Pavement Slippery,Not Applicable,5NPEB4AC6BH197701
2018,15238556,SUBURBAN,PASSENGER OR SUBURBAN,Backing,Not Entered,Southwest,Gas,2007,NY,1,4,TOYOT,HUMAN,Unknown,HUMAN,Backing Unsafely,Not Applicable,JTMBD33V676050589
2018,15238557,SUBURBAN,PASSENGER OR SUBURBAN,Going Straight Ahead,Not Entered,Northwest,Gas,2015,NY,1,4,TOYOT,HUMAN,Not Applicable,HUMAN,Not Applicable,Not Applicable,2T3BFREV5FW355038
2018,15238566,SUBURBAN,PASSENGER OR SUBURBAN,Stopped in Traffic,Not Entered,South,Gas,2016,NY,1,6,TOYOT,HUMAN,Not Applicable,HUMAN,Not Applicable,Not Applicable,JTEBU5JR6G5304093
2018,15238565,4 DOOR SEDAN,PASSENGER OR SUBURBAN,Slowing or Stopping,Not Entered,South,Gas,2017,NY,1,4,NISSA,HUMAN,Following Too Closely,ENVMT,Pavement Slippery,Not Applicable,1N4AL3APXHC237717
2018,15238576,SUBURBAN,PASSENGER OR SUBURBAN,Going Straight Ahead,Not Entered,North,Gas,2013,NY,1,6,FORD,HUMAN,Not Applicable,ENVMT,Animal's Action,Not Applicable,2FMDK3GC0DBC88096
2018,15238597,PICKUP TRUCK,PASSENGER OR SUBURBAN,Slowing or Stopping,Not Entered,Southwest,Gas,2017,NY,1,6,TOYOT,HUMAN,Not Applicable,HUMAN,Not Applicable,Not Applicable,3TMCZ5AN1HM099009
2018,15238596,4 DOOR SEDAN,PASSENGER OR SUBURBAN,Going Straight Ahead,Not Entered,Southwest,Gas,2007,NY,1,4,CHEVR,HUMAN,Not Applicable,HUMAN,Following Too Closely,Not Applicable,1G1ZS57F87F255715
2018,15238620,4 DOOR SEDAN,PASSENGER OR SUBURBAN,Going Straight Ahead,Not Entered,South,Gas,2015,NY,1,4,VOLKS,HUMAN,Not Applicable,ENVMT,Animal's Action,Not Applicable,3VWD17AJ8FM346993
2018,15238633,4 DOOR SEDAN,PASSENGER OR SUBURBAN,Making Right Turn,Not Entered,Southeast,Gas,2012,NY,4,4,NISSA,HUMAN,Not Applicable,HUMAN,Not Applicable,Not Applicable,1N4AL2AP7CN574353
2018,15238632,SUBURBAN,PASSENGER OR SUBURBAN,Making Left Turn,Not Entered,Southwest,Gas,2012,NY,1,6,LINCO,HUMAN,Not Applicable,HUMAN,Failure to Yield Right-of-Way,Not Applicable,2LMDJ8JK5CBL09687
2018,15238634,PICKUP TRUCK,AGRICULTURAL TRUCK,Making Left Turn,Not Entered,North,Gas,2010,NY,1,8,GMC,HUMAN,Not Applicable,HUMAN,Failure to Yield Right-of-Way,Not Applicable,1GTPKTEAXAZ251620
2018,15238644,4 DOOR SEDAN,PASSENGER OR SUBURBAN,Going Straight Ahead,Not Entered,East,Gas,2012,NY,1,4,MAZDA,HUMAN,Not Applicable,HUMAN,Unknown,Not Applicable,JM1BL1V86C1651930
2018,15238657,4 DOOR SEDAN,PASSENGER OR SUBURBAN,Going Straight Ahead,Not Entered,East,Gas,2013,NY,1,4,KIA,HUMAN,Passing or Lane Usage Improper,ENVMT,Pavement Slippery,Not Applicable,5XXGM4A77DG235358
2018,15238667,4 DOOR SEDAN,PASSENGER OR SUBURBAN,Going Straight Ahead,Not Entered,East,Gas,2003,NY,1,6,FORD,HUMAN,Not Applicable,ENVMT,Pavement Slippery,Not Applicable,1FAFP53U33G200731
2018,15238682,2 DOOR SEDAN,PASSENGER OR SUBURBAN,Going Straight Ahead,Not Entered,North,Gas,2008,NY,2,4,HONDA,HUMAN,Not Applicable,ENVMT,Obstruction/ Debris,Not Applicable,2HGFG12848H580750
2018,15238683,4 DOOR SEDAN,PASSENGER OR SUBURBAN,Going Straight Ahead,Not Entered,South,Gas,2013,NY,2,6,INFIN,HUMAN,Not Applicable,HUMAN,Lost Consciousness,Not Entered,JN1CV6AR3DM764490
2018,15238686,SUBURBAN,PASSENGER OR SUBURBAN,Going Straight Ahead,Not Entered,East,Gas,2014,NY,1,6,JEEP,HUMAN,Not Applicable,HUMAN,Driver Inattention/Distraction*,Not Applicable,1C4PJMDS8EW182470
2018,15238687,CONVERTIBLE,PASSENGER OR SUBURBAN,Making Right Turn,Not Entered,East,Gas,2016,NY,1,12,BENTL,HUMAN,Not Applicable,HUMAN,Not Applicable,Not Applicable,SCBGU3ZA2GC050846
2018,15238688,4 DOOR SEDAN,PASSENGER OR SUBURBAN,Going Straight Ahead,Not Entered,West,Gas,2014,NY,2,4,HONDA,HUMAN,Not Applicable,HUMAN,Driver Inexperience*,Not Applicable,1HGCR2F3XEA170773
2018,15238689,SUBURBAN,PASSENGER OR SUBURBAN,Making Left Turn,Not Entered,South,Gas,2010,NY,1,6,TOYOT,HUMAN,Not Applicable,HUMAN,Not Applicable,Not Applicable,JTEBU5JR3A5010495
2018,15238698,2 DOOR SEDAN,PASSENGER OR SUBURBAN,Making Left Turn,Not Entered,North,Gas,2010,NY,3,4,HONDA,HUMAN,Not Applicable,HUMAN,Not Applicable,Not Applicable,1HGCS1B3XAA020600
2018,15238699,4 DOOR SEDAN,PASSENGER OR SUBURBAN,Going Straight Ahead,Not Entered,West,Gas,2012,NY,1,4,HYUND,HUMAN,Not Applicable,ENVMT,View Obstructed/Limited,Not Applicable,KMHDH4AE9CU467518
2018,15238710,SUBURBAN,PASSENGER OR SUBURBAN,Making Left Turn,Not Entered,Northwest,Gas,2011,NY,1,6,KIA,HUMAN,Driver Inattention/Distraction*,HUMAN,Failure to Yield Right-of-Way,Not Applicable,5XYKUDA2XBG059803
2018,15238711,PICKUP TRUCK,PASSENGER OR SUBURBAN,Going Straight Ahead,Not Entered,South,Gas,2016,NY,1,8,RAM,HUMAN,Not Applicable,HUMAN,Not Applicable,Not Applicable,1C6RR7FT5GS141353
2018,15238722,PICKUP TRUCK,PASSENGER OR SUBURBAN,Making Left Turn,Not Entered,South,Gas,2016,NY,1,8,TOYOT,HUMAN,Not Applicable,HUMAN,Unsafe Speed,Not Applicable,5TFDY5F16GX519711
2018,15238763,4 DOOR SEDAN,PASSENGER OR SUBURBAN,Going Straight Ahead,Not Entered,Southwest,Gas,2007,NY,1,4,NISSA,ENVMT,Glare,ENVMT,Pavement Slippery,Not Applicable,3N1BC13E87L395347
2018,15238779,4 DOOR SEDAN,PASSENGER OR SUBURBAN,Avoiding Object in Roadway,Not Entered,East,Gas,2007,NY,2,6,NISSA,HUMAN,Not Applicable,HUMAN,Reaction to Other Uninvolved Vehicle,Not Applicable,1N4BA41E87C862470
2018,15238780,SUBURBAN,PASSENGER OR SUBURBAN,Making Right Turn,Not Entered,North,Gas,2005,NY,1,4,PONTI,HUMAN,Not Applicable,ENVMT,Pavement Slippery,Not Applicable,5Y2SL63885Z446128
2018,15238786,4 DOOR SEDAN,PASSENGER OR SUBURBAN,Making Right Turn,Not Entered,East,Gas,2015,NY,1,4,KIA,HUMAN,Not Applicable,ENVMT,Pavement Slippery,Not Applicable,KNAGM4A73F5662959
2018,15238791,PICKUP TRUCK,SPORTS,Going Straight Ahead,Not Entered,East,Gas,2014,NY,1,6,CHEVR,HUMAN,Unsafe Speed,ENVMT,Pavement Slippery,Not Applicable,1GCVKREH1EZ183477
2018,15238796,PICKUP TRUCK,PASSENGER OR SUBURBAN,Going Straight Ahead,Not Entered,East,Gas,2008,NY,1,8,FORD,HUMAN,Unsafe Speed,ENVMT,Pavement Slippery,"Sign Post, Collision With Fixed Object",1FTPX14V68FA22101
2018,15238811,4 DOOR SEDAN,PASSENGER OR SUBURBAN,Going Straight Ahead,Not Entered,East,Gas,2010,NY,2,4,HYUND,HUMAN,Not Applicable,ENVMT,Glare,Not Applicable,KMHCN4ACXAU425844
2018,15238810,SUBURBAN,PASSENGER OR SUBURBAN,Making Left Turn,Not Entered,North,Gas,2008,NY,1,6,TOYOT,HUMAN,Not Applicable,HUMAN,Not Applicable,Not Applicable,JTEBU17R88K031306
2018,15238833,4 DOOR SEDAN,PASSENGER OR SUBURBAN,Going Straight Ahead,Not Entered,West,Gas,2017,NY,1,4,TOYOT,HUMAN,Not Applicable,HUMAN,Not Applicable,Not Applicable,2T1BURHE8HC858612
2018,15238832,4 DOOR SEDAN,PASSENGER OR SUBURBAN,Making Left Turn,Not Entered,North,Gas,2015,NY,1,4,FORD,HUMAN,Failure to Yield Right-of-Way,ENVMT,Glare,Not Applicable,3FADP4AJ5FM178302
2018,15238841,4 DOOR SEDAN,PASSENGER OR SUBURBAN,Going Straight Ahead,Not Entered,North,Gas,2015,NY,1,6,DODGE,HUMAN,Alcohol Involvement,HUMAN,Driver Inattention/Distraction*,Not Applicable,2C3CDXBG8FH790483
2018,15238846,4 DOOR SEDAN,PASSENGER OR SUBURBAN,Making Left Turn,Not Entered,Northwest,Gas,2014,NY,2,4,HONDA,HUMAN,Not Applicable,HUMAN,Not Applicable,Not Applicable,1HGCR2F53EA157252
2018,15238845,4 DOOR SEDAN,PASSENGER OR SUBURBAN,Going Straight Ahead,Not Entered,West,Gas,2009,NY,4,4,CHEVR,HUMAN,Not Applicable,HUMAN,Traffic Control Device Disregarded,Not Applicable,KL1TD56E09B337262
2018,15238869,SUBURBAN,PASSENGER OR SUBURBAN,Slowing or Stopping,Not Entered,East,Gas,2003,NY,2,8,GMC,HUMAN,Not Applicable,HUMAN,Not Applicable,Not Applicable,3GKFK16Z63G145435
2018,15238870,SUBURBAN,PASSENGER OR SUBURBAN,Making Left Turn,Not Entered,West,Gas,2016,NY,1,4,TOYOT,HUMAN,Not Applicable,HUMAN,Driver Inattention/Distraction*,Not Applicable,JTMRFREV1GJ104273
2018,15238898,VAN TRUCK,AGRICULTURAL TRUCK,Making Left Turn,Not Entered,South,Gas,2013,NY,1,8,CHEVR,HUMAN,Not Applicable,HUMAN,Not Applicable,Not Applicable,1GCWGGBA7D1179268
2018,15238895,4 DOOR SEDAN,PASSENGER OR SUBURBAN,Slowing or Stopping,Not Entered,Northwest,Gas,2011,NY,2,4,SUBAR,HUMAN,Not Applicable,HUMAN,Following Too Closely,Not Applicable,4S3BMBC63B3264131
2018,15238896,SUBURBAN,PASSENGER OR SUBURBAN,Stopped in Traffic,Not Entered,Northwest,Gas,2016,NY,3,6,FORD,HUMAN,Not Applicable,HUMAN,Not Applicable,Not Applicable,1FMZK1ZM5GKA01314
2018,15238900,SUBURBAN,PASSENGER OR SUBURBAN,Going Straight Ahead,Not Entered,West,Gas,2016,NY,1,4,KIA,HUMAN,Not Applicable,ENVMT,Pavement Slippery,Not Entered,KNDPBCAC6G7840594
2018,15238901,4 DOOR SEDAN,PASSENGER OR SUBURBAN,Changing Lanes,Not Entered,East,Gas,2002,NY,1,6,HONDA,HUMAN,Unsafe Speed,ENVMT,Pavement Slippery,Not Applicable,1HGCG16582A011960
2018,15238902,SUBURBAN,PASSENGER OR SUBURBAN,Stopped in Traffic,Not Entered,North,Gas,2012,NY,1,6,KIA,HUMAN,Not Applicable,HUMAN,Not Applicable,Not Applicable,KNDMG4C72C6440560
2018,15238907,4 DOOR SEDAN,PASSENGER OR SUBURBAN,Going Straight Ahead,Not Entered,West,Gas,2005,NY,1,6,TOYOT,HUMAN,Not Applicable,HUMAN,Not Applicable,Not Entered,4T1BF30K65U598522
2018,15238904,4 DOOR SEDAN,PASSENGER OR SUBURBAN,Going Straight Ahead,Not Entered,South,Gas,2012,NY,2,4,HONDA,HUMAN,Not Applicable,HUMAN,Not Applicable,Not Applicable,1HGCP2F39CA056122
2018,15238903,4 DOOR SEDAN,PASSENGER OR SUBURBAN,Going Straight Ahead,Not Entered,South,Gas,2008,NY,1,4,HYUND,HUMAN,Not Applicable,HUMAN,Following Too Closely,Not Applicable,KMHDU46D88U354579
2018,15238909,PICKUP TRUCK,COMMERCIAL,Making Left Turn,Not Entered,West,Gas,2006,NY,1,8,DODGE,HUMAN,Not Applicable,HUMAN,Not Applicable,Not Applicable,3D7KS29D36G176314
2018,15238908,SUBURBAN,PASSENGER OR SUBURBAN,Going Straight Ahead,Not Entered,South,Gas,2012,NY,1,4,HONDA,HUMAN,Driver Inattention/Distraction*,HUMAN,Passing or Lane Usage Improper,Not Applicable,JHLRM4H74CC010444
2018,15238910,4 DOOR SEDAN,PASSENGER OR SUBURBAN,Going Straight Ahead,Not Entered,West,Gas,2010,NY,1,4,CHEVR,HUMAN,Not Applicable,HUMAN,Traffic Control Device Disregarded,Not Applicable,1G1AB5F54A7155327
2018,15238911,SUBURBAN,PASSENGER OR SUBURBAN,Slowing or Stopping,Not Entered,North,Gas,2008,NY,1,4,SUBAR,HUMAN,Not Applicable,HUMAN,Not Applicable,Not Applicable,4S4BP60CX87351983
2018,15238915,SUBURBAN,PASSENGER OR SUBURBAN,Stopped in Traffic,Not Entered,Northeast,Gas,2015,NY,4,4,HONDA,HUMAN,Not Applicable,HUMAN,Not Applicable,Not Applicable,2HKRM4H56FH699553
2018,15238920,4 DOOR SEDAN,PASSENGER OR SUBURBAN,Going Straight Ahead,Not Entered,East,Gas,2016,NY,1,4,FORD,HUMAN,Not Applicable,HUMAN,Not Applicable,Not Applicable,1FA6P0H75G5105336
2018,15238919,4 DOOR SEDAN,PASSENGER OR SUBURBAN,Making Left Turn,Not Entered,North,Gas,2011,NY,1,4,TOYOT,HUMAN,Not Applicable,HUMAN,Failure to Yield Right-of-Way,Not Applicable,JTDKN3DU1B1429914
2018,15238917,4 DOOR SEDAN,PASSENGER OR SUBURBAN,Going Straight Ahead,Not Entered,South,Gas,2011,NY,2,4,TOYOT,HUMAN,Not Applicable,HUMAN,Not Applicable,Not Applicable,4T1BF3EK7BU582799
2018,15238916,4 DOOR SEDAN,PASSENGER OR SUBURBAN,Making Left Turn,Not Entered,East,Gas,2012,NY,2,4,CHEVR,HUMAN,Failure to Yield Right-of-Way,HUMAN,Reaction to Other Uninvolved Vehicle,Not Applicable,1G1PF5SC5C7192389
2018,15238924,4 DOOR SEDAN,PASSENGER OR SUBURBAN,Going Straight Ahead,Not Entered,North,Gas,2008,NY,1,4,HONDA,HUMAN,Not Applicable,HUMAN,Not Applicable,Not Applicable,1HGCP26408A049866
2018,15238923,SUBURBAN,PASSENGER OR SUBURBAN,Going Straight Ahead,Not Entered,South,Gas,2005,NY,1,6,GMC,HUMAN,Not Applicable,HUMAN,Driver Inattention/Distraction*,Not Applicable,1GKDT13S752137335
2018,15238926,PICKUP TRUCK,PASSENGER OR SUBURBAN,Going Straight Ahead,Not Entered,East,Gas,2016,NY,1,6,NISSA,HUMAN,Not Applicable,ENVMT,Animal's Action,Not Entered,1N6AD0EV8GN746266
2018,15238927,4 DOOR SEDAN,PASSENGER OR SUBURBAN,Going Straight Ahead,Not Entered,North,Gas,2007,NY,1,4,MITSU,HUMAN,Not Applicable,HUMAN,Passing or Lane Usage Improper,Not Applicable,4A3AB36FX7E035537
2018,15238930,SUBURBAN,PASSENGER OR SUBURBAN,Stopped in Traffic,Not Entered,North,Gas,2017,NY,1,4,LA/RO,HUMAN,Not Applicable,HUMAN,Not Applicable,Not Applicable,SALCP2BG6HH691460
2018,15238929,4 DOOR SEDAN,PASSENGER OR SUBURBAN,Going Straight Ahead,Not Entered,North,Gas,2011,NY,1,4,HYUND,HUMAN,Not Applicable,HUMAN,Following Too Closely,Not Applicable,KMHDH4AE5BU125045
2018,15238933,4 DOOR SEDAN,PASSENGER OR SUBURBAN,Stopped in Traffic,Not Entered,South,Gas,2015,NY,1,4,KIA,HUMAN,Not Applicable,HUMAN,Not Applicable,Not Applicable,KNAFX4A61F5415319
2018,15238932,4 DOOR SEDAN,PASSENGER OR SUBURBAN,Going Straight Ahead,Not Entered,South,Gas,2014,NY,1,4,CHEVR,HUMAN,Not Applicable,HUMAN,Following Too Closely,Not Applicable,1G1PC5SBXE7154689
2018,17041639,4 DOOR SEDAN,PASSENGER OR SUBURBAN,Going Straight Ahead,Not Entered,East,Gas,2010,NY,1,4,SUBAR,HUMAN,Driver Inattention/Distraction*,HUMAN,Driver Inexperience*,Not Entered,4S3BMBG63A3227282
2018,17041640,SUBURBAN,PASSENGER OR SUBURBAN,Making Right Turn,Not Entered,Southeast,Gas,2014,NY,1,4,SUBAR,HUMAN,Driver Inattention/Distraction*,HUMAN,Driver Inexperience*,Not Entered,JF2GPACC3E9254263
2018,15238943,4 DOOR SEDAN,PASSENGER OR SUBURBAN,Making Right Turn,Not Entered,East,Gas,2014,NY,1,4,CHEVR,HUMAN,Not Applicable,VEHICLE,Other*,Not Applicable,1G1PC5SB2E7360587
2018,15238951,4 DOOR SEDAN,PASSENGER OR SUBURBAN,Stopped in Traffic,Not Entered,West,Gas,2016,NY,1,4,HYUND,HUMAN,Not Applicable,HUMAN,Not Applicable,Not Applicable,5NPDH4AE9GH716419
2018,15238950,PICKUP TRUCK,PASSENGER OR SUBURBAN,Slowing or Stopping,Not Entered,West,Gas,2011,NY,1,8,GMC,HUMAN,Following Too Closely,ENVMT,Pavement Slippery,Not Applicable,3GTP2UEA0BG188423
2018,15238955,SUBURBAN,PASSENGER OR SUBURBAN,Going Straight Ahead,Not Entered,Northeast,Electric,2017,NY,1,0,KIA,HUMAN,Not Applicable,HUMAN,Following Too Closely,Not Applicable,KNDJX3AE2H7020510
2018,15238956,SUBURBAN,POLITICAL SUBDIVISION,Stopped in Traffic,Not Entered,Northeast,Gas,2015,NY,1,4,FORD,HUMAN,Not Applicable,HUMAN,Not Applicable,Not Applicable,1FMCU9GX5FUC65678
2018,15238954,SUBURBAN,PASSENGER OR SUBURBAN,Going Straight Ahead,Not Entered,North,Gas,2010,NY,1,4,HONDA,HUMAN,Not Applicable,ENVMT,Animal's Action,Not Entered,JHLRE3H78AC010564
2018,15238958,SUBURBAN,PASSENGER OR SUBURBAN,Stopped in Traffic,Not Entered,South,Gas,2008,NY,1,6,FORD,HUMAN,Not Applicable,HUMAN,Not Applicable,Not Applicable,2FMDK48C68BA37237
2018,15238974,4 DOOR SEDAN,PASSENGER OR SUBURBAN,Going Straight Ahead,Not Entered,North,Gas,2015,NY,1,4,HONDA,HUMAN,Not Applicable,ENVMT,Animal's Action,Not Applicable,2HGFB2F59FH562889
2018,15238989,4 DOOR SEDAN,PASSENGER OR SUBURBAN,Slowing or Stopping,Not Entered,East,Gas,2015,NY,1,4,BMW,HUMAN,Not Applicable,HUMAN,Not Applicable,Not Applicable,WBA8Z5C51FGS36361