Year,Case Vehicle ID,Vehicle Body Type,Registration Class,Action Prior to Accident,Type / Axles of Truck or Bus,Direction of Travel,Fuel Type,Vehicle Year,State of Registration,Number of Occupants,Engine Cylinders,Vehicle Make,Contributing Factor 1,Contributing Factor 1 Description,Contributing Factor 2,Contributing Factor 2 Description,Event Type,Partial VIN
2018,15238988,PICKUP TRUCK,PASSENGER OR SUBURBAN,Going Straight Ahead,Not Entered,East,Gas,2011,NY,1,8,CHEVR,HUMAN,Not Applicable,HUMAN,Following Too Closely,Not Applicable,1GCRKSE08BZ395503
2018,15238996,SUBURBAN,PASSENGER OR SUBURBAN,Making Left Turn,Not Entered,Northeast,Gas,2014,NY,1,4,KIA,HUMAN,Not Applicable,HUMAN,Failure to Yield Right-of-Way,Not Applicable,KNDJN2A20E7001858
2018,15238997,4 DOOR SEDAN,PASSENGER OR SUBURBAN,Going Straight Ahead,Not Entered,Southwest,Gas,2007,NY,1,4,HYUND,HUMAN,Not Applicable,HUMAN,Not Applicable,Not Applicable,KMHDU46D57U175740
2018,15238998,4 DOOR SEDAN,PASSENGER OR SUBURBAN,Going Straight Ahead,Not Entered,North,Gas,2014,NY,1,4,FORD,HUMAN,Not Applicable,HUMAN,Following Too Closely,Not Applicable,3FA6P0RU5ER250701
2018,15238999,4 DOOR SEDAN,PASSENGER OR SUBURBAN,Slowing or Stopping,Not Entered,North,Gas,2016,NY,1,4,FORD,HUMAN,Not Applicable,HUMAN,Not Applicable,Not Applicable,3FA6P0HD7GR221074
2018,15239002,4 DOOR SEDAN,PASSENGER OR SUBURBAN,Going Straight Ahead,Not Entered,West,Gas,2015,NY,1,4,HONDA,HUMAN,Not Applicable,HUMAN,Failure to Yield Right-of-Way,Not Entered,19XFB2F59FE706810
2018,15239003,4 DOOR SEDAN,PASSENGER OR SUBURBAN,Going Straight Ahead,Not Entered,Southwest,Gas,2005,NY,1,4,TOYOT,HUMAN,Not Applicable,HUMAN,Not Applicable,Not Entered,2T1BR32E15C402552
2018,15239067,PICKUP TRUCK,COMMERCIAL,Going Straight Ahead,Not Entered,West,Diesel,2017,NY,2,8,FORD,HUMAN,Not Applicable,ENVMT,Animal's Action,Not Applicable,1FT8W3DT9HED38955
2018,15239070,4 DOOR SEDAN,PASSENGER OR SUBURBAN,Making Right Turn,Not Entered,North,Gas,1998,NY,1,6,CHEVR,HUMAN,Unsafe Speed,ENVMT,Pavement Slippery,Not Applicable,2G1WL52M3W9237796
2018,15239094,SUBURBAN,PASSENGER OR SUBURBAN,Going Straight Ahead,Not Entered,West,Gas,2016,NY,1,4,FORD,HUMAN,Not Applicable,HUMAN,Not Applicable,Not Applicable,1FMCU9JX9GUA89454
2018,15239093,PICKUP TRUCK,PASSENGER OR SUBURBAN,Backing,Not Entered,South,Gas,2007,NY,1,6,HONDA,HUMAN,Backing Unsafely,ENVMT,View Obstructed/Limited,Not Applicable,2HJYK16477H531114
2018,15239101,SUBURBAN,PASSENGER OR SUBURBAN,Making Left Turn,Not Entered,Northwest,Gas,2013,NY,1,8,INFIN,HUMAN,Driver Inattention/Distraction*,HUMAN,Failure to Yield Right-of-Way,"Pedestrian, Collision With",JN8AZ2NE4D9042476
2018,15239100,4 DOOR SEDAN,PASSENGER OR SUBURBAN,Slowing or Stopping,Not Entered,West,Gas,2014,NY,1,4,CHEVR,HUMAN,Not Applicable,HUMAN,Following Too Closely,Not Applicable,1G1PE5SB6E7337002
2018,15239099,4 DOOR SEDAN,PASSENGER OR SUBURBAN,Slowing or Stopping,Not Entered,West,Gas,1993,NY,3,8,BUICK,HUMAN,Not Applicable,HUMAN,Not Applicable,Not Applicable,1G4BT5373PR400707
2018,15239114,2 DOOR SEDAN,PASSENGER OR SUBURBAN,Stopped in Traffic,Not Entered,East,Gas,2008,NY,1,4,NISSA,HUMAN,Not Applicable,HUMAN,Not Applicable,Not Applicable,1N4AL24E28C112702
2018,15239115,4 DOOR SEDAN,PASSENGER OR SUBURBAN,Backing,Not Entered,North,Gas,2009,NY,1,4,ACURA,HUMAN,Not Applicable,HUMAN,Driver Inattention/Distraction*,Not Applicable,JH4CU26629C014551
2018,15239137,VAN TRUCK,AGRICULTURAL TRUCK,Going Straight Ahead,Not Entered,East,Gas,2017,NY,1,4,FORD,HUMAN,Not Applicable,HUMAN,Driver Inattention/Distraction*,Not Applicable,NM0LS6E78H1336675
2018,15239136,SUBURBAN,PASSENGER OR SUBURBAN,Parked,Not Entered,East,Gas,2001,NY,0,6,JEEP,HUMAN,Not Applicable,HUMAN,Not Applicable,Not Applicable,1J4FF48SX1L610519
2018,15239173,4 DOOR SEDAN,PASSENGER OR SUBURBAN,Going Straight Ahead,Not Entered,West,Gas,2002,NY,1,4,NISSA,HUMAN,Not Applicable,HUMAN,Unsafe Speed,Not Applicable,1N4AL11D12C265892
2018,15239178,PICKUP TRUCK,PASSENGER OR SUBURBAN,Stopped in Traffic,Not Entered,Southeast,Gas,2012,NY,1,6,NISSA,HUMAN,Not Applicable,HUMAN,Not Applicable,Not Applicable,1N6AD0FVXCC467535
2018,15239179,4 DOOR SEDAN,PASSENGER OR SUBURBAN,Going Straight Ahead,Not Entered,Southeast,Gas,2005,NY,1,4,MAZDA,HUMAN,Not Applicable,ENVMT,Glare,Not Applicable,JM1BK32F951321509
2018,15239186,SUBURBAN,PASSENGER OR SUBURBAN,Parked,Not Entered,East,Gas,2016,NY,0,4,LA/RO,HUMAN,Not Applicable,HUMAN,Not Applicable,Not Applicable,SALVR2BG6GH085903
2018,15239185,SUBURBAN,PASSENGER OR SUBURBAN,Making Right Turn,Not Entered,South,Gas,1998,NY,1,4,SATUR,HUMAN,Not Applicable,HUMAN,Turning Improperly,Not Applicable,1G8ZG8280WZ133280
2018,15239198,SUBURBAN,PASSENGER OR SUBURBAN,Stopped in Traffic,Not Entered,Northwest,Gas,2018,NY,2,6,CADIL,HUMAN,Not Applicable,HUMAN,Not Applicable,Not Applicable,1GYKNDRS8JZ128631
2018,15239197,4 DOOR SEDAN,PASSENGER OR SUBURBAN,Slowing or Stopping,Not Entered,Northwest,Gas,1998,NY,1,6,LEXUS,HUMAN,Not Applicable,HUMAN,Driver Inattention/Distraction*,Not Applicable,JT8BF28G3W5018362
2018,15239200,TRACTOR,INTERNATIONAL REGISTRATION,Making Right Turn,Not Entered,South,Diesel,2009,NY,1,6,VOLVO,HUMAN,Not Applicable,HUMAN,Driver Inattention/Distraction*,Not Applicable,4V4NC9TK19N272401
2018,15239199,SUBURBAN,PASSENGER OR SUBURBAN,Going Straight Ahead,Not Entered,East,Gas,2009,NY,1,6,DODGE,HUMAN,Not Applicable,HUMAN,Driver Inattention/Distraction*,Not Applicable,2D8HN54179R591694
2018,15239210,SUBURBAN,PASSENGER OR SUBURBAN,Going Straight Ahead,Not Entered,East,Gas,2009,NY,2,6,JEEP,HUMAN,Not Applicable,HUMAN,Following Too Closely,Not Applicable,1J8GR48K29C553836
2018,15239209,SUBURBAN,PASSENGER OR SUBURBAN,Making Right Turn,Not Entered,East,Gas,2008,NY,2,4,TOYOT,HUMAN,Not Applicable,HUMAN,Not Applicable,Not Applicable,JTMBD31V586077836
2018,15239212,SUBURBAN,PASSENGER OR SUBURBAN,Making Left Turn,Not Entered,Northeast,Gas,2016,NY,1,6,HONDA,HUMAN,Not Applicable,HUMAN,Not Applicable,Not Applicable,5FNYF6H70GB043609
2018,15239213,SUBURBAN,PASSENGER OR SUBURBAN,Making Right Turn,Not Entered,Northwest,Gas,2015,NY,1,4,FORD,HUMAN,Not Applicable,HUMAN,Turning Improperly,Not Applicable,1FMCU9J96FUC53467
2018,15239217,2 DOOR SEDAN,SPECIAL PASSENGER,Going Straight Ahead,Not Entered,West,Gas,2013,NY,1,4,HONDA,HUMAN,Not Applicable,HUMAN,Traffic Control Device Disregarded,Not Applicable,1HGCT1B87DA013603
2018,15239216,4 DOOR SEDAN,PASSENGER OR SUBURBAN,Going Straight Ahead,Not Entered,North,Flex,2003,NY,1,6,JEEP,HUMAN,Not Applicable,HUMAN,Not Applicable,Not Applicable,1J4GL48K33W535175
2018,15239215,4 DOOR SEDAN,PASSENGER OR SUBURBAN,Slowing or Stopping,Not Entered,South,Gas,2008,NY,1,4,TOYOT,HUMAN,Not Applicable,HUMAN,Driver Inattention/Distraction*,Not Entered,JTDBT923484024026
2018,15239214,SUBURBAN,PASSENGER OR SUBURBAN,Stopped in Traffic,Not Entered,South,Gas,2008,NY,1,6,FORD,HUMAN,Not Applicable,HUMAN,Not Applicable,Not Entered,2FMDK48C08BA01382
2018,15239221,TOW TRUCK,TOW TRUCK,Parked,Not Entered,West,Diesel,2015,NY,0,6,FORD,HUMAN,Not Applicable,HUMAN,Not Applicable,Not Applicable,3FRNF6FC2FV716586
2018,15239220,4 DOOR SEDAN,PASSENGER OR SUBURBAN,Backing,Not Entered,South,Gas,2009,NY,2,6,FORD,HUMAN,Backing Unsafely,HUMAN,Driver Inattention/Distraction*,Not Applicable,1FAHP23W29G106129
2018,15239222,PICKUP TRUCK,PASSENGER OR SUBURBAN,Going Straight Ahead,Not Entered,West,Gas,2015,NY,1,8,RAM,HUMAN,Not Applicable,HUMAN,Not Applicable,Not Applicable,3C6RR7LT9FG597723
2018,15239223,4 DOOR SEDAN,PASSENGER OR SUBURBAN,Making Right Turn,Not Entered,North,Gas,2006,NY,2,6,BUICK,HUMAN,Failure to Yield Right-of-Way,HUMAN,Passing or Lane Usage Improper,Not Applicable,2G4WD582061217381
2018,15239253,SUBURBAN,PASSENGER OR SUBURBAN,Stopped in Traffic,Not Entered,West,Gas,2004,NY,1,6,JEEP,HUMAN,Not Applicable,HUMAN,Not Applicable,Not Applicable,1J4GW48S74C352663
2018,15239252,4 DOOR SEDAN,PASSENGER OR SUBURBAN,Going Straight Ahead,Not Entered,West,Gas,2013,NY,2,4,TOYOT,HUMAN,Not Applicable,HUMAN,Driver Inattention/Distraction*,Not Applicable,JTLZE4FE3DJ032707
2018,15239255,4 DOOR SEDAN,PASSENGER OR SUBURBAN,Making Left Turn,Not Entered,South,Gas,2010,NY,1,4,HONDA,HUMAN,Not Applicable,HUMAN,Failure to Yield Right-of-Way,Not Applicable,1HGCP2F3XAA087330
2018,15239254,PICKUP TRUCK,COMMERCIAL,Going Straight Ahead,Not Entered,North,Diesel,2006,NY,2,8,FORD,HUMAN,Not Applicable,HUMAN,Not Applicable,Not Applicable,1FTWW31P66EC68942
2018,15239262,4 DOOR SEDAN,PASSENGER OR SUBURBAN,Going Straight Ahead,Not Entered,North,Gas,2008,NY,1,6,HONDA,HUMAN,Not Applicable,HUMAN,Not Applicable,Not Applicable,1HGCP36848A070440
2018,15239263,CONVERTIBLE,PASSENGER OR SUBURBAN,Making Left Turn,Not Entered,Southeast,Gas,2003,NY,1,6,FORD,HUMAN,Not Applicable,HUMAN,Turning Improperly,Not Applicable,1FAFP44463F411887
2018,15239288,4 DOOR SEDAN,PASSENGER OR SUBURBAN,Making Left Turn,Not Entered,Southwest,Gas,2011,NY,1,4,TOYOT,HUMAN,Unknown,HUMAN,Failure to Yield Right-of-Way,Not Applicable,4T1BF3EK0BU147669
2018,15239287,SUBURBAN,PASSENGER OR SUBURBAN,Going Straight Ahead,Not Entered,North,Gas,2001,NY,1,4,HONDA,HUMAN,Not Applicable,HUMAN,Not Applicable,Not Applicable,JHLRD18461S026104
2018,15239292,SUBURBAN,PASSENGER OR SUBURBAN,Going Straight Ahead,Not Entered,North,Gas,2006,NY,1,6,TOYOT,HUMAN,Following Too Closely,HUMAN,Unsafe Speed,Not Applicable,JTEBU14R168053419
2018,15239291,SUBURBAN,PASSENGER OR SUBURBAN,Stopped in Traffic,Not Entered,North,Gas,2016,NY,1,6,ACURA,HUMAN,Not Applicable,HUMAN,Not Applicable,Not Applicable,5FRYD4H4XGB016982
2018,15239294,SUBURBAN,PASSENGER OR SUBURBAN,Making Left Turn,Not Entered,Southwest,Gas,2006,NY,1,6,TOYOT,HUMAN,Not Applicable,HUMAN,Failure to Yield Right-of-Way,Not Applicable,5TDBA23C06S074046
2018,15239293,4 DOOR SEDAN,PASSENGER OR SUBURBAN,Going Straight Ahead,Not Entered,West,Gas,2003,NY,2,4,HYUND,HUMAN,Not Applicable,HUMAN,Not Applicable,Not Applicable,KMHDN45DX3U607831
2018,15239295,SUBURBAN,PASSENGER OR SUBURBAN,Going Straight Ahead,Not Entered,West,Gas,2007,NY,1,6,HONDA,HUMAN,Not Applicable,HUMAN,Not Applicable,Not Applicable,2HKYF18507H538461
2018,15239296,TANK TRUCK,AGRICULTURAL TRUCK,Making Left Turn,Not Entered,Northeast,Diesel,2006,NY,1,6,FREIG,HUMAN,Not Applicable,HUMAN,Failure to Yield Right-of-Way,Not Applicable,1FVACXCS36HW21541
2018,15239297,SUBURBAN,SPECIAL PASSENGER,Stopped in Traffic,Not Entered,East,Gas,2013,NY,1,4,BMW,HUMAN,Not Applicable,HUMAN,Not Applicable,Not Applicable,5UXWX9C55D0A24982
2018,15239298,SUBURBAN,OMNIBUS - TAXI,Slowing or Stopping,Not Entered,East,Gas,2014,NY,1,6,LINCO,HUMAN,Driver Inattention/Distraction*,HUMAN,Following Too Closely,Not Applicable,2LMHJ5NK4EBL57744
2018,15239300,BUS (OMNIBUS),POLITICAL SUBDIVISION,Starting from Parking,Not Entered,East,Gas,2017,NY,1,8,ARBOC,HUMAN,Driver Inattention/Distraction*,ENVMT,Glare,Not Applicable,1HA6GUBG1HN001126
2018,15239299,4 DOOR SEDAN,PASSENGER OR SUBURBAN,Going Straight Ahead,Not Entered,East,Gas,1999,NY,1,4,FORD,HUMAN,Not Applicable,HUMAN,Not Applicable,Not Applicable,1FAFP10P3XW227639
2018,15239301,2 DOOR SEDAN,PASSENGER OR SUBURBAN,Stopped in Traffic,Not Entered,West,Gas,2008,NY,1,4,HONDA,HUMAN,Not Applicable,HUMAN,Not Applicable,Not Applicable,2HGFG12698H574179
2018,15239302,4 DOOR SEDAN,PASSENGER OR SUBURBAN,Slowing or Stopping,Not Entered,West,Gas,2016,NY,1,4,TOYOT,HUMAN,Not Applicable,HUMAN,Following Too Closely,Not Applicable,2T1BURHE0GC520295
2018,15239308,4 DOOR SEDAN,PASSENGER OR SUBURBAN,Going Straight Ahead,Not Entered,West,Gas,2010,NY,1,4,HYUND,HUMAN,Not Applicable,HUMAN,Not Applicable,Not Applicable,KMHDU4AD2AU042982
2018,15239307,4 DOOR SEDAN,PASSENGER OR SUBURBAN,Going Straight Ahead,Not Entered,South,Gas,2014,NY,1,4,NISSA,HUMAN,Unknown,HUMAN,Traffic Control Device Disregarded,Not Applicable,1N4AL3APXEC190409
2018,15239314,SUBURBAN,PASSENGER OR SUBURBAN,Going Straight Ahead,Not Entered,North,Gas,2015,NY,1,6,JEEP,HUMAN,Not Applicable,HUMAN,Not Applicable,Not Applicable,1C4RJFBG9FC698729
2018,15239313,SUBURBAN,PASSENGER OR SUBURBAN,Going Straight Ahead,Not Entered,South,Gas,2012,NY,1,4,NISSA,HUMAN,Unsafe Speed,HUMAN,Unsafe Lane Changing,Not Applicable,JN8AS5MV5CW352630
2018,15239315,4 DOOR SEDAN,PASSENGER OR SUBURBAN,Going Straight Ahead,Not Entered,South,Gas,2014,NY,1,4,CHEVR,HUMAN,Following Too Closely,ENVMT,Pavement Slippery,Not Applicable,1G1PC5SBXE7290532
2018,15239316,4 DOOR SEDAN,PASSENGER OR SUBURBAN,Stopped in Traffic,Not Entered,South,Gas,2015,NY,1,4,CHEVR,HUMAN,Not Applicable,HUMAN,Not Applicable,Not Applicable,1G1PC5SB7F7143263
2018,15239318,SUBURBAN,PASSENGER OR SUBURBAN,Going Straight Ahead,Not Entered,West,Gas,2014,NY,1,4,TOYOT,HUMAN,Not Applicable,HUMAN,Not Applicable,Not Applicable,JTMBFREV4ED068933
2018,15239317,4 DOOR SEDAN,PASSENGER OR SUBURBAN,Making U Turn,Not Entered,West,Gas,2017,NY,1,4,HYUND,HUMAN,Failure to Yield Right-of-Way,HUMAN,Turning Improperly,Not Applicable,5NPD84LF5HH000303
2018,15239319,SUBURBAN,PASSENGER OR SUBURBAN,Going Straight Ahead,Not Entered,North,Gas,2003,NY,1,6,GMC,HUMAN,Driver Inexperience*,ENVMT,Pavement Slippery,"Tree, Collision With Fixed Object",1GKDT13S732357006
2018,15239333,4 DOOR SEDAN,PASSENGER OR SUBURBAN,Changing Lanes,Not Entered,West,Gas,2005,NY,1,6,DODGE,HUMAN,Unsafe Lane Changing,ENVMT,Pavement Slippery,Not Applicable,1B3EL46R65N707142
2018,15239337,UTILITY,COMMERCIAL,Going Straight Ahead,Not Entered,North,Diesel,2009,NY,1,6,GMC,HUMAN,Not Applicable,HUMAN,Not Applicable,Not Applicable,1GDM8C1B29F411286
2018,15239336,4 DOOR SEDAN,PASSENGER OR SUBURBAN,Parked,Not Entered,North,Gas,2013,NY,1,4,TOYOT,HUMAN,Not Applicable,HUMAN,Driver Inattention/Distraction*,Not Applicable,2T1BU4EE6DC993542
2018,15239338,4 DOOR SEDAN,PASSENGER OR SUBURBAN,Backing,Not Entered,South,Gas,2002,NY,1,4,TOYOT,HUMAN,Driver Inattention/Distraction*,ENVMT,View Obstructed/Limited,Not Applicable,JT2BK18U020069184
2018,15239339,4 DOOR SEDAN,PASSENGER OR SUBURBAN,Going Straight Ahead,Not Entered,East,Gas,2015,NY,1,4,TOYOT,HUMAN,Not Applicable,ENVMT,Pavement Slippery,Not Applicable,2T1BURHE4FC449438
2018,15239345,SUBURBAN,PASSENGER OR SUBURBAN,Slowing or Stopping,Not Entered,West,Gas,2016,NY,1,4,NISSA,HUMAN,Following Too Closely,ENVMT,Pavement Slippery,Not Applicable,5N1AT2MV1GC798106
2018,15239351,SUBURBAN,PASSENGER OR SUBURBAN,Going Straight Ahead,Not Entered,West,Gas,2015,NY,1,6,DODGE,HUMAN,Traffic Control Device Disregarded,ENVMT,Pavement Slippery,Not Applicable,3C4PDDBG9FT725614
2018,15239350,SUBURBAN,PASSENGER OR SUBURBAN,Going Straight Ahead,Not Entered,South,Gas,2015,NY,1,6,LEXUS,HUMAN,Not Applicable,HUMAN,Not Applicable,Not Applicable,2T2BK1BA5FC279261
2018,15239354,SUBURBAN,PASSENGER OR SUBURBAN,Slowing or Stopping,Not Entered,South,Gas,2008,NY,1,4,SUBAR,HUMAN,Driver Inattention/Distraction*,HUMAN,Following Too Closely,Not Applicable,JF1GH63608H813867
2018,15239355,PICKUP TRUCK,COMMERCIAL,Making Left Turn,Not Entered,South,Gas,2017,NY,1,8,RAM,HUMAN,Not Applicable,HUMAN,Not Applicable,"Snow Embankment, Collision With Fixed Object",1C6RR7FT3HS733397
2018,15239356,SUBURBAN,PASSENGER OR SUBURBAN,Going Straight Ahead,Not Entered,North,Gas,2015,NY,1,4,VOLKS,HUMAN,Unsafe Speed,ENVMT,Pavement Slippery,Not Applicable,WVGBV7AX3FW510715
2018,15239381,SUBURBAN,PASSENGER OR SUBURBAN,Going Straight Ahead,Not Entered,North,Gas,2011,NY,1,4,TOYOT,ENVMT,Lane Marking Improper/Inadequate,ENVMT,Pavement Slippery,Not Applicable,2T3BF4DV0BW095212
2018,15239380,SUBURBAN,PASSENGER OR SUBURBAN,Going Straight Ahead,Not Entered,West,Gas,2015,NY,1,6,JEEP,ENVMT,Lane Marking Improper/Inadequate,ENVMT,Pavement Slippery,Not Applicable,1C4AJWBGXFL594201
2018,15239390,SUBURBAN,PASSENGER OR SUBURBAN,Backing,Not Entered,Southeast,Gas,2007,NY,1,4,CHEVR,HUMAN,Not Applicable,HUMAN,Backing Unsafely,Not Applicable,3GNDA13D27S637680
2018,15239391,4 DOOR SEDAN,PASSENGER OR SUBURBAN,Slowing or Stopping,Not Entered,West,Gas,2010,NY,2,6,BUICK,HUMAN,Not Applicable,HUMAN,Not Applicable,Not Applicable,1G4GC5EG0AF316646
2018,15239392,4 DOOR SEDAN,PASSENGER OR SUBURBAN,Going Straight Ahead,Not Entered,West,Gas,2011,NY,1,4,NISSA,HUMAN,Not Applicable,HUMAN,Unsafe Speed,Not Applicable,3N1BC1CP4BL417063
2018,15239393,4 DOOR SEDAN,PASSENGER OR SUBURBAN,Going Straight Ahead,Not Entered,East,Gas,2004,NY,3,4,CHEVR,HUMAN,Unsafe Speed,ENVMT,Pavement Slippery,Not Applicable,1G1JC52F647307351
2018,15239396,4 DOOR SEDAN,PASSENGER OR SUBURBAN,Slowing or Stopping,Not Entered,East,Gas,2016,NY,1,4,KIA,HUMAN,Not Applicable,HUMAN,Unsafe Speed,Not Applicable,5XXGT4L36GG003609
2018,15239400,4 DOOR SEDAN,PASSENGER OR SUBURBAN,Going Straight Ahead,Not Entered,South,Gas,2017,NY,1,6,NISSA,HUMAN,Following Too Closely,HUMAN,Unsafe Speed,Not Applicable,1N4AA6AP5HC421843
2018,15239398,4 DOOR SEDAN,PASSENGER OR SUBURBAN,Going Straight Ahead,Not Entered,East,Gas,2016,NY,1,4,CHEVR,HUMAN,Not Applicable,HUMAN,Unsafe Speed,Not Applicable,1G1BE5SM3G7261219
2018,15239399,2 DOOR SEDAN,PASSENGER OR SUBURBAN,Slowing or Stopping,Not Entered,East,Gas,2004,NY,1,4,VOLKS,HUMAN,Not Applicable,HUMAN,Not Applicable,Not Applicable,9BWDE61J844030686
2018,15239397,4 DOOR SEDAN,PASSENGER OR SUBURBAN,Going Straight Ahead,Not Entered,West,Gas,2003,NY,1,6,PONTI,HUMAN,Not Applicable,ENVMT,Pavement Slippery,Not Applicable,1G2NW52E13C314449
2018,15239401,SUBURBAN,PASSENGER OR SUBURBAN,Not Applicable,Not Entered,South,Gas,2016,NY,1,6,TOYOT,HUMAN,Not Applicable,HUMAN,Unknown,Not Entered,5TDJKRFH5GS289321
2018,15239404,SUBURBAN,PASSENGER OR SUBURBAN,Making Left Turn,Not Entered,Northeast,Gas,2014,NY,1,4,MAZDA,HUMAN,Failure to Yield Right-of-Way,ENVMT,Pavement Slippery,Not Applicable,JM3KE4DY3E0372691
2018,15239405,4 DOOR SEDAN,PASSENGER OR SUBURBAN,Going Straight Ahead,Not Entered,West,Gas,2015,NY,1,4,SUBAR,HUMAN,Not Applicable,HUMAN,Not Applicable,Not Applicable,JF1GJAC62FH011695
2018,15239402,PICKUP TRUCK,AGRICULTURAL TRUCK,Going Straight Ahead,Not Entered,East,Gas,2000,NY,1,8,FORD,HUMAN,Not Applicable,HUMAN,Failure to Yield Right-of-Way,Not Applicable,1FTNX21L8YED49542
2018,15239403,4 DOOR SEDAN,PASSENGER OR SUBURBAN,Going Straight Ahead,Not Entered,North,Gas,2017,NY,1,4,TOYOT,HUMAN,Not Applicable,HUMAN,Not Applicable,Not Applicable,4T1BF1FKXHU678163
2018,15239408,SUBURBAN,PASSENGER OR SUBURBAN,Going Straight Ahead,Not Entered,South,Gas,2015,NY,1,6,JEEP,HUMAN,Unsafe Speed,ENVMT,Pavement Slippery,Not Applicable,1C4RJFBG2FC767857
2018,15239409,SUBURBAN,PASSENGER OR SUBURBAN,Going Straight Ahead,Not Entered,West,Gas,2011,NY,2,6,KIA,HUMAN,Driver Inattention/Distraction*,HUMAN,Passing or Lane Usage Improper,"Sign Post, Collision With Fixed Object",5XYKTDA20BG062678
2018,15239410,SUBURBAN,PASSENGER OR SUBURBAN,Going Straight Ahead,Not Entered,South,Gas,2015,NY,1,4,GMC,HUMAN,Unsafe Speed,ENVMT,Pavement Slippery,Not Applicable,2GKFLXEK8F6238865
2018,15239422,4 DOOR SEDAN,PASSENGER OR SUBURBAN,Going Straight Ahead,Not Entered,Southwest,Gas,2015,NY,1,4,HONDA,HUMAN,Driver Inattention/Distraction*,HUMAN,Unsafe Speed,"Other Motor Vehicle, Collision With",19XFB2F56FE231469
2018,15239424,SUBURBAN,PASSENGER OR SUBURBAN,Parked,Not Entered,Southeast,Gas,2003,NY,0,8,FORD,HUMAN,Not Applicable,HUMAN,Not Applicable,Not Applicable,1FMRE11W83HB44656
2018,15239427,4 DOOR SEDAN,PASSENGER OR SUBURBAN,Going Straight Ahead,Not Entered,South,Gas,2018,NY,3,4,ME/BE,HUMAN,Not Applicable,HUMAN,Not Applicable,Not Applicable,WDDZF4KB5JA378666
2018,15239466,PICKUP TRUCK,COMMERCIAL,Going Straight Ahead,Not Entered,East,Gas,2010,NY,1,6,FORD,HUMAN,Not Applicable,HUMAN,Alcohol Involvement,"Light Support/Utility Pole, Collision With Fixed Object",1FTLR4FE7APA55969
2018,15239472,4 DOOR SEDAN,PASSENGER OR SUBURBAN,Making Right Turn,Not Entered,South,Gas,2014,NY,1,4,CHEVR,HUMAN,Not Applicable,HUMAN,Not Applicable,Not Applicable,1G11C5SL1EF117485
2018,15239471,DUMP,COMMERCIAL,Making Right Turn,Not Entered,South,Diesel,1997,NY,1,6,VOLVO,HUMAN,Not Applicable,HUMAN,Passing or Lane Usage Improper,Not Applicable,4VHSCARF5VR517667
2018,15239483,CONVERTIBLE,PASSENGER OR SUBURBAN,Making Left Turn,Not Entered,Northeast,Gas,2003,NY,1,8,FORD,HUMAN,Failure to Yield Right-of-Way,ENVMT,Pavement Slippery,Not Applicable,1FAFP49Y33F345553
2018,15239484,2 DOOR SEDAN,PASSENGER OR SUBURBAN,Going Straight Ahead,Not Entered,South,Gas,2003,NY,1,8,ME/BE,HUMAN,Not Applicable,HUMAN,Not Applicable,Not Applicable,WDBTJ75J23F060169
2018,15239491,4 DOOR SEDAN,PASSENGER OR SUBURBAN,Going Straight Ahead,Not Entered,North,Gas,2015,NY,1,4,CHEVR,HUMAN,Following Too Closely,ENVMT,Pavement Slippery,Not Applicable,1G1JC6SH9F4181885
2018,15239492,VAN TRUCK,AGRICULTURAL TRUCK,Slowing or Stopping,Not Entered,North,Gas,2010,NY,1,8,CHEVR,HUMAN,Not Applicable,HUMAN,Not Applicable,Not Applicable,1GCZGFDA2A1156884
2018,15239495,4 DOOR SEDAN,PASSENGER OR SUBURBAN,Going Straight Ahead,Not Entered,East,Gas,2005,NY,2,6,CHEVR,HUMAN,Not Applicable,HUMAN,Not Applicable,Not Applicable,2G1WF52E559218956
2018,15239494,4 DOOR SEDAN,PASSENGER OR SUBURBAN,Going Straight Ahead,Not Entered,North,Gas,1996,NY,4,4,NISSA,HUMAN,Not Applicable,HUMAN,Failure to Yield Right-of-Way,Not Applicable,1N4BU31D1TC105090
2018,15239497,SUBURBAN,PASSENGER OR SUBURBAN,Making Right Turn,Not Entered,Northeast,Gas,2003,NY,1,6,CHRYS,HUMAN,Not Applicable,HUMAN,Not Applicable,Not Applicable,2C4GP44373R260704
2018,15239498,PICKUP TRUCK,PASSENGER OR SUBURBAN,Backing,Not Entered,West,Gas,2009,NY,1,8,DODGE,HUMAN,Backing Unsafely,HUMAN,Driver Inattention/Distraction*,Not Applicable,1D3HV13T59S735730
2018,15239499,4 DOOR SEDAN,PASSENGER OR SUBURBAN,Parked,Not Entered,South,Gas,2012,NY,0,4,DODGE,HUMAN,Not Applicable,HUMAN,Not Applicable,Not Applicable,1C3CDZAB6CN238243
2018,15239500,SUBURBAN,PASSENGER OR SUBURBAN,Going Straight Ahead,Not Entered,East,Gas,2018,NY,1,4,CHEVR,HUMAN,Unsafe Speed,HUMAN,Reaction to Other Uninvolved Vehicle,"Fire Hydrant, Collision With Fixed Object",3GNAXREV4JL123997
2018,15239506,2 DOOR SEDAN,PASSENGER OR SUBURBAN,Going Straight Ahead,Not Entered,South,Gas,2008,NY,2,4,CHEVR,HUMAN,Not Applicable,HUMAN,Unsafe Speed,Not Applicable,1G1AK18F287238473
2018,15239508,SUBURBAN,PASSENGER OR SUBURBAN,Going Straight Ahead,Not Entered,East,Gas,2004,NY,2,6,FORD,HUMAN,Not Applicable,ENVMT,Animal's Action,Not Applicable,1FMCU92194KA89889