Year,Case Vehicle ID,Vehicle Body Type,Registration Class,Action Prior to Accident,Type / Axles of Truck or Bus,Direction of Travel,Fuel Type,Vehicle Year,State of Registration,Number of Occupants,Engine Cylinders,Vehicle Make,Contributing Factor 1,Contributing Factor 1 Description,Contributing Factor 2,Contributing Factor 2 Description,Event Type,Partial VIN
2018,15241693,SUBURBAN,PASSENGER OR SUBURBAN,Going Straight Ahead,Not Entered,North,Gas,2016,NY,1,4,NISSA,HUMAN,Not Applicable,HUMAN,Not Applicable,Not Applicable,5N1AT2MV1GC845781
2018,15241707,4 DOOR SEDAN,PASSENGER OR SUBURBAN,Going Straight Ahead,Not Entered,South,Gas,2006,NY,1,4,SUBAR,HUMAN,Not Applicable,ENVMT,Animal's Action,Not Applicable,JF1GD676X6H507200
2018,15241718,4 DOOR SEDAN,PASSENGER OR SUBURBAN,Going Straight Ahead,Not Entered,North,Gas,2001,NY,1,4,TOYOT,HUMAN,Not Applicable,ENVMT,Pavement Slippery,Not Applicable,2T1BR12E81C459023
2018,15241725,SUBURBAN,PASSENGER OR SUBURBAN,Slowing or Stopping,Not Entered,West,Gas,2015,NY,1,4,LINCO,HUMAN,Not Applicable,HUMAN,Not Applicable,Not Applicable,5LMCJ2A93FUJ09727
2018,15241724,SUBURBAN,PASSENGER OR SUBURBAN,Going Straight Ahead,Not Entered,West,Gas,2004,NY,1,6,MAZDA,HUMAN,Not Applicable,HUMAN,Following Too Closely,Not Applicable,4F2YZ94114KM21770
2018,15241727,SUBURBAN,PASSENGER OR SUBURBAN,Making Left Turn,Not Entered,Southwest,Gas,2000,NY,1,6,ME/BE,HUMAN,Not Applicable,HUMAN,Failure to Yield Right-of-Way,Not Applicable,WDBJH82J5YX029173
2018,15241728,SUBURBAN,PASSENGER OR SUBURBAN,Going Straight Ahead,Not Entered,East,Gas,2014,NY,1,6,TOYOT,HUMAN,Not Applicable,HUMAN,Not Applicable,Not Applicable,JTEBU5JR3E5191331
2018,15241730,SUBURBAN,PASSENGER OR SUBURBAN,Parked,Not Entered,North,Gas,2015,NY,0,4,JEEP,HUMAN,Not Applicable,HUMAN,Not Applicable,Not Applicable,1C4PJMCB0FW558842
2018,15241733,4 DOOR SEDAN,PASSENGER OR SUBURBAN,Going Straight Ahead,Not Entered,East,Gas,2010,NY,1,4,HYUND,HUMAN,Not Applicable,HUMAN,Driver Inattention/Distraction*,Not Applicable,KMHDU4ADXAU047489
2018,15241734,SUBURBAN,PASSENGER OR SUBURBAN,Going Straight Ahead,Not Entered,East,Gas,2016,NY,4,6,GMC,HUMAN,Not Applicable,HUMAN,Not Applicable,Not Applicable,1GKKVTKD9GJ292509
2018,15241743,DUMP,COMMERCIAL,Merging,Not Entered,North,Diesel,2003,NY,1,8,FORD,HUMAN,Not Applicable,HUMAN,Failure to Yield Right-of-Way,Not Applicable,1FDAF56P03EC73804
2018,15241744,SUBURBAN,PASSENGER OR SUBURBAN,Going Straight Ahead,Not Entered,North,Gas,2014,NY,1,6,ME/BE,HUMAN,Not Applicable,HUMAN,Not Applicable,Not Applicable,4JGDA5HB8EA338891
2018,15241747,SUBURBAN,PASSENGER OR SUBURBAN,Going Straight Ahead,Not Entered,South,Gas,2009,NY,1,6,JEEP,HUMAN,Not Applicable,HUMAN,Not Applicable,Not Applicable,1J8GR48K29C557238
2018,15241748,4 DOOR SEDAN,PASSENGER OR SUBURBAN,Going Straight Ahead,Not Entered,East,Gas,2013,NY,1,4,CHEVR,HUMAN,Failure to Yield Right-of-Way,ENVMT,Pavement Slippery,Not Applicable,1G11C5SAXDF322848
2018,15241751,4 DOOR SEDAN,PASSENGER OR SUBURBAN,Other,Not Entered,East,Gas,2013,NY,1,4,HONDA,HUMAN,Not Applicable,HUMAN,Unknown,Not Applicable,2HGFB2F57DH528026
2018,15241750,4 DOOR SEDAN,PASSENGER OR SUBURBAN,Going Straight Ahead,Not Entered,East,Gas,2016,NY,1,4,VOLKS,HUMAN,Driver Inattention/Distraction*,ENVMT,Glare,Not Applicable,3VW267AJ1GM394944
2018,15241769,4 DOOR SEDAN,PASSENGER OR SUBURBAN,Going Straight Ahead,Not Entered,South,Gas,1993,NY,1,6,OLDSM,HUMAN,Not Applicable,ENVMT,View Obstructed/Limited,Not Entered,1G3AG55N6P6335837
2018,15241768,SUBURBAN,PASSENGER OR SUBURBAN,Merging,Not Entered,South,Gas,2010,NY,2,4,CHEVR,HUMAN,Not Applicable,VEHICLE,Other*,Not Entered,2CNALDEW9A6416262
2018,15241773,SUBURBAN,PASSENGER OR SUBURBAN,Starting from Parking,Not Entered,West,Gas,2016,NY,1,4,HYUND,HUMAN,Not Applicable,HUMAN,Following Too Closely,Not Applicable,KM8J3CA42GU113994
2018,15241774,SUBURBAN,PASSENGER OR SUBURBAN,Stopped in Traffic,Not Entered,West,Gas,2017,NY,2,4,MAZDA,HUMAN,Not Applicable,HUMAN,Not Applicable,Not Applicable,JM1DKFC73H0148713
2018,15241787,SUBURBAN,PASSENGER OR SUBURBAN,Stopped in Traffic,Not Entered,West,Gas,2014,NY,1,4,NISSA,HUMAN,Not Applicable,HUMAN,Not Applicable,Not Applicable,5N1AT2MV0EC791208
2018,15241786,SUBURBAN,PASSENGER OR SUBURBAN,Going Straight Ahead,Not Entered,West,Gas,1996,NY,1,4,HONDA,HUMAN,Not Applicable,HUMAN,Following Too Closely,Not Applicable,1HGCE1823TA006241
2018,15241791,CONVERTIBLE,PASSENGER OR SUBURBAN,Going Straight Ahead,Not Entered,West,Gas,2002,NY,1,4,SAAB,HUMAN,Not Applicable,HUMAN,Not Applicable,Not Applicable,YS3DF75K927016672
2018,15241790,SUBURBAN,PASSENGER OR SUBURBAN,Going Straight Ahead,Not Entered,North,Gas,2002,NY,2,6,NISSA,HUMAN,Not Applicable,HUMAN,Failure to Yield Right-of-Way,Not Applicable,4N2ZN16T32D800574
2018,15241814,PICKUP TRUCK,SPECIAL PASSENGER,Making Left Turn,Not Entered,Southeast,Gas,2005,NY,1,6,TOYOT,HUMAN,Not Applicable,HUMAN,Not Applicable,Not Applicable,5TELU42N55Z085944
2018,15241813,4 DOOR SEDAN,PASSENGER OR SUBURBAN,Making Left Turn,Not Entered,Southeast,Gas,2014,NY,1,6,ME/BE,HUMAN,Following Too Closely,HUMAN,Reaction to Other Uninvolved Vehicle,Not Applicable,WDDGF8AB0ER314381
2018,15241856,4 DOOR SEDAN,PASSENGER OR SUBURBAN,Going Straight Ahead,Not Entered,North,Gas,2009,NY,2,4,NISSA,HUMAN,Unsafe Speed,ENVMT,Pavement Slippery,"Earth Embankment/Rock Cut/Ditch, Collision With Fixed Object",3N1BC13E09L388976
2018,15241857,SUBURBAN,PASSENGER OR SUBURBAN,Going Straight Ahead,Not Entered,South,Gas,2013,NY,1,8,ME/BE,HUMAN,Not Applicable,ENVMT,Pavement Slippery,Not Applicable,4JGDA7DB3DA176071
2018,15241858,4 DOOR SEDAN,PASSENGER OR SUBURBAN,Making Left Turn,Not Entered,Northeast,Gas,2005,NY,2,6,MAZDA,HUMAN,Failure to Yield Right-of-Way,HUMAN,Turning Improperly,"Tree, Collision With Fixed Object",1YVHP80D055M69741
2018,15241859,4 DOOR SEDAN,PASSENGER OR SUBURBAN,Going Straight Ahead,Not Entered,West,Gas,2010,NY,2,4,NISSA,HUMAN,Not Applicable,HUMAN,Not Applicable,Not Applicable,1N4AL2AP5AN531207
2018,15241860,4 DOOR SEDAN,PASSENGER OR SUBURBAN,Going Straight Ahead,Not Entered,West,Gas,2003,NY,1,4,VOLKS,HUMAN,Following Too Closely,HUMAN,Unsafe Speed,Not Applicable,3VWSE69M63M130981
2018,15241861,4 DOOR SEDAN,PASSENGER OR SUBURBAN,Stopped in Traffic,Not Entered,West,Gas,2012,NY,1,6,FORD,HUMAN,Not Applicable,HUMAN,Not Applicable,Not Applicable,3FAHP0HG5CR422033
2018,15241864,PICKUP TRUCK,COMMERCIAL,Backing,Not Entered,North,Gas,2016,NY,1,8,GMC,HUMAN,Not Applicable,HUMAN,Backing Unsafely,Not Applicable,1GD32VCG7GZ319944
2018,15241869,4 DOOR SEDAN,PASSENGER OR SUBURBAN,Going Straight Ahead,Not Entered,West,Gas,2002,NY,1,4,TOYOT,HUMAN,Not Applicable,HUMAN,Not Applicable,Not Applicable,JTDBE32K720042503
2018,15241873,4 DOOR SEDAN,PASSENGER OR SUBURBAN,Slowing or Stopping,Not Entered,West,Gas,2004,NY,1,6,CHEVR,HUMAN,Not Applicable,HUMAN,Not Applicable,Not Applicable,2G1WH52K449462225
2018,15241872,4 DOOR SEDAN,PASSENGER OR SUBURBAN,Slowing or Stopping,Not Entered,West,Gas,2017,NY,1,4,TOYOT,HUMAN,Driver Inattention/Distraction*,HUMAN,Following Too Closely,Not Applicable,4T1BF1FK5HU370687
2018,15241877,4 DOOR SEDAN,PASSENGER OR SUBURBAN,Slowing or Stopping,Not Entered,West,Gas,2012,NY,1,6,ACURA,HUMAN,Not Applicable,HUMAN,Not Applicable,"Other Motor Vehicle, Collision With",19UUA9F56CA802154
2018,15241876,SUBURBAN,PASSENGER OR SUBURBAN,Going Straight Ahead,Not Entered,West,Gas,2015,NY,1,4,MAZDA,HUMAN,Driver Inattention/Distraction*,HUMAN,Unsafe Speed,Not Applicable,JM3KE4CY4F0548053
2018,15241878,SUBURBAN,PASSENGER OR SUBURBAN,Slowing or Stopping,Not Entered,West,Gas,2014,NY,1,4,HONDA,HUMAN,Not Applicable,HUMAN,Not Applicable,Not Applicable,5J6RM4H73EL076638
2018,15241879,4 DOOR SEDAN,PASSENGER OR SUBURBAN,Slowing or Stopping,Not Entered,Southeast,Gas,2013,NY,1,4,ACURA,HUMAN,Unsafe Speed,ENVMT,Pavement Slippery,Not Applicable,JH4CU2F49DC004638
2018,15241880,4 DOOR SEDAN,PASSENGER OR SUBURBAN,Stopped in Traffic,Not Entered,Southeast,Gas,2007,NY,1,4,HONDA,HUMAN,Not Applicable,HUMAN,Not Applicable,Not Applicable,1HGCM56837A207788
2018,15241882,4 DOOR SEDAN,PASSENGER OR SUBURBAN,Going Straight Ahead,Not Entered,West,Gas,2013,NY,1,6,NISSA,HUMAN,Unknown,HUMAN,Driver Inexperience*,Not Applicable,1N4AA5AP1DC824206
2018,15241881,4 DOOR SEDAN,PASSENGER OR SUBURBAN,Going Straight Ahead,Not Entered,West,Gas,2010,NY,1,4,MAZDA,HUMAN,Unknown,HUMAN,Following Too Closely,Not Applicable,JM1BL1SG9A1246282
2018,15241888,SUBURBAN,PASSENGER OR SUBURBAN,Slowing or Stopping,Not Entered,North,Gas,2016,NY,1,4,JEEP,HUMAN,Following Too Closely,ENVMT,Pavement Slippery,Not Applicable,ZACCJBBT7GPD00412
2018,15241889,4 DOOR SEDAN,PASSENGER OR SUBURBAN,Slowing or Stopping,Not Entered,North,Gas,2014,NY,1,4,CHEVR,HUMAN,Not Applicable,HUMAN,Not Applicable,Not Applicable,1G11E5SL8EF198480
2018,15241891,2 DOOR SEDAN,PASSENGER OR SUBURBAN,Going Straight Ahead,Not Entered,East,Gas,2002,NY,1,4,PONTI,HUMAN,Not Applicable,HUMAN,Not Applicable,Not Applicable,1G2JB124827185112
2018,15241890,SUBURBAN,PASSENGER OR SUBURBAN,Making Left Turn,Not Entered,West,Gas,2015,NY,1,6,JEEP,HUMAN,Failure to Yield Right-of-Way,ENVMT,Glare,Not Applicable,1C4BJWDG7FL538122
2018,15241901,SUBURBAN,PASSENGER OR SUBURBAN,Going Straight Ahead,Not Entered,East,Gas,2012,NY,1,4,FORD,HUMAN,Not Applicable,HUMAN,Not Applicable,Not Applicable,1FMCU9D7XCKA99296
2018,15241900,4 DOOR SEDAN,PASSENGER OR SUBURBAN,Making Left Turn,Not Entered,Southwest,Gas,2003,NY,3,6,CHEVR,HUMAN,Not Applicable,HUMAN,Failure to Yield Right-of-Way,Not Applicable,1G1NE52J23M700330
2018,15241906,SUBURBAN,PASSENGER OR SUBURBAN,Changing Lanes,Not Entered,West,Gas,2005,NY,1,6,DODGE,HUMAN,Not Applicable,HUMAN,Not Applicable,Not Applicable,2D4GP44L05R378079
2018,15241905,4 DOOR SEDAN,OMNIBUS - TAXI,Going Straight Ahead,Not Entered,West,Gas,2008,NY,1,6,TOYOT,HUMAN,Not Applicable,HUMAN,Following Too Closely,Not Applicable,4T1BK46K48U562888
2018,15241902,SUBURBAN,PASSENGER OR SUBURBAN,Making Left Turn,Not Entered,Northeast,Gas,2012,NY,2,6,NISSA,HUMAN,Not Applicable,HUMAN,Driver Inattention/Distraction*,Not Applicable,JN8AZ1MW5CW200120
2018,15241907,4 DOOR SEDAN,PASSENGER OR SUBURBAN,Going Straight Ahead,Not Entered,West,Gas,2016,NY,1,6,CHEVR,HUMAN,Not Applicable,HUMAN,Following Too Closely,"Other Motor Vehicle, Collision With",2G1WB5E39G1142911
2018,15241908,4 DOOR SEDAN,PASSENGER OR SUBURBAN,Stopped in Traffic,Not Entered,Northwest,Gas,2013,NY,1,4,TOYOT,HUMAN,Not Applicable,HUMAN,Not Applicable,Not Applicable,JTDKDTB31D1033787
2018,15241914,4 DOOR SEDAN,PASSENGER OR SUBURBAN,Starting from Parking,Not Entered,North,Gas,2015,NY,1,4,NISSA,HUMAN,Failure to Yield Right-of-Way,HUMAN,Passing or Lane Usage Improper,Not Applicable,3N1CE2CP9FL360546
2018,15241915,4 DOOR SEDAN,PASSENGER OR SUBURBAN,Going Straight Ahead,Not Entered,North,Gas,2010,NY,1,4,NISSA,HUMAN,Not Applicable,HUMAN,Not Applicable,Not Applicable,1N4AL2AP1AN495063
2018,15241916,4 DOOR SEDAN,PASSENGER OR SUBURBAN,Making Left Turn,Not Entered,East,Gas,1994,NY,2,4,TOYOT,HUMAN,Not Applicable,HUMAN,Failure to Yield Right-of-Way,Not Applicable,2T1AE00BXRC053217
2018,15241919,SUBURBAN,PASSENGER OR SUBURBAN,Making Right Turn,Not Entered,North,Gas,2017,NY,1,4,VOLKS,HUMAN,Not Applicable,HUMAN,Not Applicable,Not Entered,WVGSV7AX2HW512622
2018,15241918,PICKUP TRUCK,PASSENGER OR SUBURBAN,Going Straight Ahead,Not Entered,North,Gas,2011,NY,1,8,FORD,HUMAN,Not Applicable,HUMAN,Passing or Lane Usage Improper,Not Entered,1FTFX1EF3BKD13446
2018,15241923,SUBURBAN,PASSENGER OR SUBURBAN,Going Straight Ahead,Not Entered,East,Gas,2013,NY,1,6,JEEP,HUMAN,Not Applicable,HUMAN,Not Applicable,"Other Motor Vehicle, Collision With",1C4RJFAG6DC502342
2018,15241922,SUBURBAN,PASSENGER OR SUBURBAN,Making Left Turn,Not Entered,Southeast,Gas,2017,NY,1,6,CHEVR,HUMAN,Not Applicable,HUMAN,Failure to Yield Right-of-Way,Not Applicable,1GNKVGKD7HJ277213
2018,15241924,SUBURBAN,PASSENGER OR SUBURBAN,Going Straight Ahead,Not Entered,South,Gas,2006,NY,2,6,HONDA,HUMAN,Not Applicable,HUMAN,Not Applicable,Not Applicable,2HKYF18646H542665
2018,15241930,SUBURBAN,PASSENGER OR SUBURBAN,Going Straight Ahead,Not Entered,South,Gas,2005,NY,1,6,NISSA,HUMAN,Not Applicable,HUMAN,Not Applicable,Not Applicable,JN8AZ08T45W330581
2018,15241929,2 DOOR SEDAN,PASSENGER OR SUBURBAN,Slowing or Stopping,Not Entered,South,Gas,2010,NY,1,6,HONDA,HUMAN,Not Applicable,HUMAN,Not Applicable,"Other Motor Vehicle, Collision With",1HGCS2B8XAA004253
2018,15241928,4 DOOR SEDAN,PASSENGER OR SUBURBAN,Going Straight Ahead,Not Entered,South,Gas,2009,NY,1,8,FORD,HUMAN,Not Applicable,HUMAN,Lost Consciousness,Not Applicable,2FAHP71V49X112273
2018,15241934,4 DOOR SEDAN,PASSENGER OR SUBURBAN,Going Straight Ahead,Not Entered,East,Gas,2009,NY,1,4,TOYOT,HUMAN,Not Applicable,HUMAN,Passing or Lane Usage Improper,Not Applicable,4T1BE46K39U415308
2018,15241933,SUBURBAN,PASSENGER OR SUBURBAN,Going Straight Ahead,Not Entered,East,Gas,2013,NY,1,6,ACURA,HUMAN,Not Applicable,HUMAN,Passing or Lane Usage Improper,Not Applicable,5J8TB4H56DL024596
2018,15241927,4 DOOR SEDAN,PASSENGER OR SUBURBAN,Going Straight Ahead,Not Entered,East,Gas,2011,NY,1,4,HONDA,HUMAN,Not Applicable,HUMAN,Not Applicable,Not Applicable,1HGCP2F44BA015081
2018,15241926,PICKUP TRUCK,PASSENGER OR SUBURBAN,Making Right Turn,Not Entered,North,Gas,2015,NY,1,6,NISSA,HUMAN,Turning Improperly,ENVMT,View Obstructed/Limited,Not Applicable,1N6AD0EV6FN738505
2018,15241943,PICKUP TRUCK,PASSENGER OR SUBURBAN,Parked,Not Entered,South,Gas,2015,NY,0,6,GMC,HUMAN,Not Applicable,HUMAN,Not Applicable,Not Applicable,1GTG6BE33F1225110
2018,15241942,4 DOOR SEDAN,PASSENGER OR SUBURBAN,Going Straight Ahead,Not Entered,North,Gas,1998,NY,1,4,NISSA,HUMAN,Driver Inattention/Distraction*,HUMAN,Failure to Keep Right,Not Applicable,1N4AB41D6WC720228
2018,15241944,4 DOOR SEDAN,PASSENGER OR SUBURBAN,Going Straight Ahead,Not Entered,Southwest,Gas,2002,NY,1,6,NISSA,HUMAN,Failure to Yield Right-of-Way,HUMAN,Traffic Control Device Disregarded,Not Applicable,1N4BL11D52C231961
2018,15241945,SUBURBAN,PASSENGER OR SUBURBAN,Going Straight Ahead,Not Entered,Northwest,Gas,2005,NY,1,6,NISSA,HUMAN,Not Applicable,HUMAN,Not Applicable,Not Applicable,JN8AZ08W35W425434
2018,15241946,SUBURBAN,PASSENGER OR SUBURBAN,Going Straight Ahead,Not Entered,East,Gas,2012,NY,1,6,TOYOT,HUMAN,Not Applicable,ENVMT,Animal's Action,Not Applicable,5TDBK3EH4CS132957
2018,15241948,4 DOOR SEDAN,PASSENGER OR SUBURBAN,Avoiding Object in Roadway,Not Entered,West,Gas,2002,NY,1,4,HYUND,HUMAN,Driver Inexperience*,ENVMT,Animal's Action,Not Applicable,KMHCG45CX2U269519
2018,15241949,SUBURBAN,PASSENGER OR SUBURBAN,Going Straight Ahead,Not Entered,North,Gas,2002,NY,1,6,VOLKS,HUMAN,Not Applicable,HUMAN,Driver Inattention/Distraction*,Not Applicable,WVWVH63B92E190417
2018,15241950,PICKUP TRUCK,PASSENGER OR SUBURBAN,Going Straight Ahead,Not Entered,North,Gas,2003,NY,1,6,NISSA,HUMAN,Not Applicable,HUMAN,Unsafe Speed,Not Applicable,1N6ED29YX3C451354
2018,15241951,4 DOOR SEDAN,PASSENGER OR SUBURBAN,Going Straight Ahead,Not Entered,East,Gas,2003,NY,1,4,PONTI,HUMAN,Alcohol Involvement,ENVMT,Pavement Slippery,Not Applicable,1G2NE52FX3C308421
2018,15241965,4 DOOR SEDAN,PASSENGER OR SUBURBAN,Making Right Turn,Not Entered,South,Gas,2006,NY,1,4,NISSA,HUMAN,Not Applicable,HUMAN,Driver Inattention/Distraction*,Not Applicable,1N4AL11D36C248632
2018,15241966,4 DOOR SEDAN,PASSENGER OR SUBURBAN,Going Straight Ahead,Not Entered,West,Gas,2006,NY,1,4,HYUND,HUMAN,Not Applicable,HUMAN,Not Applicable,Not Applicable,5NPEU46C36H127520
2018,15241973,SUBURBAN,PASSENGER OR SUBURBAN,Going Straight Ahead,Not Entered,North,Gas,2009,NY,1,4,HONDA,HUMAN,Not Applicable,ENVMT,Animal's Action,Not Applicable,5J6RE48549L009032
2018,15241979,PICKUP TRUCK,PASSENGER OR SUBURBAN,Going Straight Ahead,Not Entered,East,Gas,2006,NY,2,6,DODGE,HUMAN,Not Applicable,ENVMT,Animal's Action,Not Applicable,1D7HW22K06S648596
2018,15241980,4 DOOR SEDAN,PASSENGER OR SUBURBAN,Going Straight Ahead,Not Entered,East,Gas,2005,NY,1,6,TOYOT,HUMAN,Not Applicable,ENVMT,Glare,Not Applicable,4T1BK36B95U050663
2018,15241981,SUBURBAN,PASSENGER OR SUBURBAN,Going Straight Ahead,Not Entered,West,Gas,2014,NY,1,8,FORD,HUMAN,Not Applicable,HUMAN,Not Applicable,Not Applicable,1FBNE3BL9EDA97901
2018,15241983,4 DOOR SEDAN,PASSENGER OR SUBURBAN,Going Straight Ahead,Not Entered,West,Gas,2013,NY,1,4,HYUND,HUMAN,Not Applicable,HUMAN,Not Applicable,Not Applicable,5NPDH4AE3DH366720
2018,15241982,SUBURBAN,PASSENGER OR SUBURBAN,Making Left Turn,Not Entered,Northeast,Gas,2015,NY,3,4,DODGE,HUMAN,Not Applicable,HUMAN,Failure to Yield Right-of-Way,Not Applicable,3C4PDCABXFT708045
2018,15241985,SUBURBAN,PASSENGER OR SUBURBAN,Going Straight Ahead,Not Entered,North,Gas,2004,NY,1,4,SUBAR,HUMAN,Not Applicable,HUMAN,Following Too Closely,Not Applicable,4S3BH675147636512
2018,15241987,SUBURBAN,PASSENGER OR SUBURBAN,Stopped in Traffic,Not Entered,South,Gas,2013,NY,1,6,FORD,HUMAN,Not Applicable,HUMAN,Not Applicable,Not Applicable,1FM5K8D86DGA06103
2018,15241986,SUBURBAN,PASSENGER OR SUBURBAN,Stopped in Traffic,Not Entered,North,Gas,1993,NY,1,4,VOLVO,HUMAN,Not Applicable,HUMAN,Not Applicable,Not Applicable,YV1JW8805P0081989
2018,15242005,4 DOOR SEDAN,PASSENGER OR SUBURBAN,Making Left Turn,Not Entered,West,Gas,2014,NY,1,4,NISSA,HUMAN,Failure to Yield Right-of-Way,ENVMT,View Obstructed/Limited,Not Applicable,1N4AL3AP4EC121411
2018,15242006,SUBURBAN,PASSENGER OR SUBURBAN,Going Straight Ahead,Not Entered,East,Gas,2003,NY,1,6,JEEP,HUMAN,Not Applicable,HUMAN,Not Applicable,Not Applicable,1J4GL48K23W565509
2018,15242020,4 DOOR SEDAN,PASSENGER OR SUBURBAN,Slowing or Stopping,Not Entered,East,Gas,2007,NY,1,6,CHEVR,HUMAN,Not Applicable,HUMAN,Following Too Closely,Not Applicable,2G1WC58R479379739
2018,15242021,SUBURBAN,PASSENGER OR SUBURBAN,Slowing or Stopping,Not Entered,East,Gas,2017,NY,2,6,LEXUS,HUMAN,Not Applicable,HUMAN,Not Applicable,Not Applicable,2T2BGMCA7HC011025
2018,15242023,SUBURBAN,PASSENGER OR SUBURBAN,Going Straight Ahead,Not Entered,South,Gas,2008,NY,4,6,SATUR,HUMAN,Not Applicable,HUMAN,Not Applicable,Not Applicable,3GSDL43N58S636879
2018,15242025,SUBURBAN,PASSENGER OR SUBURBAN,Going Straight Ahead,Not Entered,North,Gas,2015,NY,2,6,LINCO,HUMAN,Not Applicable,HUMAN,Not Applicable,Not Applicable,2LMDJ8JK3FBL33538
2018,15242024,4 DOOR SEDAN,PASSENGER OR SUBURBAN,Making Left Turn,Not Entered,South,Gas,2011,NY,1,4,KIA,HUMAN,Failure to Yield Right-of-Way,HUMAN,Turning Improperly,Not Applicable,KNAFU4A23B5433918
2018,15242029,SUBURBAN,PASSENGER OR SUBURBAN,Going Straight Ahead,Not Entered,South,Gas,1997,NY,3,6,DODGE,HUMAN,Not Applicable,HUMAN,Following Too Closely,Not Applicable,2B4GP2430VR441146
2018,15242035,4 DOOR SEDAN,OMNIBUS - TAXI,Starting from Parking,Not Entered,North,Gas,2015,NY,1,4,TOYOT,HUMAN,Not Applicable,VEHICLE,Other*,Not Applicable,4T1BF1FK5FU976682
2018,15242036,SUBURBAN,PASSENGER OR SUBURBAN,Parked,Not Entered,West,Gas,2013,NY,0,6,ACURA,HUMAN,Not Applicable,HUMAN,Not Applicable,Not Applicable,2HNYD2H66DH515205
2018,15242043,SUBURBAN,PASSENGER OR SUBURBAN,Going Straight Ahead,Not Entered,West,Gas,2011,NY,3,6,TOYOT,HUMAN,Not Applicable,HUMAN,Not Applicable,Not Applicable,5TDKK3DC9BS130769
2018,15242048,4 DOOR SEDAN,PASSENGER OR SUBURBAN,Changing Lanes,Not Entered,Northeast,Gas,2013,NY,1,4,FORD,HUMAN,Not Applicable,HUMAN,Passing or Lane Usage Improper,"Other Motor Vehicle, Collision With",1FADP3L9XDL206803
2018,15242049,VAN TRUCK,AGRICULTURAL TRUCK,Going Straight Ahead,Not Entered,North,Gas,2012,NY,1,8,FORD,HUMAN,Not Applicable,HUMAN,Not Applicable,"Other Motor Vehicle, Collision With",1FTNE2EW3CDA73439
2018,15242058,SUBURBAN,PASSENGER OR SUBURBAN,Stopped in Traffic,Not Entered,South,Gas,2014,NY,2,6,JEEP,HUMAN,Not Applicable,HUMAN,Not Applicable,Not Applicable,1C4PJMDSXEW265110
2018,15242057,PICKUP TRUCK,PASSENGER OR SUBURBAN,Going Straight Ahead,Not Entered,South,Gas,2002,NY,1,6,CHEVR,HUMAN,Not Applicable,HUMAN,Unsafe Speed,Not Applicable,1GCCS14W728128543
2018,15242063,SUBURBAN,PASSENGER OR SUBURBAN,Going Straight Ahead,Not Entered,West,Gas,2015,NY,1,6,TOYOT,HUMAN,Not Applicable,ENVMT,Animal's Action,Not Applicable,5TDYK3DC7FS689303
2018,15242060,4 DOOR SEDAN,PASSENGER OR SUBURBAN,Slowing or Stopping,Not Entered,East,Gas,2003,NY,1,4,HONDA,HUMAN,Not Applicable,HUMAN,Following Too Closely,Not Applicable,2HGES15573H543244
2018,15242061,SUBURBAN,PASSENGER OR SUBURBAN,Slowing or Stopping,Not Entered,East,Gas,2009,NY,2,4,TOYOT,HUMAN,Not Applicable,HUMAN,Not Applicable,"Other Motor Vehicle, Collision With",JTLKE50E391094874
2018,15242062,4 DOOR SEDAN,PASSENGER OR SUBURBAN,Stopped in Traffic,Not Entered,East,Gas,2011,NY,1,4,HYUND,HUMAN,Not Applicable,HUMAN,Not Applicable,Not Applicable,KMHDC8AE4BU090181
2018,15242064,PICKUP TRUCK,COMMERCIAL,Overtaking/Passing,Not Entered,Southwest,Gas,2008,NY,1,8,FORD,HUMAN,Not Applicable,HUMAN,Passing or Lane Usage Improper,Not Applicable,1FTPX14V28FA55404
2018,15242065,DUMP,POLITICAL SUBDIVISION,Going Straight Ahead,Not Entered,Southwest,Diesel,2015,NY,1,6,WE/ST,HUMAN,Not Applicable,ENVMT,View Obstructed/Limited,Not Applicable,5KKHAXDV9FLGL6830
2018,15242066,SUBURBAN,PASSENGER OR SUBURBAN,Going Straight Ahead,Not Entered,East,Gas,2004,NY,1,4,SUBAR,HUMAN,Not Applicable,HUMAN,Driver Inattention/Distraction*,"Building/Wall, Collision With Fixed Object",JF1SG63654H708216
2018,15242070,2 DOOR SEDAN,PASSENGER OR SUBURBAN,Going Straight Ahead,Not Entered,North,Gas,1981,NY,3,6,CHEVR,HUMAN,Not Applicable,HUMAN,Following Too Closely,Not Applicable,1G1AZ37K0BR465694
2018,15242071,4 DOOR SEDAN,PASSENGER OR SUBURBAN,Going Straight Ahead,Not Entered,North,Gas,2008,NY,2,4,SUBAR,HUMAN,Not Applicable,HUMAN,Not Applicable,Not Applicable,4S3BL626387209952
2018,15242074,PICKUP TRUCK,PASSENGER OR SUBURBAN,Going Straight Ahead,Not Entered,South,Gas,2015,NY,1,8,CHEVR,HUMAN,Not Applicable,ENVMT,Pavement Slippery,Not Applicable,3GCUKREC0FG248319
2018,15242080,4 DOOR SEDAN,PASSENGER OR SUBURBAN,Going Straight Ahead,Not Entered,South,Gas,2013,NY,1,4,HYUND,HUMAN,Not Applicable,HUMAN,Not Applicable,Not Applicable,KMHD35LE6DU044348