Year,Case Vehicle ID,Vehicle Body Type,Registration Class,Action Prior to Accident,Type / Axles of Truck or Bus,Direction of Travel,Fuel Type,Vehicle Year,State of Registration,Number of Occupants,Engine Cylinders,Vehicle Make,Contributing Factor 1,Contributing Factor 1 Description,Contributing Factor 2,Contributing Factor 2 Description,Event Type,Partial VIN
2018,15242078,4 DOOR SEDAN,PASSENGER OR SUBURBAN,Going Straight Ahead,Not Entered,South,Gas,2017,NY,1,4,CHEVR,HUMAN,Not Applicable,HUMAN,Following Too Closely,Not Applicable,1G1ZB5ST2HF266563
2018,15242083,4 DOOR SEDAN,SPECIAL PASSENGER,Going Straight Ahead,Not Entered,South,Gas,2016,NY,1,4,FORD,HUMAN,Not Applicable,ENVMT,Animal's Action,Not Applicable,3FA6P0H70GR209651
2018,15242092,SUBURBAN,PASSENGER OR SUBURBAN,Parked,Not Entered,East,Gas,2008,NY,0,4,SUBAR,HUMAN,Not Applicable,HUMAN,Not Applicable,Not Applicable,4S4BP62C187355756
2018,15242093,4 DOOR SEDAN,PASSENGER OR SUBURBAN,Going Straight Ahead,Not Entered,West,Gas,2016,NY,1,4,TOYOT,HUMAN,Driver Inexperience*,HUMAN,Unsafe Speed,Not Entered,2T1BURHE5GC736157
2018,15242096,4 DOOR SEDAN,PASSENGER OR SUBURBAN,Going Straight Ahead,Not Entered,North,Gas,2002,NY,1,4,MITSU,HUMAN,Not Applicable,HUMAN,Not Applicable,Not Applicable,4A3AA46G92E101344
2018,15242095,SUBURBAN,PASSENGER OR SUBURBAN,Making Left Turn,Not Entered,West,Gas,2014,NY,1,6,BUICK,HUMAN,Driver Inattention/Distraction*,HUMAN,Failure to Yield Right-of-Way,Not Applicable,5GAKVBKD9EJ268179
2018,15242100,4 DOOR SEDAN,PASSENGER OR SUBURBAN,Going Straight Ahead,Not Entered,South,Gas,2003,NY,1,4,HONDA,HUMAN,Not Applicable,HUMAN,Not Applicable,Not Applicable,2HGES16553H535139
2018,15242099,4 DOOR SEDAN,PASSENGER OR SUBURBAN,Making Left Turn,Not Entered,West,Gas,2007,NY,1,6,NISSA,HUMAN,Driver Inattention/Distraction*,HUMAN,Failure to Yield Right-of-Way,Not Applicable,1N4BL21E47C224148
2018,15242106,SUBURBAN,PASSENGER OR SUBURBAN,Parked,Not Entered,North,Gas,2004,NY,1,6,HONDA,HUMAN,Not Applicable,HUMAN,Not Applicable,Not Applicable,5FNRL18014B023769
2018,15242105,SUBURBAN,PASSENGER OR SUBURBAN,Going Straight Ahead,Not Entered,South,Gas,2008,NY,1,6,SUZUK,HUMAN,Driver Inattention/Distraction*,HUMAN,Passing or Lane Usage Improper,Not Applicable,JS3TD941184100171
2018,15242114,4 DOOR SEDAN,PASSENGER OR SUBURBAN,Going Straight Ahead,Not Entered,East,Gas,2005,NY,2,6,HONDA,HUMAN,Not Applicable,HUMAN,Unknown,Not Applicable,1HGCM66535A078301
2018,15242113,4 DOOR SEDAN,PASSENGER OR SUBURBAN,Going Straight Ahead,Not Entered,South,Gas,2010,NY,1,4,TOYOT,HUMAN,Not Applicable,HUMAN,Unknown,Not Applicable,4T1BF3EK1AU530745
2018,15242115,4 DOOR SEDAN,PASSENGER OR SUBURBAN,Going Straight Ahead,Not Entered,East,Gas,2009,NY,1,4,KIA,HUMAN,Following Too Closely,ENVMT,Pavement Slippery,Not Applicable,KNAFE221695648016
2018,15242117,4 DOOR SEDAN,PASSENGER OR SUBURBAN,Making Left Turn,Not Entered,West,Gas,2004,NY,1,4,DODGE,HUMAN,Not Applicable,HUMAN,Failure to Yield Right-of-Way,Not Applicable,1B3EL46X04N219284
2018,15242120,SUBURBAN,PASSENGER OR SUBURBAN,Making Right Turn,Not Entered,South,Gas,2016,NY,1,4,CHEVR,HUMAN,Not Applicable,HUMAN,Turning Improperly,Not Applicable,2GNFLFEK2G6253120
2018,15242119,VAN TRUCK,OMNIBUS - LIVERY,Going Straight Ahead,Not Entered,South,Gas,2012,NY,1,8,FORD,HUMAN,Not Applicable,HUMAN,Traffic Control Device Disregarded,Not Applicable,1FTSS3EL8CDB37630
2018,15242129,SUBURBAN,PASSENGER OR SUBURBAN,Making Right Turn,Not Entered,Unknown,Gas,2006,NY,1,6,NISSA,HUMAN,Unsafe Speed,ENVMT,Pavement Slippery,Not Applicable,JN8AZ08WX6W551579
2018,15242132,4 DOOR SEDAN,PASSENGER OR SUBURBAN,Going Straight Ahead,Not Entered,South,Gas,2004,NY,1,4,CHRYS,HUMAN,Not Applicable,ENVMT,Glare,Not Applicable,1C3EL46X54N240201
2018,15242133,SUBURBAN,PASSENGER OR SUBURBAN,Stopped in Traffic,Not Entered,South,Gas,2007,NY,1,6,ME/BE,HUMAN,Not Applicable,HUMAN,Not Applicable,Not Applicable,4JGBB86E27A196608
2018,15242134,4 DOOR SEDAN,PASSENGER OR SUBURBAN,Going Straight Ahead,Not Entered,South,Gas,2006,NY,1,4,DODGE,HUMAN,Not Applicable,HUMAN,Driver Inattention/Distraction*,Not Applicable,1B3EL46X36N134331
2018,15242135,4 DOOR SEDAN,PASSENGER OR SUBURBAN,Going Straight Ahead,Not Entered,South,Gas,2014,NY,1,4,VOLKS,HUMAN,Not Applicable,HUMAN,Not Applicable,Not Applicable,3VWD17AJ4EM286404
2018,15242137,PICKUP TRUCK,AGRICULTURAL TRUCK,Going Straight Ahead,Not Entered,West,Gas,2013,NY,1,6,NISSA,HUMAN,Not Applicable,HUMAN,Not Applicable,Not Applicable,1N6AD0EV3DN735994
2018,15242136,4 DOOR SEDAN,PASSENGER OR SUBURBAN,Going Straight Ahead,Not Entered,South,Gas,2011,NY,1,6,BUICK,HUMAN,Failure to Yield Right-of-Way,HUMAN,Traffic Control Device Disregarded,Not Applicable,1G4GC5ED9BF275084
2018,15242159,4 DOOR SEDAN,PASSENGER OR SUBURBAN,Making Right Turn,Not Entered,Southeast,Gas,2005,NY,1,6,HONDA,HUMAN,Not Applicable,HUMAN,Not Applicable,Not Applicable,1HGCM66315A036207
2018,15242160,SUBURBAN,PASSENGER OR SUBURBAN,Making Right Turn,Not Entered,Southeast,Gas,2015,NY,1,6,JEEP,HUMAN,Not Applicable,HUMAN,Unknown,Not Applicable,1C4HJWEG6FL732004
2018,15242171,SUBURBAN,PASSENGER OR SUBURBAN,Going Straight Ahead,Not Entered,South,Gas,2004,NY,1,6,JEEP,HUMAN,Unsafe Speed,ENVMT,Pavement Slippery,"Earth Embankment/Rock Cut/Ditch, Collision With Fixed Object",1J4GL58K74W275872
2018,15242179,2 DOOR SEDAN,PASSENGER OR SUBURBAN,Slowing or Stopping,Not Entered,North,Gas,2007,NY,1,4,TOYOT,HUMAN,Not Applicable,HUMAN,Following Too Closely,Not Applicable,JTKDE167070159472
2018,15242178,4 DOOR SEDAN,OMNIBUS - TAXI,Slowing or Stopping,Not Entered,North,Gas,2012,NY,2,4,TOYOT,HUMAN,Not Applicable,HUMAN,Not Applicable,Not Applicable,4T1BF1FK2CU174697
2018,15242185,4 DOOR SEDAN,PASSENGER OR SUBURBAN,Changing Lanes,Not Entered,West,Gas,2017,NY,2,4,TOYOT,HUMAN,Driver Inattention/Distraction*,HUMAN,Unsafe Lane Changing,Not Applicable,4T1BF1FK7HU305601
2018,15242184,BUS (OMNIBUS),OMNIBUS - REGULAR,Going Straight Ahead,Not Entered,West,Diesel,2005,NY,2,6,MCI,HUMAN,Not Applicable,HUMAN,Not Applicable,Not Applicable,1M8PDMPAX5P056536
2018,15242196,SUBURBAN,PASSENGER OR SUBURBAN,Slowing or Stopping,Not Entered,South,Gas,2015,NY,1,6,DODGE,HUMAN,Not Applicable,HUMAN,Reaction to Other Uninvolved Vehicle,Not Applicable,3C4PDDBG0FT651550
2018,15242194,4 DOOR SEDAN,PASSENGER OR SUBURBAN,Going Straight Ahead,Not Entered,South,Gas,2013,NY,1,4,TOYOT,HUMAN,Following Too Closely,HUMAN,Reaction to Other Uninvolved Vehicle,Not Applicable,4T1BF1FK6DU252030
2018,15242195,4 DOOR SEDAN,PASSENGER OR SUBURBAN,Going Straight Ahead,Not Entered,South,Gas,2008,NY,1,6,INFIN,HUMAN,Not Applicable,HUMAN,Following Too Closely,Not Applicable,JNKBV61F38M257222
2018,15242202,SUBURBAN,PASSENGER OR SUBURBAN,Going Straight Ahead,Not Entered,East,Gas,2007,NY,1,6,JEEP,HUMAN,Alcohol Involvement,HUMAN,Fell Asleep,Not Applicable,1J4FA24107L139263
2018,15242203,4 DOOR SEDAN,PASSENGER OR SUBURBAN,Going Straight Ahead,Not Entered,East,Gas,2015,NY,1,4,TOYOT,HUMAN,Not Applicable,ENVMT,Animal's Action,Not Applicable,4T4BF1FK9FR453803
2018,15242205,4 DOOR SEDAN,PASSENGER OR SUBURBAN,Going Straight Ahead,Not Entered,North,Gas,1991,NY,1,8,CHEVR,HUMAN,Driver Inattention/Distraction*,HUMAN,Reaction to Other Uninvolved Vehicle,Not Applicable,1G1BN53E6MW225257
2018,15242209,SUBURBAN,PASSENGER OR SUBURBAN,Making Left Turn,Not Entered,East,Gas,2017,NY,1,6,TOYOT,HUMAN,Driver Inattention/Distraction*,HUMAN,Failure to Yield Right-of-Way,Not Applicable,5TDYZ3DC8HS865113
2018,15242210,SUBURBAN,PASSENGER OR SUBURBAN,Going Straight Ahead,Not Entered,North,Gas,2005,NY,1,6,LEXUS,HUMAN,Not Applicable,HUMAN,Not Applicable,Not Applicable,2T2HA31U05C054149
2018,15242208,4 DOOR SEDAN,PASSENGER OR SUBURBAN,Slowing or Stopping,Not Entered,East,Gas,2004,NY,1,4,HYUND,HUMAN,Not Applicable,HUMAN,Not Applicable,Not Applicable,KMHWF25S64A009313
2018,15242206,SUBURBAN,PASSENGER OR SUBURBAN,Going Straight Ahead,Not Entered,East,Gas,2017,NY,1,6,ACURA,HUMAN,Not Applicable,HUMAN,Driver Inattention/Distraction*,Not Applicable,5J8TB4H34HL034483
2018,15242211,SUBURBAN,PASSENGER OR SUBURBAN,Making Left Turn,Not Entered,West,Gas,2004,NY,2,4,HONDA,HUMAN,Driver Inattention/Distraction*,HUMAN,Failure to Yield Right-of-Way,Not Applicable,SHSRD77844U247117
2018,15242212,4 DOOR SEDAN,PASSENGER OR SUBURBAN,Going Straight Ahead,Not Entered,North,Gas,2011,NY,1,4,FORD,HUMAN,Not Applicable,HUMAN,Not Applicable,Not Applicable,3FADP4EJ8BM231613
2018,15242215,4 DOOR SEDAN,PASSENGER OR SUBURBAN,Going Straight Ahead,Not Entered,North,Gas,2007,NY,1,4,NISSA,HUMAN,Fell Asleep,HUMAN,Unsafe Speed,"Tree, Collision With Fixed Object",3N1AB61E37L708433
2018,15242217,SUBURBAN,PASSENGER OR SUBURBAN,Going Straight Ahead,Not Entered,West,Gas,2014,NY,1,4,SUBAR,HUMAN,Not Applicable,ENVMT,Animal's Action,Not Applicable,4S4BRBLC4E3213101
2018,15242221,4 DOOR SEDAN,PASSENGER OR SUBURBAN,Going Straight Ahead,Not Entered,South,Gas,2003,NY,1,4,HONDA,HUMAN,Not Applicable,HUMAN,Not Applicable,Not Applicable,1HGCM56333A101386
2018,15242222,VAN TRUCK,AGRICULTURAL TRUCK,Making Left Turn,Not Entered,Northwest,Diesel,2014,NY,1,4,ISUZU,HUMAN,Not Applicable,HUMAN,Failure to Yield Right-of-Way,Not Applicable,JALC4W162E7002143
2018,15242229,4 DOOR SEDAN,PASSENGER OR SUBURBAN,Making Left Turn,Not Entered,North,Gas,2015,NY,1,4,CHEVR,HUMAN,Passing or Lane Usage Improper,HUMAN,Turning Improperly,Not Applicable,1G1JC5SG7F4207160
2018,15242235,PICKUP TRUCK,SPECIAL PASSENGER,Stopped in Traffic,Not Entered,North,Gas,2016,NY,2,8,CHEVR,HUMAN,Not Applicable,HUMAN,Not Applicable,Not Applicable,3GCUKREC7GG250943
2018,15242248,PICKUP TRUCK,COMMERCIAL,Backing,Not Entered,East,Gas,2016,NY,1,8,CHEVR,HUMAN,Not Applicable,HUMAN,Backing Unsafely,Not Applicable,1GCVKREC5GZ331847
2018,15242249,SUBURBAN,PASSENGER OR SUBURBAN,Stopped in Traffic,Not Entered,West,Gas,2013,NY,1,6,CHRYS,HUMAN,Not Applicable,HUMAN,Not Applicable,Not Applicable,2C4RC1BG6DR512680
2018,15242261,4 DOOR SEDAN,PASSENGER OR SUBURBAN,Making Left Turn,Not Entered,Southwest,Gas,2007,NY,1,4,NISSA,HUMAN,Unsafe Speed,ENVMT,Pavement Slippery,Not Entered,1N4AL21E87N422747
2018,15242266,SUBURBAN,PASSENGER OR SUBURBAN,Going Straight Ahead,Not Entered,Southeast,Gas,2011,NY,1,4,CHEVR,HUMAN,Unsafe Speed,ENVMT,Pavement Slippery,Not Entered,2CNFLCEC3B6271517
2018,15242269,4 DOOR SEDAN,PASSENGER OR SUBURBAN,Parked,Not Entered,South,Gas,2017,NY,1,4,KIA,HUMAN,Not Applicable,HUMAN,Not Applicable,Not Applicable,3KPFL4A76HE013598
2018,15242268,SUBURBAN,PASSENGER OR SUBURBAN,Backing,Not Entered,North,Gas,2017,NY,1,4,NISSA,HUMAN,Not Applicable,HUMAN,Backing Unsafely,Not Applicable,KNMAT2MV7HP608226
2018,15242272,SUBURBAN,PASSENGER OR SUBURBAN,Parked,Not Entered,West,Gas,2006,NY,0,6,DODGE,HUMAN,Not Applicable,HUMAN,Not Applicable,Not Entered,2D4GP44L76R802620
2018,15242273,SUBURBAN,PASSENGER OR SUBURBAN,Parked,Not Entered,West,Gas,2004,NY,0,6,FORD,HUMAN,Not Applicable,HUMAN,Not Applicable,Not Entered,1FMZU77K24UA51991
2018,15242271,PICKUP TRUCK,AGRICULTURAL TRUCK,Going Straight Ahead,Not Entered,West,Gas,2000,NY,1,6,CHEVR,HUMAN,Driver Inattention/Distraction*,HUMAN,Passing or Lane Usage Improper,Not Entered,1GCEK14WXYE167467
2018,15242275,4 DOOR SEDAN,PASSENGER OR SUBURBAN,Starting from Parking,Not Entered,East,Gas,2004,NY,3,4,DODGE,HUMAN,Not Applicable,HUMAN,Not Applicable,Not Applicable,1B3ES26C14D537764
2018,15242279,SUBURBAN,PASSENGER OR SUBURBAN,Going Straight Ahead,Not Entered,North,Gas,2008,NY,1,6,SATUR,HUMAN,Not Applicable,HUMAN,Not Applicable,Not Applicable,3GSDL43NX8S710250
2018,15242278,PICKUP TRUCK,PASSENGER OR SUBURBAN,Backing,Not Entered,West,Gas,2002,NY,1,8,GMC,HUMAN,Backing Unsafely,HUMAN,Driver Inattention/Distraction*,Not Applicable,2GTEK19T721310821
2018,15242283,4 DOOR SEDAN,PASSENGER OR SUBURBAN,Going Straight Ahead,Not Entered,South,Gas,2003,NY,1,6,FORD,HUMAN,Not Applicable,HUMAN,Failure to Yield Right-of-Way,"Sign Post, Collision With Fixed Object",1FAFP53233G222095
2018,15242284,4 DOOR SEDAN,PASSENGER OR SUBURBAN,Going Straight Ahead,Not Entered,West,Gas,2016,NY,1,4,TOYOT,HUMAN,Not Applicable,HUMAN,Not Applicable,Not Applicable,2T1BURHE0GC679138
2018,15242296,4 DOOR SEDAN,PASSENGER OR SUBURBAN,Slowing or Stopping,Not Entered,East,Gas,2009,NY,2,4,HYUND,HUMAN,Not Applicable,HUMAN,Not Applicable,Not Applicable,5NPET46C09H486296
2018,15242299,4 DOOR SEDAN,PASSENGER OR SUBURBAN,Going Straight Ahead,Not Entered,North,Gas,2005,NY,1,4,NISSA,HUMAN,Not Applicable,HUMAN,Not Applicable,Not Applicable,1N4AL11DX5N932208
2018,15242298,4 DOOR SEDAN,PASSENGER OR SUBURBAN,Changing Lanes,Not Entered,North,Gas,2015,NY,2,4,AUDI,HUMAN,Not Applicable,HUMAN,Failure to Yield Right-of-Way,Not Applicable,WAUBFGFF5F1060562
2018,15242327,PICKUP TRUCK,PASSENGER OR SUBURBAN,Slowing or Stopping,Not Entered,East,Gas,2017,NY,1,8,RAM,HUMAN,Not Applicable,ENVMT,Pavement Slippery,Not Applicable,1C6RR7FT0HS565251
2018,15242329,PICKUP TRUCK,PASSENGER OR SUBURBAN,Going Straight Ahead,Not Entered,South,Gas,2018,NY,2,8,CHEVR,HUMAN,Not Applicable,ENVMT,View Obstructed/Limited,Not Entered,3GCUKSEJ9JG222798
2018,15242330,PICKUP TRUCK,AGRICULTURAL TRUCK,Going Straight Ahead,Not Entered,West,Gas,2016,NY,1,8,FORD,HUMAN,Failure to Yield Right-of-Way,ENVMT,Pavement Slippery,Not Entered,1FT7X2B62GEB29796
2018,15242331,SUBURBAN,PASSENGER OR SUBURBAN,Going Straight Ahead,Not Entered,South,Gas,2016,NY,1,4,NISSA,HUMAN,Reaction to Other Uninvolved Vehicle,ENVMT,Pavement Slippery,"Sign Post, Collision With Fixed Object",KNMAT2MV4GP696439
2018,15242332,2 DOOR SEDAN,PASSENGER OR SUBURBAN,Slowing or Stopping,Not Entered,North,Gas,1996,NY,1,6,FORD,HUMAN,Not Applicable,HUMAN,Driver Inexperience*,Not Applicable,1FALP404XTF185877
2018,15242337,4 DOOR SEDAN,PASSENGER OR SUBURBAN,Going Straight Ahead,Not Entered,North,Gas,2004,NY,1,4,NISSA,HUMAN,Not Applicable,HUMAN,Driver Inattention/Distraction*,Not Applicable,3N1CB51DX4L869285
2018,15242334,SUBURBAN,PASSENGER OR SUBURBAN,Stopped in Traffic,Not Entered,West,Gas,2017,NY,1,6,DODGE,HUMAN,Not Applicable,HUMAN,Not Applicable,Not Applicable,1C4RDJAG8HC848103
2018,15242335,4 DOOR SEDAN,PASSENGER OR SUBURBAN,Going Straight Ahead,Not Entered,West,Gas,2017,NY,1,4,HYUND,HUMAN,Not Applicable,VEHICLE,Brakes Defective,Not Applicable,KMHCT4AE2HU275519
2018,15242344,SUBURBAN,PASSENGER OR SUBURBAN,Making U Turn,Not Entered,North,Gas,2012,NY,2,4,SUBAR,HUMAN,Not Applicable,HUMAN,Traffic Control Device Disregarded,Not Applicable,JF2SHABCXCH405403
2018,15242345,PICKUP TRUCK,PASSENGER OR SUBURBAN,Going Straight Ahead,Not Entered,North,Gas,2006,NY,1,8,DODGE,HUMAN,Not Applicable,HUMAN,Following Too Closely,Not Applicable,1D7HW42N86S627159
2018,15242346,PICKUP TRUCK,COMMERCIAL,Starting from Parking,Not Entered,South,Gas,1997,NY,1,4,FORD,HUMAN,Not Applicable,HUMAN,Failure to Yield Right-of-Way,Not Applicable,1FTCR10A5VTA71654
2018,15242347,4 DOOR SEDAN,PASSENGER OR SUBURBAN,Going Straight Ahead,Not Entered,West,Gas,2012,NY,1,4,NISSA,HUMAN,Not Applicable,HUMAN,Not Applicable,Not Applicable,1N4AL2AP7CC158993
2018,15242351,SUBURBAN,PASSENGER OR SUBURBAN,Slowing or Stopping,Not Entered,West,Gas,2007,NY,1,6,NISSA,HUMAN,Not Applicable,HUMAN,Not Applicable,Not Applicable,JN8AZ08W47W633910
2018,15242350,PICKUP TRUCK,AGRICULTURAL TRUCK,Going Straight Ahead,Not Entered,East,Gas,2012,NY,2,6,CHEVR,HUMAN,Driver Inexperience*,HUMAN,Failure to Keep Right,Not Applicable,1GCSGAFX5C1102231
2018,15242356,SUBURBAN,PASSENGER OR SUBURBAN,Going Straight Ahead,Not Entered,East,Gas,2015,NY,1,6,NISSA,HUMAN,Driver Inattention/Distraction*,HUMAN,Following Too Closely,Not Applicable,5N1AZ2MH3FN237854
2018,15242355,4 DOOR SEDAN,PASSENGER OR SUBURBAN,Slowing or Stopping,Not Entered,East,Gas,2006,NY,1,4,TOYOT,HUMAN,Not Applicable,HUMAN,Not Applicable,Not Applicable,2T1BR32E96C663803
2018,15242362,2 DOOR SEDAN,PASSENGER OR SUBURBAN,Going Straight Ahead,Not Entered,North,Gas,2005,NY,1,4,ACURA,HUMAN,Failure to Yield Right-of-Way,HUMAN,Traffic Control Device Disregarded,Not Applicable,JH4DC54805S015856
2018,15242363,PICKUP TRUCK,PASSENGER OR SUBURBAN,Going Straight Ahead,Not Entered,West,Gas,2007,NY,1,8,DODGE,HUMAN,Not Applicable,HUMAN,Not Applicable,Not Applicable,1D7HU18267S217883
2018,15242359,SUBURBAN,PASSENGER OR SUBURBAN,Going Straight Ahead,Not Entered,Southwest,Gas,2002,NY,1,6,JEEP,HUMAN,Unsafe Speed,ENVMT,Pavement Slippery,Not Applicable,1J4GW48S72C297421
2018,15242364,SUBURBAN,PASSENGER OR SUBURBAN,Going Straight Ahead,Not Entered,North,Gas,2002,NY,1,6,NISSA,HUMAN,Not Applicable,ENVMT,Animal's Action,Not Applicable,4N2ZN15T82D813239
2018,15242373,SUBURBAN,OMNIBUS - LIVERY,Going Straight Ahead,Not Entered,West,Gas,2010,NY,1,6,HONDA,HUMAN,Not Applicable,HUMAN,Not Applicable,"Other Motor Vehicle, Collision With",5FNRL3H23AB032157
2018,15242372,4 DOOR SEDAN,PASSENGER OR SUBURBAN,Going Straight Ahead,Not Entered,North,Gas,1999,NY,1,4,TOYOT,HUMAN,Failure to Yield Right-of-Way,HUMAN,Traffic Control Device Disregarded,Not Applicable,4T1BG22K5XU548668
2018,15242374,VAN TRUCK,PASSENGER OR SUBURBAN,Parked,Not Entered,North,Gas,2000,NY,0,6,CHEVR,HUMAN,Not Applicable,HUMAN,Not Applicable,Not Applicable,1GCFG25W3Y1136837
2018,15242380,SUBURBAN,PASSENGER OR SUBURBAN,Stopped in Traffic,Not Entered,South,Gas,2006,NY,1,8,JEEP,HUMAN,Not Applicable,HUMAN,Not Applicable,Not Applicable,1J8HG58N56C198716
2018,15242379,4 DOOR SEDAN,PASSENGER OR SUBURBAN,Going Straight Ahead,Not Entered,East,Gas,2013,NY,1,4,MAZDA,HUMAN,Not Applicable,HUMAN,Driver Inattention/Distraction*,Not Applicable,JM1BL1TF0D1721814
2018,15242377,4 DOOR SEDAN,PASSENGER OR SUBURBAN,Going Straight Ahead,Not Entered,South,Gas,2006,NY,1,6,BUICK,HUMAN,Not Applicable,HUMAN,Alcohol Involvement,Not Applicable,1G4HD57286U135350
2018,15242381,4 DOOR SEDAN,PASSENGER OR SUBURBAN,Going Straight Ahead,Not Entered,West,Gas,2014,NY,1,6,CHEVR,HUMAN,Not Applicable,HUMAN,Following Too Closely,Not Applicable,2G1WB5E3XE1127251
2018,15242382,4 DOOR SEDAN,PASSENGER OR SUBURBAN,Stopped in Traffic,Not Entered,West,Gas,2012,NY,1,4,FORD,HUMAN,Not Applicable,HUMAN,Not Applicable,Not Applicable,1FAHP3K26CL317708
2018,15242388,PICKUP TRUCK,COMMERCIAL,Going Straight Ahead,Not Entered,North,Gas,2011,NY,2,8,TOYOT,HUMAN,Not Applicable,HUMAN,Not Applicable,Not Applicable,5TFUM5F13BX019249
2018,15242387,4 DOOR SEDAN,PASSENGER OR SUBURBAN,Going Straight Ahead,Not Entered,West,Gas,2002,NY,3,6,CHEVR,HUMAN,Not Applicable,HUMAN,Failure to Yield Right-of-Way,Not Applicable,2G1WF52E729206657
2018,15242391,PICKUP TRUCK,AGRICULTURAL TRUCK,Going Straight Ahead,Not Entered,East,Gas,2003,NY,1,8,FORD,HUMAN,Not Applicable,HUMAN,Driver Inattention/Distraction*,Not Entered,2FTRF17WX3CA19626
2018,15242393,SUBURBAN,PASSENGER OR SUBURBAN,Going Straight Ahead,Not Entered,West,Gas,2015,NY,1,4,FORD,HUMAN,Not Applicable,ENVMT,View Obstructed/Limited,Not Applicable,2FMTK4J94FBC06209
2018,15242392,4 DOOR SEDAN,PASSENGER OR SUBURBAN,Stopped in Traffic,Not Entered,West,Gas,2016,NY,1,4,CHEVR,HUMAN,Not Applicable,ENVMT,View Obstructed/Limited,Not Applicable,1G1BE5SM8G7307305
2018,15242398,PICKUP TRUCK,PASSENGER OR SUBURBAN,Going Straight Ahead,Not Entered,West,Gas,2008,NY,1,8,GMC,HUMAN,Not Applicable,ENVMT,Animal's Action,Not Applicable,2GTEK13M481178949
2018,15242400,4 DOOR SEDAN,PASSENGER OR SUBURBAN,Slowing or Stopping,Not Entered,South,Gas,2015,NY,1,4,KIA,HUMAN,Not Applicable,HUMAN,Not Applicable,Not Applicable,5XXGM4A75FG466410
2018,15242399,SUBURBAN,PASSENGER OR SUBURBAN,Going Straight Ahead,Not Entered,South,Gas,2015,NY,1,4,MITSU,HUMAN,Not Applicable,HUMAN,Following Too Closely,Not Applicable,4A4AP3AU5FE007162
2018,15242401,2 DOOR SEDAN,PASSENGER OR SUBURBAN,Going Straight Ahead,Not Entered,East,Gas,1999,NY,2,6,DODGE,HUMAN,Following Too Closely,HUMAN,Unsafe Speed,Not Applicable,4B3AU42N2XE106794
2018,15242402,SUBURBAN,PASSENGER OR SUBURBAN,Going Straight Ahead,Not Entered,East,Gas,2016,NY,1,4,NISSA,HUMAN,Not Applicable,HUMAN,Not Applicable,Not Applicable,JN8AT2MV5GW132566
2018,15242407,4 DOOR SEDAN,PASSENGER OR SUBURBAN,Going Straight Ahead,Not Entered,South,Gas,2004,NY,1,4,DODGE,HUMAN,Not Applicable,HUMAN,Following Too Closely,Not Applicable,1B3ES56C94D545063
2018,15242406,PICKUP TRUCK,PASSENGER OR SUBURBAN,Stopped in Traffic,Not Entered,South,Diesel,2014,NY,1,6,RAM,HUMAN,Not Applicable,HUMAN,Not Applicable,Not Applicable,1C6RR7SMXES341432
2018,15242405,SUBURBAN,PASSENGER OR SUBURBAN,Going Straight Ahead,Not Entered,South,Gas,2015,NY,1,4,NISSA,HUMAN,Not Applicable,HUMAN,Driver Inattention/Distraction*,Not Applicable,KNMAT2MV4FP576350
2018,15242413,SUBURBAN,SPECIAL PASSENGER,Slowing or Stopping,Not Entered,West,Gas,2013,NY,2,6,TOYOT,HUMAN,Not Applicable,HUMAN,Not Applicable,Not Applicable,4T3BK3BB5DU080223
2018,15242412,4 DOOR SEDAN,PASSENGER OR SUBURBAN,Going Straight Ahead,Not Entered,West,Gas,2014,NY,2,4,KIA,HUMAN,Not Applicable,ENVMT,Pavement Slippery,Not Applicable,KNAFK4A62E5087051
2018,15242418,4 DOOR SEDAN,PASSENGER OR SUBURBAN,Going Straight Ahead,Not Entered,East,Gas,2010,NY,1,4,CHEVR,HUMAN,Not Applicable,HUMAN,Unsafe Lane Changing,Not Applicable,1G1AF5F57A7192781
2018,15242421,PICKUP TRUCK,PASSENGER OR SUBURBAN,Going Straight Ahead,Not Entered,East,Gas,2008,NY,1,8,CHEVR,HUMAN,Not Applicable,ENVMT,Pavement Slippery,Not Applicable,1GCEK14098Z185558
2018,15242420,4 DOOR SEDAN,PASSENGER OR SUBURBAN,Going Straight Ahead,Not Entered,South,Gas,2009,NY,1,4,HONDA,HUMAN,Not Applicable,HUMAN,Not Applicable,Not Applicable,2HGFA16549H548075
2018,15242419,PICKUP TRUCK,PASSENGER OR SUBURBAN,Making Left Turn,Not Entered,West,Gas,2003,NY,1,8,CHEVR,HUMAN,Not Applicable,HUMAN,Failure to Yield Right-of-Way,Not Applicable,1GCHK24U33E113146
2018,15242422,4 DOOR SEDAN,PASSENGER OR SUBURBAN,Going Straight Ahead,Not Entered,East,Gas,2005,NY,1,4,DODGE,HUMAN,Driver Inexperience*,ENVMT,Animal's Action,Not Applicable,1B3ES56C55D153490
2018,15242428,PICKUP TRUCK,COMMERCIAL,Making Left Turn,Not Entered,Northeast,Gas,2013,NY,1,8,FORD,HUMAN,Not Applicable,HUMAN,Not Applicable,Not Applicable,1FTFX1EF0DKE72623
2018,15242429,SUBURBAN,PASSENGER OR SUBURBAN,Going Straight Ahead,Not Entered,South,Gas,2014,NY,1,4,BUICK,HUMAN,Not Applicable,ENVMT,Animal's Action,Not Applicable,KL4CJHSB2EB659386