Year,Case Vehicle ID,Vehicle Body Type,Registration Class,Action Prior to Accident,Type / Axles of Truck or Bus,Direction of Travel,Fuel Type,Vehicle Year,State of Registration,Number of Occupants,Engine Cylinders,Vehicle Make,Contributing Factor 1,Contributing Factor 1 Description,Contributing Factor 2,Contributing Factor 2 Description,Event Type,Partial VIN
2018,15242437,SUBURBAN,PASSENGER OR SUBURBAN,Slowing or Stopping,Not Entered,South,Gas,2017,NY,1,4,FORD,HUMAN,Not Applicable,HUMAN,Not Applicable,Not Applicable,1FMCU9JD6HUC05975
2018,15242436,SUBURBAN,ORGANIZATIONAL,Going Straight Ahead,Not Entered,South,Gas,2008,NY,1,6,HONDA,HUMAN,Following Too Closely,ENVMT,Glare,Not Applicable,5FNRL38488B046213
2018,15242447,4 DOOR SEDAN,PASSENGER OR SUBURBAN,Going Straight Ahead,Not Entered,West,Gas,2006,NY,1,4,MAZDA,HUMAN,Not Applicable,ENVMT,Pavement Slippery,Not Applicable,JM1BK323861481985
2018,15242448,4 DOOR SEDAN,PASSENGER OR SUBURBAN,Going Straight Ahead,Not Entered,East,Gas,2006,NY,1,4,HONDA,HUMAN,Unsafe Speed,VEHICLE,Brakes Defective,Not Applicable,1HGCM56476A149924
2018,15242444,SUBURBAN,PASSENGER OR SUBURBAN,Parked,Not Entered,West,Gas,1997,NY,0,8,JEEP,HUMAN,Not Applicable,HUMAN,Not Applicable,Not Applicable,1J4GZ58Y4VC620183
2018,15242443,SUBURBAN,PASSENGER OR SUBURBAN,Going Straight Ahead,Not Entered,West,Gas,2016,NY,1,4,HONDA,HUMAN,Not Applicable,HUMAN,Not Applicable,"Other Motor Vehicle, Collision With",5J6RM4H32GL002661
2018,15242442,SUBURBAN,PASSENGER OR SUBURBAN,Starting from Parking,Not Entered,North,Gas,2017,NY,1,4,NISSA,HUMAN,Not Applicable,VEHICLE,Other*,Not Applicable,JN1BJ1CR2HW133201
2018,15242449,4 DOOR SEDAN,PASSENGER OR SUBURBAN,Going Straight Ahead,Not Entered,West,Gas,2005,NY,1,4,PONTI,HUMAN,Not Applicable,HUMAN,Reaction to Other Uninvolved Vehicle,Not Applicable,5Y2SL63815Z444379
2018,15242457,4 DOOR SEDAN,PASSENGER OR SUBURBAN,Stopped in Traffic,Not Entered,East,Gas,2015,NY,1,4,KIA,HUMAN,Not Applicable,HUMAN,Not Applicable,"Other Motor Vehicle, Collision With",KNADM4A3XF6462106
2018,15242456,4 DOOR SEDAN,PASSENGER OR SUBURBAN,Slowing or Stopping,Not Entered,East,Gas,2005,NY,1,8,CHRYS,HUMAN,Not Applicable,ENVMT,Pavement Slippery,Not Applicable,2C3JA63H75H181367
2018,15242458,4 DOOR SEDAN,PASSENGER OR SUBURBAN,Stopped in Traffic,Not Entered,East,Gas,2010,NY,1,4,HYUND,HUMAN,Not Applicable,HUMAN,Not Applicable,Not Applicable,KMHDU4AD8AU828981
2018,15242463,SUBURBAN,PASSENGER OR SUBURBAN,Making Left Turn,Not Entered,North,Gas,2017,NY,2,4,BMW,HUMAN,Not Applicable,HUMAN,Failure to Yield Right-of-Way,Not Applicable,5UXWX9C55H0D97316
2018,15242464,4 DOOR SEDAN,PASSENGER OR SUBURBAN,Going Straight Ahead,Not Entered,West,Gas,2016,NY,1,4,TOYOT,HUMAN,Not Applicable,HUMAN,Not Applicable,Not Applicable,4T4BF1FK8GR529318
2018,15242467,4 DOOR SEDAN,PASSENGER OR SUBURBAN,Going Straight Ahead,Not Entered,South,Gas,2012,NY,1,4,HONDA,HUMAN,Not Applicable,HUMAN,Driver Inattention/Distraction*,Not Applicable,2HGFB2F81CH502529
2018,15242468,4 DOOR SEDAN,PASSENGER OR SUBURBAN,Slowing or Stopping,Not Entered,South,Diesel,2015,NY,2,4,VOLKS,HUMAN,Not Applicable,HUMAN,Not Applicable,Not Applicable,1VWBV7A36FC067296
2018,15242469,4 DOOR SEDAN,PASSENGER OR SUBURBAN,Going Straight Ahead,Not Entered,West,Gas,2007,NY,1,6,TOYOT,HUMAN,Unsafe Lane Changing,HUMAN,Fatigued/Drowsy,Not Applicable,4T1BK36B47U187688
2018,15242473,4 DOOR SEDAN,PASSENGER OR SUBURBAN,Going Straight Ahead,Not Entered,West,Gas,2004,NY,3,6,NISSA,HUMAN,Not Applicable,HUMAN,Passing or Lane Usage Improper,Not Applicable,1N4BA41E54C929098
2018,15242474,PICKUP TRUCK,PASSENGER OR SUBURBAN,Stopped in Traffic,Not Entered,West,Gas,2017,NY,1,6,TOYOT,HUMAN,Not Applicable,HUMAN,Not Applicable,Not Applicable,3TMDZ5BN5HM031637
2018,15242489,SUBURBAN,PASSENGER OR SUBURBAN,Going Straight Ahead,Not Entered,East,Gas,2010,NY,1,6,TOYOT,HUMAN,Not Applicable,HUMAN,Driver Inattention/Distraction*,Not Applicable,JTEJW3EH1A2039166
2018,15242490,4 DOOR SEDAN,PASSENGER OR SUBURBAN,Stopped in Traffic,Not Entered,East,Gas,2006,NY,1,4,HYUND,HUMAN,Not Applicable,HUMAN,Not Applicable,Not Applicable,KMHDN46D66U296613
2018,15242487,PICKUP TRUCK,PASSENGER OR SUBURBAN,Going Straight Ahead,Not Entered,East,Gas,1986,NY,1,8,GMC,HUMAN,Not Applicable,HUMAN,Following Too Closely,Not Applicable,1GTGC24W4GS534231
2018,15242488,4 DOOR SEDAN,PASSENGER OR SUBURBAN,Slowing or Stopping,Not Entered,East,Gas,2016,NY,1,4,FORD,HUMAN,Not Applicable,HUMAN,Not Applicable,Not Applicable,1FADP3F22GL389181
2018,15242493,4 DOOR SEDAN,PASSENGER OR SUBURBAN,Making Left Turn,Not Entered,West,Gas,2017,NY,1,4,HYUND,HUMAN,Not Applicable,HUMAN,Turning Improperly,Not Applicable,5NPD74LF9HH087609
2018,15242494,4 DOOR SEDAN,PASSENGER OR SUBURBAN,Going Straight Ahead,Not Entered,North,Gas,2007,NY,2,4,SUZUK,HUMAN,Not Applicable,HUMAN,Not Applicable,Not Applicable,KL5JD66Z47K507053
2018,15242495,4 DOOR SEDAN,PASSENGER OR SUBURBAN,Starting in Traffic,Not Entered,West,Gas,2012,NY,1,4,HONDA,HUMAN,Not Applicable,HUMAN,Failure to Yield Right-of-Way,Not Applicable,2HGFB2F52CH610325
2018,15242496,4 DOOR SEDAN,PASSENGER OR SUBURBAN,Going Straight Ahead,Not Entered,Northwest,Gas,2003,NY,1,4,SATUR,HUMAN,Not Applicable,HUMAN,Not Applicable,Not Applicable,1G8AJ52F53Z181431
2018,15242497,4 DOOR SEDAN,PASSENGER OR SUBURBAN,Going Straight Ahead,Not Entered,North,Gas,1999,NY,1,8,FORD,HUMAN,Not Applicable,HUMAN,Unsafe Speed,Not Applicable,2FAFP71W8XX163109
2018,15242499,4 DOOR SEDAN,PASSENGER OR SUBURBAN,Going Straight Ahead,Not Entered,South,Gas,2005,NY,1,6,FORD,HUMAN,Not Applicable,HUMAN,Traffic Control Device Disregarded,Not Applicable,1FAFP53285A170307
2018,15242500,SUBURBAN,PASSENGER OR SUBURBAN,Going Straight Ahead,Not Entered,East,Gas,2015,NY,1,4,SUBAR,HUMAN,Not Applicable,HUMAN,Not Applicable,Not Applicable,4S4BSACC0F3311137
2018,15242501,4 DOOR SEDAN,PASSENGER OR SUBURBAN,Backing,Not Entered,North,Gas,2011,NY,2,4,HYUND,HUMAN,Not Applicable,HUMAN,Backing Unsafely,Not Applicable,5NPDH4AE4BH056198
2018,15242502,4 DOOR SEDAN,PASSENGER OR SUBURBAN,Stopped in Traffic,Not Entered,South,Gas,2017,NY,1,4,HONDA,HUMAN,Not Applicable,HUMAN,Not Applicable,Not Applicable,19XFC2F74HE216793
2018,15242509,SUBURBAN,PASSENGER OR SUBURBAN,Slowing or Stopping,Not Entered,North,Gas,2015,NY,1,6,CHEVR,HUMAN,Not Applicable,HUMAN,Following Too Closely,Not Applicable,2GNFLGE36F6325546
2018,15242510,SUBURBAN,POLITICAL SUBDIVISION,Stopped in Traffic,Not Entered,North,Gas,2017,NY,2,4,CHEVR,HUMAN,Not Applicable,HUMAN,Not Applicable,Not Applicable,2GNFLEEK7H6320967
2018,15242515,4 DOOR SEDAN,PASSENGER OR SUBURBAN,Making Left Turn,Not Entered,Northeast,Gas,2003,NY,1,6,CHEVR,HUMAN,Not Applicable,HUMAN,Failure to Yield Right-of-Way,Not Applicable,2G1WH52K139161118
2018,15242516,2 DOOR SEDAN,PASSENGER OR SUBURBAN,Going Straight Ahead,Not Entered,West,Gas,1998,NY,3,4,HONDA,HUMAN,Not Applicable,HUMAN,Not Applicable,Not Applicable,2HGEJ6322WH119791
2018,15242543,SUBURBAN,PASSENGER OR SUBURBAN,Going Straight Ahead,Not Entered,East,Gas,2011,NY,1,6,HONDA,HUMAN,Driver Inattention/Distraction*,ENVMT,Glare,"Other Motor Vehicle, Collision With",5FNYF4H54BB065236
2018,15242542,DUMP,POLITICAL SUBDIVISION,Going Straight Ahead,Not Entered,North,Diesel,1998,NY,1,6,MACK,HUMAN,Not Applicable,HUMAN,Not Applicable,"Other Motor Vehicle, Collision With",1M2P267C1WM036708
2018,15242545,4 DOOR SEDAN,PASSENGER OR SUBURBAN,Going Straight Ahead,Not Entered,North,Gas,2012,NY,1,6,CADIL,HUMAN,Not Applicable,ENVMT,Animal's Action,Not Applicable,1G6DC5E54C0147410
2018,15242546,4 DOOR SEDAN,PASSENGER OR SUBURBAN,Slowing or Stopping,Not Entered,North,Gas,2006,NY,1,6,BUICK,HUMAN,Not Applicable,HUMAN,Driver Inattention/Distraction*,Not Applicable,2G4WD582X61138249
2018,15242547,SUBURBAN,PASSENGER OR SUBURBAN,Stopped in Traffic,Not Entered,North,Gas,2017,NY,1,4,FORD,HUMAN,Not Applicable,HUMAN,Not Applicable,Not Applicable,1FMCU9GD0HUD02502
2018,15242550,4 DOOR SEDAN,PASSENGER OR SUBURBAN,Going Straight Ahead,Not Entered,North,Gas,2012,NY,1,6,CHEVR,HUMAN,Not Applicable,ENVMT,Animal's Action,Not Applicable,2G1WB5E33C1200490
2018,15242565,4 DOOR SEDAN,PASSENGER OR SUBURBAN,Going Straight Ahead,Not Entered,South,Gas,2006,NY,1,6,CHEVR,HUMAN,Not Applicable,HUMAN,Unknown,Not Entered,2G1WT58K269418409
2018,15242566,PICKUP TRUCK,PASSENGER OR SUBURBAN,Making Left Turn,Not Entered,North,Gas,2011,NY,2,8,FORD,HUMAN,Not Applicable,HUMAN,Unknown,Not Entered,1FTFW1EF1BFB31644
2018,15242571,SUBURBAN,PASSENGER OR SUBURBAN,Going Straight Ahead,Not Entered,West,Gas,2016,NY,2,4,SUBAR,HUMAN,Unknown,ENVMT,Obstruction/ Debris,Not Applicable,JF2SJAGC4GH513633
2018,15242602,4 DOOR SEDAN,PASSENGER OR SUBURBAN,Parked,Not Entered,East,Gas,2013,NY,0,4,NISSA,HUMAN,Not Applicable,HUMAN,Not Applicable,Not Applicable,3N1AB7AP1DL737335
2018,15242601,VAN TRUCK,AGRICULTURAL TRUCK,Backing,Not Entered,North,Gas,2000,NY,1,8,GMC,HUMAN,Not Applicable,HUMAN,Backing Unsafely,Not Applicable,1GDHG31R0Y1134845
2018,15242603,4 DOOR SEDAN,PASSENGER OR SUBURBAN,Making Right Turn,Not Entered,South,Gas,2003,NY,1,6,ME/BE,ENVMT,Pavement Slippery,ENVMT,View Obstructed/Limited,Not Applicable,WDBRF61J53F307843
2018,15242604,DUMP,POLITICAL SUBDIVISION,Slowing or Stopping,Not Entered,North,Diesel,2000,NY,1,6,OSHKO,HUMAN,Not Applicable,HUMAN,Not Applicable,Not Applicable,10TBECY32YS067155
2018,15242614,SUBURBAN,PASSENGER OR SUBURBAN,Going Straight Ahead,Not Entered,West,Gas,2015,NY,1,6,NISSA,HUMAN,Not Applicable,HUMAN,Not Applicable,Not Applicable,5N1AR2MMXFC623650
2018,15242613,SUBURBAN,PASSENGER OR SUBURBAN,Making Left Turn,Not Entered,East,Gas,2011,NY,1,6,MITSU,HUMAN,Failure to Yield Right-of-Way,HUMAN,Turning Improperly,Not Applicable,4A4JM3AS2BE029086
2018,15242625,SUBURBAN,PASSENGER OR SUBURBAN,Going Straight Ahead,Not Entered,West,Gas,2006,NY,2,6,DODGE,HUMAN,Not Applicable,HUMAN,Traffic Control Device Disregarded,Not Applicable,2D4GP44LX6R800344
2018,15242624,SUBURBAN,PASSENGER OR SUBURBAN,Going Straight Ahead,Not Entered,North,Gas,2014,NY,1,4,CHEVR,HUMAN,Not Applicable,HUMAN,Not Applicable,Not Applicable,2GNALBEK1E6346775
2018,15242634,4 DOOR SEDAN,PASSENGER OR SUBURBAN,Going Straight Ahead,Not Entered,Southwest,Gas,2004,NY,2,4,SATUR,HUMAN,Unsafe Speed,ENVMT,Pavement Slippery,"Tree, Collision With Fixed Object",1G8AJ52F04Z172430
2018,15242635,PICKUP TRUCK,PASSENGER OR SUBURBAN,Starting in Traffic,Not Entered,South,Gas,1996,NY,1,8,DODGE,HUMAN,Not Applicable,HUMAN,Following Too Closely,Not Applicable,1B7HF16Y8TS628126
2018,15242637,PICKUP TRUCK,PASSENGER OR SUBURBAN,Going Straight Ahead,Not Entered,South,Gas,2009,NY,1,6,CHEVR,HUMAN,Not Applicable,ENVMT,Pavement Slippery,Not Applicable,1GCEK14X99Z226947
2018,15242686,SUBURBAN,PASSENGER OR SUBURBAN,Going Straight Ahead,Not Entered,North,Gas,2004,NY,1,6,MERCU,HUMAN,Not Applicable,ENVMT,Glare,Not Applicable,4M2ZU86E54UJ15795
2018,15242685,4 DOOR SEDAN,PASSENGER OR SUBURBAN,Making Left Turn,Not Entered,East,Gas,2000,NY,1,4,NISSA,HUMAN,Not Applicable,HUMAN,Not Applicable,Not Applicable,1N4DL01D6YC196777
2018,15242687,SUBURBAN,PASSENGER OR SUBURBAN,Slowing or Stopping,Not Entered,East,Gas,2008,NY,1,6,JEEP,HUMAN,Not Applicable,HUMAN,Not Applicable,Not Applicable,1J8GN58K88W284837
2018,15242688,SUBURBAN,PASSENGER OR SUBURBAN,Going Straight Ahead,Not Entered,East,Gas,1998,NY,1,6,JEEP,HUMAN,Driver Inattention/Distraction*,HUMAN,Following Too Closely,Not Applicable,1J4FJ68S9WL116153
2018,15242689,2 DOOR SEDAN,PASSENGER OR SUBURBAN,Going Straight Ahead,Not Entered,East,Gas,1997,NY,1,4,CHEVR,HUMAN,Not Applicable,HUMAN,Not Applicable,Not Applicable,1G1JC1243VM123690
2018,15242690,PICKUP TRUCK,PASSENGER OR SUBURBAN,Making U Turn,Not Entered,Northeast,Gas,1986,NY,1,6,JEEP,HUMAN,Traffic Control Device Disregarded,HUMAN,Turning Improperly,Not Applicable,1JTWA6619GT195596
2018,15242692,4 DOOR SEDAN,PASSENGER OR SUBURBAN,Going Straight Ahead,Not Entered,North,Gas,2013,NY,1,4,TOYOT,HUMAN,Driver Inattention/Distraction*,HUMAN,Failure to Keep Right,Not Applicable,4T4BF1FK8DR300116
2018,15242691,SUBURBAN,PASSENGER OR SUBURBAN,Parked,Not Entered,South,Gas,2009,NY,0,4,FORD,HUMAN,Not Applicable,HUMAN,Not Applicable,Not Applicable,1FMCU92789KB62763
2018,15242694,4 DOOR SEDAN,PASSENGER OR SUBURBAN,Making Left Turn,Not Entered,West,Gas,2011,NY,1,4,HONDA,HUMAN,Not Applicable,HUMAN,Turning Improperly,Not Applicable,1HGCP2F49BA014153
2018,15242693,SUBURBAN,PASSENGER OR SUBURBAN,Going Straight Ahead,Not Entered,South,Gas,2017,NY,1,4,HONDA,HUMAN,Not Applicable,HUMAN,Not Applicable,Not Applicable,2HKRW2H51HH623871
2018,15242696,SUBURBAN,PASSENGER OR SUBURBAN,Going Straight Ahead,Not Entered,South,Gas,2003,NY,1,6,NISSA,HUMAN,Not Applicable,HUMAN,Passing or Lane Usage Improper,Not Applicable,5N1ED28Y33C674657
2018,15242695,SUBURBAN,PASSENGER OR SUBURBAN,Going Straight Ahead,Not Entered,South,Gas,2016,NY,1,4,HONDA,HUMAN,Not Applicable,HUMAN,Passing or Lane Usage Improper,Not Applicable,5J6RM4H54GL094213
2018,15242701,4 DOOR SEDAN,PASSENGER OR SUBURBAN,Going Straight Ahead,Not Entered,West,Gas,2009,NY,1,4,NISSA,HUMAN,Not Applicable,HUMAN,Not Applicable,"Fire Hydrant, Collision With Fixed Object",1N4AL21EX9N412773
2018,15242702,4 DOOR SEDAN,PASSENGER OR SUBURBAN,Making Left Turn,Not Entered,Northeast,Gas,2014,NY,1,5,VOLVO,HUMAN,Failure to Yield Right-of-Way,ENVMT,Glare,Not Applicable,YV1612FH6E2286605
2018,15242705,4 DOOR SEDAN,PASSENGER OR SUBURBAN,Going Straight Ahead,Not Entered,East,Gas,2012,NY,1,4,TOYOT,HUMAN,Not Applicable,HUMAN,Not Applicable,Not Applicable,JTDKN3DU4C1538711
2018,15242706,4 DOOR SEDAN,SPECIAL PASSENGER,Changing Lanes,Not Entered,East,Gas,2000,NY,1,4,TOYOT,HUMAN,Not Applicable,HUMAN,Unsafe Lane Changing,Not Applicable,JT3HP10V1Y7156393
2018,15242714,4 DOOR SEDAN,PASSENGER OR SUBURBAN,Slowing or Stopping,Not Entered,South,Gas,2007,NY,1,4,NISSA,HUMAN,Not Applicable,HUMAN,Following Too Closely,Not Applicable,1N4AL21E97C213884
2018,15242713,SUBURBAN,PASSENGER OR SUBURBAN,Stopped in Traffic,Not Entered,South,Gas,2017,NY,1,8,CHEVR,HUMAN,Not Applicable,HUMAN,Not Applicable,Not Applicable,1GNSKGKC1HR343630
2018,15242710,SUBURBAN,PASSENGER OR SUBURBAN,Slowing or Stopping,Not Entered,South,Gas,2014,NY,1,6,CHEVR,HUMAN,Not Applicable,HUMAN,Driver Inattention/Distraction*,Not Applicable,1GCSGAFXXE1111011
2018,15242709,SUBURBAN,PASSENGER OR SUBURBAN,Stopped in Traffic,Not Entered,South,Gas,2018,NY,1,4,JEEP,HUMAN,Not Applicable,HUMAN,Not Applicable,Not Applicable,3C4NJDBB9JT130940
2018,15242715,SUBURBAN,PASSENGER OR SUBURBAN,Stopped in Traffic,Not Entered,North,Gas,2007,NY,4,6,NISSA,HUMAN,Not Applicable,HUMAN,Not Applicable,Not Applicable,5N1BV28U77N111103
2018,15242716,4 DOOR SEDAN,PASSENGER OR SUBURBAN,Going Straight Ahead,Not Entered,North,Gas,2016,NY,1,4,HONDA,HUMAN,Not Applicable,HUMAN,Driver Inattention/Distraction*,Not Applicable,1HGCR2F51GA117593
2018,15242717,2 DOOR SEDAN,PASSENGER OR SUBURBAN,Stopped in Traffic,Not Entered,East,Gas,2013,NY,3,6,INFIN,HUMAN,Not Applicable,HUMAN,Not Applicable,Not Applicable,JN1CV6EL3DM981379
2018,15242718,SUBURBAN,PASSENGER OR SUBURBAN,Stopped in Traffic,Not Entered,East,Gas,2016,NY,1,4,BUICK,HUMAN,Not Applicable,HUMAN,Not Applicable,Not Applicable,KL4CJBSB0GB520955
2018,15242726,4 DOOR SEDAN,PASSENGER OR SUBURBAN,Going Straight Ahead,Not Entered,West,Gas,2012,NY,1,4,MAZDA,HUMAN,Following Too Closely,HUMAN,Unsafe Speed,Not Applicable,JM1BL1V83C1611899
2018,15242725,4 DOOR SEDAN,PASSENGER OR SUBURBAN,Stopped in Traffic,Not Entered,West,Gas,2014,NY,1,6,INFIN,HUMAN,Not Applicable,HUMAN,Not Applicable,Not Applicable,JN1BY1AR5EM320177
2018,15423034,PICKUP TRUCK,PASSENGER OR SUBURBAN,Going Straight Ahead,Not Entered,West,Gas,2003,NY,1,8,DODGE,HUMAN,Alcohol Involvement,HUMAN,Traffic Control Device Disregarded,Not Applicable,1D7HU18Z23J532550
2018,15423033,4 DOOR SEDAN,PASSENGER OR SUBURBAN,Making Left Turn,Not Entered,Southeast,Gas,2014,NY,1,4,FORD,HUMAN,Not Applicable,HUMAN,Not Applicable,Not Applicable,1FADP3K26EL152101
2018,15242730,4 DOOR SEDAN,PASSENGER OR SUBURBAN,Slowing or Stopping,Not Entered,East,Gas,2015,NY,1,4,TOYOT,HUMAN,Not Applicable,HUMAN,Not Applicable,Not Applicable,2T1BURHE5FC246896
2018,15242731,4 DOOR SEDAN,PASSENGER OR SUBURBAN,Slowing or Stopping,Not Entered,East,Gas,2017,NY,1,4,TOYOT,HUMAN,Not Applicable,HUMAN,Not Applicable,Not Applicable,4T1BF1FKXHU287921
2018,15242737,SUBURBAN,PASSENGER OR SUBURBAN,Stopped in Traffic,Not Entered,West,Gas,2014,NY,1,4,TOYOT,HUMAN,Not Applicable,HUMAN,Not Applicable,Not Applicable,2T3DFREV5EW181219
2018,15242736,4 DOOR SEDAN,PASSENGER OR SUBURBAN,Slowing or Stopping,Not Entered,West,Gas,2016,NY,1,4,FORD,HUMAN,Not Applicable,HUMAN,Following Too Closely,Not Applicable,3FADP4EJ3GM160067
2018,15242735,SUBURBAN,PASSENGER OR SUBURBAN,Going Straight Ahead,Not Entered,West,Gas,2017,NY,1,6,KIA,HUMAN,Not Applicable,ENVMT,Obstruction/ Debris,Not Applicable,5XYPHDA58HG246826
2018,15242739,4 DOOR SEDAN,PASSENGER OR SUBURBAN,Slowing or Stopping,Not Entered,West,Gas,2011,NY,2,4,MAZDA,HUMAN,Not Applicable,HUMAN,Driver Inattention/Distraction*,Not Applicable,JM1BL1U63B1386706
2018,15242738,SUBURBAN,PASSENGER OR SUBURBAN,Slowing or Stopping,Not Entered,West,Gas,2016,NY,1,4,MAZDA,HUMAN,Not Applicable,HUMAN,Not Applicable,Not Applicable,JM3KE4CY9G0875873
2018,15242741,SUBURBAN,PASSENGER OR SUBURBAN,Slowing or Stopping,Not Entered,West,Gas,1998,NY,1,6,ME/BE,HUMAN,Not Applicable,HUMAN,Not Applicable,Not Applicable,4JGAB54E3WA029928
2018,15242740,4 DOOR SEDAN,PASSENGER OR SUBURBAN,Going Straight Ahead,Not Entered,West,Gas,2017,NY,1,4,HYUND,HUMAN,Driver Inattention/Distraction*,HUMAN,Following Too Closely,Not Applicable,5NPD84LF0HH199678
2018,15242749,4 DOOR SEDAN,PASSENGER OR SUBURBAN,Going Straight Ahead,Not Entered,South,Gas,2002,NY,1,4,SUZUK,HUMAN,Not Applicable,HUMAN,Driver Inattention/Distraction*,Not Applicable,JS2RA41S425103414
2018,15242750,VAN TRUCK,POLITICAL SUBDIVISION,Making Left Turn,Not Entered,East,Diesel,2008,NY,2,8,FORD,HUMAN,Not Applicable,HUMAN,Unknown,Not Applicable,1FD4E45P18DA35582
2018,15242761,SUBURBAN,PASSENGER OR SUBURBAN,Slowing or Stopping,Not Entered,West,Gas,2006,NY,1,6,TOYOT,HUMAN,Not Applicable,HUMAN,Not Applicable,Not Applicable,5TDZA22C36S538639
2018,15242766,PICKUP TRUCK,PASSENGER OR SUBURBAN,Making Right Turn,Not Entered,North,Gas,2013,NY,2,8,CHEVR,HUMAN,Not Applicable,ENVMT,View Obstructed/Limited,Not Applicable,1GCRKSE7XDZ246722
2018,15242768,SUBURBAN,PASSENGER OR SUBURBAN,Slowing or Stopping,Not Entered,South,Gas,2007,NY,1,6,HONDA,HUMAN,Not Applicable,HUMAN,Not Applicable,Not Applicable,2HKYF185X7H504561
2018,15242779,SUBURBAN,PASSENGER OR SUBURBAN,Going Straight Ahead,Not Entered,East,Gas,2009,NY,1,4,NISSA,HUMAN,Not Applicable,HUMAN,Lost Consciousness,Not Applicable,JN8AS58V89W175851
2018,15242782,SUBURBAN,PASSENGER OR SUBURBAN,Slowing or Stopping,Not Entered,East,Gas,2007,NY,1,8,FORD,HUMAN,Not Applicable,HUMAN,Following Too Closely,Not Applicable,1FMEU53877UA10693
2018,15242781,4 DOOR SEDAN,PASSENGER OR SUBURBAN,Stopped in Traffic,Not Entered,East,Gas,2012,NY,1,4,NISSA,HUMAN,Not Applicable,HUMAN,Not Applicable,"Other Motor Vehicle, Collision With",1N4AL2AP7CN486385
2018,15242780,SUBURBAN,PASSENGER OR SUBURBAN,Stopped in Traffic,Not Entered,East,Gas,2011,NY,1,6,CHRYS,HUMAN,Not Applicable,HUMAN,Not Applicable,Not Applicable,2A4RR8DG8BR607138
2018,15242785,4 DOOR SEDAN,PASSENGER OR SUBURBAN,Slowing or Stopping,Not Entered,North,Gas,2017,NY,1,4,NISSA,HUMAN,Physical Disability,VEHICLE,Brakes Defective,Not Entered,1N4AL3AP4HN361020
2018,15242783,2 DOOR SEDAN,PASSENGER OR SUBURBAN,Stopped in Traffic,Not Entered,North,Gas,2006,NY,2,4,MINI,HUMAN,Not Applicable,HUMAN,Not Applicable,Not Entered,WMWRE33586TJ33577
2018,15242784,4 DOOR SEDAN,PASSENGER OR SUBURBAN,Stopped in Traffic,Not Entered,North,Electric,2017,NY,2,0,TESLA,HUMAN,Not Applicable,HUMAN,Not Applicable,Not Entered,5YJSA1E28HF188382
2018,15242788,SUBURBAN,PASSENGER OR SUBURBAN,Slowing or Stopping,Not Entered,West,Gas,2008,NY,1,4,HONDA,HUMAN,Not Applicable,HUMAN,Following Too Closely,Not Applicable,5J6YH28778L008349
2018,15242787,SUBURBAN,PASSENGER OR SUBURBAN,Going Straight Ahead,Not Entered,West,Gas,2008,NY,1,6,HYUND,HUMAN,Not Applicable,HUMAN,Not Applicable,Unknown,5NMSH73E78H189971
2018,15242803,SUBURBAN,PASSENGER OR SUBURBAN,Slowing or Stopping,Not Entered,South,Gas,2017,NY,1,4,LA/RO,HUMAN,Following Too Closely,HUMAN,Unsafe Speed,Not Applicable,SALVP2BG2HH224948
2018,15242802,4 DOOR SEDAN,PASSENGER OR SUBURBAN,Going Straight Ahead,Not Entered,South,Gas,2015,NY,1,4,HONDA,HUMAN,Not Applicable,HUMAN,Not Applicable,Not Applicable,1HGCR2F77FA274125
2018,15242805,2 DOOR SEDAN,PASSENGER OR SUBURBAN,Going Straight Ahead,Not Entered,West,Gas,2000,NY,1,4,HONDA,HUMAN,Driver Inattention/Distraction*,HUMAN,Unsafe Speed,Not Applicable,1HGEJ814XYL049737
2018,15242804,SUBURBAN,PASSENGER OR SUBURBAN,Stopped in Traffic,Not Entered,East,Gas,2017,NY,1,4,VOLKS,HUMAN,Not Applicable,HUMAN,Not Applicable,Not Applicable,WVGSV7AX4HK016213
2018,15242813,VAN TRUCK,OMNIBUS - TAXI,Going Straight Ahead,Not Entered,West,Gas,2007,NY,2,8,FORD,HUMAN,Not Applicable,HUMAN,Failure to Yield Right-of-Way,"Sign Post, Collision With Fixed Object",1FTNS24W47DB44020
2018,15242812,BUS (OMNIBUS),SCHOOL CAR,Going Straight Ahead,Not Entered,South,Diesel,2012,NY,4,8,CHEVR,HUMAN,Not Applicable,HUMAN,Not Applicable,Not Applicable,1GB9G5AL5A1176602
2018,15242815,2 DOOR SEDAN,PASSENGER OR SUBURBAN,Backing,Not Entered,West,Gas,2007,NY,1,4,TOYOT,HUMAN,Not Applicable,HUMAN,Backing Unsafely,Not Applicable,JTKDE177370200661
2018,15242814,CONVERTIBLE,PASSENGER OR SUBURBAN,Parked,Not Entered,West,Gas,2004,NY,1,6,ME/BE,HUMAN,Not Applicable,HUMAN,Not Applicable,Not Applicable,WDBTK65G44T024188
2018,15242817,SUBURBAN,PASSENGER OR SUBURBAN,Going Straight Ahead,Not Entered,South,Gas,2008,NY,1,8,CHEVR,HUMAN,Not Applicable,HUMAN,Traffic Control Device Disregarded,Not Applicable,1GNET13H482105975
2018,15242816,SUBURBAN,PASSENGER OR SUBURBAN,Going Straight Ahead,Not Entered,East,Gas,2015,NY,1,4,FORD,HUMAN,Not Applicable,HUMAN,Not Applicable,Not Applicable,1FMCU0GX6FUA34980