Year,Case Vehicle ID,Vehicle Body Type,Registration Class,Action Prior to Accident,Type / Axles of Truck or Bus,Direction of Travel,Fuel Type,Vehicle Year,State of Registration,Number of Occupants,Engine Cylinders,Vehicle Make,Contributing Factor 1,Contributing Factor 1 Description,Contributing Factor 2,Contributing Factor 2 Description,Event Type,Partial VIN
2018,15242821,4 DOOR SEDAN,PASSENGER OR SUBURBAN,Going Straight Ahead,Not Entered,North,Gas,2007,NY,1,4,HONDA,HUMAN,Failure to Yield Right-of-Way,HUMAN,Traffic Control Device Disregarded,Not Applicable,1HGCM56427A102012
2018,15242820,BUS (OMNIBUS),OMNIBUS - REGULAR,Starting in Traffic,Not Entered,West,Diesel,2018,NY,1,6,BL/BI,HUMAN,Not Applicable,HUMAN,Not Applicable,Not Applicable,1BAKFCSA6JF343502
2018,15242822,SUBURBAN,PASSENGER OR SUBURBAN,Going Straight Ahead,Not Entered,East,Gas,2007,NY,1,6,HONDA,HUMAN,Not Applicable,HUMAN,Not Applicable,Not Applicable,2HKYF185X7H524485
2018,15242823,4 DOOR SEDAN,PASSENGER OR SUBURBAN,Going Straight Ahead,Not Entered,North,Gas,2010,NY,1,4,TOYOT,HUMAN,Not Applicable,HUMAN,Failure to Yield Right-of-Way,Not Applicable,1NXBU4EE4AZ197057
2018,15242831,4 DOOR SEDAN,PASSENGER OR SUBURBAN,Going Straight Ahead,Not Entered,North,Gas,2006,NY,1,4,HONDA,HUMAN,Unknown,HUMAN,Unknown,Not Applicable,1HGCM56456A007197
2018,15242830,4 DOOR SEDAN,PASSENGER OR SUBURBAN,Backing,Not Entered,West,Gas,2010,NY,1,6,DODGE,HUMAN,Unknown,HUMAN,Backing Unsafely,Not Applicable,2B3CA3CV6AH216887
2018,15242829,SUBURBAN,PASSENGER OR SUBURBAN,Going Straight Ahead,Not Entered,North,Gas,2005,NY,1,6,ACURA,HUMAN,Not Applicable,HUMAN,Following Too Closely,Not Applicable,2HNYD18845H529391
2018,15242828,4 DOOR SEDAN,PASSENGER OR SUBURBAN,Stopped in Traffic,Not Entered,North,Gas,2005,NY,2,4,NISSA,HUMAN,Not Applicable,HUMAN,Not Applicable,Not Applicable,1N4AL11E55C311480
2018,15242837,4 DOOR SEDAN,PASSENGER OR SUBURBAN,Slowing or Stopping,Not Entered,South,Gas,2007,NY,1,4,NISSA,HUMAN,Unknown,HUMAN,Driver Inattention/Distraction*,Not Applicable,3N1BC13E97L355908
2018,15242836,SUBURBAN,PASSENGER OR SUBURBAN,Slowing or Stopping,Not Entered,South,Gas,2009,NY,1,6,NISSA,HUMAN,Not Applicable,HUMAN,Not Applicable,Not Applicable,JN8AZ18W49W156730
2018,15242839,SUBURBAN,PASSENGER OR SUBURBAN,Going Straight Ahead,Not Entered,South,Gas,2012,NY,1,4,AUDI,HUMAN,Passing or Lane Usage Improper,HUMAN,Reaction to Other Uninvolved Vehicle,Not Applicable,WA1LFAFP4CA067540
2018,15242846,4 DOOR SEDAN,PASSENGER OR SUBURBAN,Making Left Turn,Not Entered,Southeast,Gas,2016,NY,2,4,TOYOT,HUMAN,Not Applicable,HUMAN,Not Applicable,Not Applicable,4T1BF1FK2GU149241
2018,15242845,SUBURBAN,SPECIAL PASSENGER,Making Right Turn,Not Entered,Northeast,Gas,2009,NY,3,4,HYUND,HUMAN,Not Applicable,HUMAN,Failure to Yield Right-of-Way,Not Applicable,KM8JM12B79U999117
2018,15242848,4 DOOR SEDAN,PASSENGER OR SUBURBAN,Going Straight Ahead,Not Entered,West,Gas,2003,NY,1,6,HONDA,HUMAN,Not Applicable,HUMAN,Driver Inattention/Distraction*,Not Applicable,1HGCM665X3A075456
2018,15242847,SUBURBAN,PASSENGER OR SUBURBAN,Making Left Turn,Not Entered,Southwest,Gas,2015,NY,1,6,HONDA,HUMAN,Not Applicable,HUMAN,Not Applicable,Not Applicable,5FNYF4H76FB044900
2018,15242858,4 DOOR SEDAN,PASSENGER OR SUBURBAN,Making Left Turn,Not Entered,East,Gas,2002,NY,1,4,HONDA,HUMAN,Not Applicable,HUMAN,Not Applicable,Not Applicable,1HGEM22092L028191
2018,15242857,SUBURBAN,PASSENGER OR SUBURBAN,Going Straight Ahead,Not Entered,South,Gas,2016,NY,3,8,JEEP,HUMAN,Not Applicable,HUMAN,Unknown,Not Applicable,1C4RJFCT4GC370650
2018,15242866,DUMP,COMMERCIAL,Making Right Turn,Not Entered,South,Diesel,1990,NY,1,6,MACK,HUMAN,Not Applicable,HUMAN,Failure to Keep Right,Not Applicable,1M3P114K2LM001149
2018,15242867,SUBURBAN,PASSENGER OR SUBURBAN,Going Straight Ahead,Not Entered,South,Gas,2017,NY,3,4,VOLKS,HUMAN,Not Applicable,HUMAN,Following Too Closely,Not Applicable,WVGSV7AXXHK031394
2018,15242861,PICKUP TRUCK,PASSENGER OR SUBURBAN,Stopped in Traffic,Not Entered,West,Gas,2004,NY,1,8,CHEVR,HUMAN,Not Applicable,HUMAN,Not Applicable,Not Applicable,2GCEK19T041129370
2018,15242863,4 DOOR SEDAN,PASSENGER OR SUBURBAN,Slowing or Stopping,Not Entered,West,Gas,2006,NY,1,4,ACURA,HUMAN,Not Applicable,HUMAN,Following Too Closely,Not Applicable,JH4CL96996C029372
2018,15242862,4 DOOR SEDAN,PASSENGER OR SUBURBAN,Stopped in Traffic,Not Entered,West,Gas,2016,NY,1,4,HYUND,HUMAN,Not Applicable,HUMAN,Not Applicable,"Other Motor Vehicle, Collision With",5NPE34AF5GH317650
2018,15242864,SUBURBAN,POLITICAL SUBDIVISION,Stopped in Traffic,Not Entered,North,Gas,2015,NY,1,8,FORD,HUMAN,Not Applicable,HUMAN,Not Applicable,Not Applicable,1FDEE3FL6FDA27646
2018,15242865,SUBURBAN,PASSENGER OR SUBURBAN,Slowing or Stopping,Not Entered,North,Diesel,2008,NY,1,6,DODGE,HUMAN,Following Too Closely,ENVMT,Glare,Not Applicable,3D7KS28A18G106028
2018,15242874,4 DOOR SEDAN,PASSENGER OR SUBURBAN,Going Straight Ahead,Not Entered,East,Gas,2012,NY,1,4,HYUND,HUMAN,Not Applicable,HUMAN,Failure to Yield Right-of-Way,Not Applicable,5NPEB4AC6CH447813
2018,15242873,SUBURBAN,PASSENGER OR SUBURBAN,Going Straight Ahead,Not Entered,South,Gas,2011,NY,2,6,ME/BE,HUMAN,Not Applicable,HUMAN,Not Applicable,Not Applicable,4JGBB8GB2BA663989
2018,15242886,4 DOOR SEDAN,PASSENGER OR SUBURBAN,Making Left Turn,Not Entered,Northeast,Gas,2013,NY,1,6,BMW,HUMAN,Failure to Yield Right-of-Way,HUMAN,Turning Improperly,Not Applicable,WBAFU7C54DDU68176
2018,15242885,4 DOOR SEDAN,PASSENGER OR SUBURBAN,Going Straight Ahead,Not Entered,South,Gas,2007,NY,1,4,TOYOT,HUMAN,Not Applicable,HUMAN,Not Applicable,Not Applicable,4T1BE46K77U562647
2018,15242901,4 DOOR SEDAN,PASSENGER OR SUBURBAN,Going Straight Ahead,Not Entered,South,Gas,2017,NY,1,4,TOYOT,HUMAN,Not Applicable,HUMAN,Not Applicable,"Other Motor Vehicle, Collision With",JTDKARFP8H3034387
2018,15242903,PICKUP TRUCK,PASSENGER OR SUBURBAN,Parked,Not Entered,Unknown,Gas,2005,NY,0,8,DODGE,HUMAN,Not Applicable,HUMAN,Not Applicable,Not Applicable,1D7HU18D25S229110
2018,15242902,4 DOOR SEDAN,PASSENGER OR SUBURBAN,Starting from Parking,Not Entered,Southeast,Gas,2017,NY,1,4,TOYOT,HUMAN,Not Applicable,HUMAN,Failure to Yield Right-of-Way,Not Applicable,4T1BF1FK7HU341689
2018,15242913,SUBURBAN,PASSENGER OR SUBURBAN,Making Right Turn,Not Entered,Northwest,Gas,2012,NY,1,6,HONDA,HUMAN,Not Applicable,HUMAN,Failure to Yield Right-of-Way,Not Applicable,5FNYF4H45CB072818
2018,15242914,4 DOOR SEDAN,PASSENGER OR SUBURBAN,Going Straight Ahead,Not Entered,Northeast,Gas,2012,NY,1,4,MITSU,HUMAN,Not Applicable,HUMAN,Failure to Yield Right-of-Way,Not Applicable,JA32V2FW8CU025953
2018,15242930,4 DOOR SEDAN,PASSENGER OR SUBURBAN,Slowing or Stopping,Not Entered,North,Gas,2008,NY,1,6,SATUR,HUMAN,Not Applicable,HUMAN,Following Too Closely,Not Applicable,1G8ZV57778F150831
2018,15242929,SUBURBAN,PASSENGER OR SUBURBAN,Slowing or Stopping,Not Entered,North,Gas,2008,NY,1,6,HONDA,HUMAN,Not Applicable,HUMAN,Following Too Closely,Not Applicable,5FNYF18708B017080
2018,15242931,SUBURBAN,PASSENGER OR SUBURBAN,Starting in Traffic,Not Entered,North,Gas,1998,NY,1,8,DODGE,HUMAN,Not Applicable,HUMAN,Not Applicable,Not Applicable,1B4HS28Y1WF156196
2018,15242936,SUBURBAN,PASSENGER OR SUBURBAN,Going Straight Ahead,Not Entered,North,Gas,2005,NY,1,6,HONDA,HUMAN,Not Applicable,HUMAN,Not Applicable,Not Applicable,5FNRL388X5B068373
2018,15242935,4 DOOR SEDAN,PASSENGER OR SUBURBAN,Going Straight Ahead,Not Entered,North,Gas,2012,NY,2,4,TOYOT,HUMAN,Not Applicable,HUMAN,Not Applicable,Not Applicable,JTDKN3DPXC3027860
2018,15242934,SUBURBAN,PASSENGER OR SUBURBAN,Making Right Turn,Not Entered,Southeast,Gas,2006,NY,1,6,JEEP,HUMAN,Traffic Control Device Disregarded,HUMAN,Unsafe Speed,Not Applicable,1J8HG48K16C291393
2018,15242939,SUBURBAN,PASSENGER OR SUBURBAN,Making Left Turn,Not Entered,East,Gas,2012,NY,1,6,JEEP,HUMAN,Failure to Yield Right-of-Way,HUMAN,Traffic Control Device Disregarded,Not Applicable,1C4RJFAGXCC249475
2018,15242940,4 DOOR SEDAN,PASSENGER OR SUBURBAN,Going Straight Ahead,Not Entered,West,Gas,2010,NY,1,4,MAZDA,HUMAN,Not Applicable,HUMAN,Not Applicable,Not Applicable,JM1BL1SG5A1344466
2018,15242942,4 DOOR SEDAN,PASSENGER OR SUBURBAN,Stopped in Traffic,Not Entered,North,Gas,2014,NY,1,4,CHRYS,HUMAN,Not Applicable,HUMAN,Not Applicable,Not Applicable,1C3CCBAB1EN208760
2018,15242941,2 DOOR SEDAN,PASSENGER OR SUBURBAN,Going Straight Ahead,Not Entered,North,Gas,2010,NY,1,4,TOYOT,HUMAN,Following Too Closely,ENVMT,Pavement Slippery,Not Applicable,JTKDE3B76A0309044
2018,15242946,SUBURBAN,PASSENGER OR SUBURBAN,Stopped in Traffic,Not Entered,South,Gas,2003,NY,3,8,FORD,HUMAN,Not Applicable,HUMAN,Not Applicable,Not Applicable,1FMFU18L43LB94792
2018,15242945,4 DOOR SEDAN,PASSENGER OR SUBURBAN,Going Straight Ahead,Not Entered,South,Gas,2001,NY,2,4,TOYOT,HUMAN,Not Applicable,ENVMT,Pavement Slippery,Not Applicable,4T1BG28K61U813998
2018,15242958,BUS (OMNIBUS),SCHOOL CAR,Stopped in Traffic,Not Entered,North,Gas,2008,NY,3,8,CHEVR,HUMAN,Not Applicable,HUMAN,Not Applicable,Not Applicable,1GBHG31C881164311
2018,15242957,SUBURBAN,PASSENGER OR SUBURBAN,Going Straight Ahead,Not Entered,North,Gas,2007,NY,1,8,CHEVR,HUMAN,Not Applicable,HUMAN,Unsafe Speed,Not Applicable,3GNFK16347G199563
2018,15242959,SUBURBAN,PASSENGER OR SUBURBAN,Going Straight Ahead,Not Entered,Southeast,Gas,2014,NY,1,6,SUBAR,HUMAN,Not Applicable,ENVMT,Pavement Slippery,Not Applicable,4S4BRDLC0E2251538
2018,15242960,4 DOOR SEDAN,PASSENGER OR SUBURBAN,Going Straight Ahead,Not Entered,North,Gas,2008,NY,2,4,HYUND,HUMAN,Not Applicable,ENVMT,Animal's Action,Not Applicable,KMHDU46D78U372474
2018,15242966,PICKUP TRUCK,PASSENGER OR SUBURBAN,Stopped in Traffic,Not Entered,East,Gas,2013,NY,2,4,TOYOT,HUMAN,Not Applicable,HUMAN,Unknown,Not Applicable,5TFUX4EN3DX023231
2018,15242965,PICKUP TRUCK,COMMERCIAL,Making Left Turn,Not Entered,North,Diesel,2017,NY,2,8,FORD,HUMAN,Not Applicable,HUMAN,Turning Improperly,Not Applicable,1FT8W3BT5HED90862
2018,15242969,SUBURBAN,PASSENGER OR SUBURBAN,Making Left Turn,Not Entered,West,Gas,2017,NY,1,4,FORD,HUMAN,Driver Inattention/Distraction*,HUMAN,Turning Improperly,"Tree, Collision With Fixed Object",1FMCU9GD0HUA47544
2018,15242975,4 DOOR SEDAN,PASSENGER OR SUBURBAN,Going Straight Ahead,Not Entered,South,Gas,2012,NY,1,4,VOLKS,HUMAN,Alcohol Involvement,HUMAN,Passing or Lane Usage Improper,Not Applicable,3VW5A7AJXCM410659
2018,15242974,4 DOOR SEDAN,PASSENGER OR SUBURBAN,Parked,Not Entered,South,Gas,2012,NY,0,4,CHEVR,HUMAN,Not Applicable,HUMAN,Not Applicable,Not Applicable,1G1ZD5E02CF345736
2018,15242979,SUBURBAN,PASSENGER OR SUBURBAN,Going Straight Ahead,Not Entered,Southeast,Gas,2016,NY,1,6,KIA,HUMAN,Not Applicable,HUMAN,Not Applicable,Not Applicable,5XYPGDA57GG149571
2018,15242978,4 DOOR SEDAN,PASSENGER OR SUBURBAN,Starting in Traffic,Not Entered,Southeast,Gas,2010,NY,1,4,CHEVR,HUMAN,Passing or Lane Usage Improper,ENVMT,Pavement Slippery,Not Applicable,1G1AD5F5XA7117756
2018,15242991,SUBURBAN,PASSENGER OR SUBURBAN,Going Straight Ahead,Not Entered,North,Gas,2007,NY,1,6,CHEVR,HUMAN,Not Applicable,HUMAN,Not Applicable,Not Applicable,2CNDL23F276022941
2018,15242990,SUBURBAN,PASSENGER OR SUBURBAN,Making Left Turn,Not Entered,East,Gas,2004,NY,1,8,FORD,HUMAN,Failure to Yield Right-of-Way,ENVMT,Pavement Slippery,Not Applicable,1FMFU16L84LA97793
2018,15242994,4 DOOR SEDAN,PASSENGER OR SUBURBAN,Going Straight Ahead,Not Entered,North,Gas,2009,NY,1,6,BUICK,HUMAN,Not Applicable,HUMAN,Not Applicable,Not Applicable,2G4WD582391174949
2018,15242993,BUS (OMNIBUS),OMNIBUS - REGULAR,Making U Turn,Not Entered,West,Gas,2009,NY,1,8,CHEVR,HUMAN,Not Applicable,HUMAN,Turning Improperly,Not Applicable,1GBJG31K491153445
2018,15242995,4 DOOR SEDAN,PASSENGER OR SUBURBAN,Overtaking/Passing,Not Entered,North,Gas,2008,NY,1,4,SUBAR,HUMAN,Unsafe Speed,ENVMT,Pavement Slippery,Not Applicable,4S3BL616987211643
2018,15242998,4 DOOR SEDAN,PASSENGER OR SUBURBAN,Going Straight Ahead,Not Entered,West,Gas,2011,NY,1,4,CHEVR,HUMAN,Not Applicable,HUMAN,Not Applicable,Not Applicable,1G1PF5S97B7290746
2018,15242997,4 DOOR SEDAN,PASSENGER OR SUBURBAN,Making Left Turn,Not Entered,East,Gas,2012,NY,1,4,FORD,HUMAN,Failure to Yield Right-of-Way,ENVMT,View Obstructed/Limited,"Other Motor Vehicle, Collision With",1FAHP3F27CL152343
2018,15243001,4 DOOR SEDAN,PASSENGER OR SUBURBAN,Stopped in Traffic,Not Entered,South,Gas,2008,NY,2,4,FORD,HUMAN,Not Applicable,HUMAN,Not Applicable,Not Applicable,1FAHP35N88W278440
2018,15243005,SUBURBAN,PASSENGER OR SUBURBAN,Slowing or Stopping,Not Entered,North,Gas,2005,NY,1,6,JEEP,HUMAN,Not Applicable,HUMAN,Not Applicable,Not Applicable,1J4GR48KX5C679695
2018,15243004,4 DOOR SEDAN,PASSENGER OR SUBURBAN,Going Straight Ahead,Not Entered,North,Gas,2003,NY,1,4,CHEVR,HUMAN,Driver Inattention/Distraction*,HUMAN,Following Too Closely,Not Applicable,1G1JC52F137246537
2018,15243015,BUS (OMNIBUS),POLITICAL SUBDIVISION,Going Straight Ahead,Not Entered,South,Diesel,2017,NY,2,6,IC,HUMAN,Not Applicable,HUMAN,Not Applicable,Not Applicable,4DRBUC8N9HB648317
2018,15243014,PICKUP TRUCK,PASSENGER OR SUBURBAN,Going Straight Ahead,Not Entered,East,Gas,2016,NY,1,8,RAM,HUMAN,Failure to Yield Right-of-Way,ENVMT,Pavement Slippery,Not Applicable,1C6RR7YT2GS271488
2018,15243028,SUBURBAN,PASSENGER OR SUBURBAN,Changing Lanes,Not Entered,Northeast,Gas,2017,NY,2,4,JEEP,HUMAN,Driver Inattention/Distraction*,HUMAN,Unsafe Lane Changing,Not Applicable,1C4NJDEB5HD108803
2018,15243029,4 DOOR SEDAN,PASSENGER OR SUBURBAN,Going Straight Ahead,Not Entered,North,Gas,2013,NY,1,5,VOLKS,HUMAN,Not Applicable,HUMAN,Not Applicable,Not Applicable,1VWBP7A38DC108809
2018,15243033,4 DOOR SEDAN,PASSENGER OR SUBURBAN,Stopped in Traffic,Not Entered,North,Gas,2009,NY,2,6,CHEVR,HUMAN,Not Applicable,HUMAN,Not Applicable,Not Applicable,2G1WT57N591185785
2018,15243032,SUBURBAN,PASSENGER OR SUBURBAN,Going Straight Ahead,Not Entered,North,Gas,2013,NY,1,4,FORD,HUMAN,Driver Inattention/Distraction*,HUMAN,Following Too Closely,Not Applicable,1FMCU9H9XDUB44741
2018,15243039,4 DOOR SEDAN,PASSENGER OR SUBURBAN,Other,Not Entered,Southeast,Gas,2015,NY,1,4,CHEVR,HUMAN,Not Applicable,HUMAN,Not Applicable,Not Applicable,1G1JC6SH7F4195722
2018,15243044,SUBURBAN,PASSENGER OR SUBURBAN,Going Straight Ahead,Not Entered,West,Gas,2016,NY,1,6,FORD,HUMAN,Not Applicable,ENVMT,Pavement Slippery,Not Applicable,1FM5K8HT8GGC70412
2018,15243045,PICKUP TRUCK,PASSENGER OR SUBURBAN,Parked,Not Entered,West,Gas,1997,NY,0,8,GMC,HUMAN,Not Applicable,HUMAN,Not Applicable,Not Applicable,1GTGC29J6VE550763
2018,15243049,4 DOOR SEDAN,PASSENGER OR SUBURBAN,Going Straight Ahead,Not Entered,North,Gas,2006,NY,3,4,TOYOT,HUMAN,Not Applicable,HUMAN,Following Too Closely,Not Applicable,JTDBR32E160088428
2018,15243050,SUBURBAN,PASSENGER OR SUBURBAN,Stopped in Traffic,Not Entered,North,Gas,2016,NY,1,4,JEEP,HUMAN,Not Applicable,HUMAN,Not Applicable,Not Applicable,1C4PJMAB4GW164524
2018,15243048,PICKUP TRUCK,PASSENGER OR SUBURBAN,Going Straight Ahead,Not Entered,North,Gas,2000,NY,1,6,NISSA,HUMAN,Not Applicable,HUMAN,Unsafe Speed,Not Applicable,1N6ED27Y3YC420795
2018,15243053,SUBURBAN,PASSENGER OR SUBURBAN,Slowing or Stopping,Not Entered,South,Gas,2005,NY,1,6,DODGE,HUMAN,Driver Inattention/Distraction*,HUMAN,Unsafe Speed,Not Applicable,2D4GP24R25R172125
2018,15243054,SUBURBAN,PASSENGER OR SUBURBAN,Stopped in Traffic,Not Entered,South,Gas,2016,NY,1,4,NISSA,HUMAN,Not Applicable,HUMAN,Not Applicable,Not Applicable,JN8AT2MV5GW138657
2018,15243058,PICKUP TRUCK,COMMERCIAL,Going Straight Ahead,Not Entered,North,Diesel,2006,NY,1,8,FORD,HUMAN,Driver Inattention/Distraction*,HUMAN,Passing or Lane Usage Improper,Not Applicable,1FDWF37P46EC01369
2018,15243059,4 DOOR SEDAN,PASSENGER OR SUBURBAN,Slowing or Stopping,Not Entered,South,Gas,2016,NY,1,6,ACURA,HUMAN,Not Applicable,HUMAN,Not Applicable,Not Applicable,19UUB2F55GA002035
2018,15243055,4 DOOR SEDAN,PASSENGER OR SUBURBAN,Going Straight Ahead,Not Entered,North,Gas,2006,NY,1,4,PONTI,HUMAN,Unsafe Speed,ENVMT,Pavement Slippery,Not Applicable,1G2ZF55B264283178
2018,15243057,SUBURBAN,PASSENGER OR SUBURBAN,Stopped in Traffic,Not Entered,West,Gas,2008,NY,1,6,LEXUS,HUMAN,Not Applicable,HUMAN,Not Applicable,Not Applicable,JTJHK31U882854330
2018,15243056,SUBURBAN,PASSENGER OR SUBURBAN,Going Straight Ahead,Not Entered,West,Gas,2014,NY,1,4,FIAT,HUMAN,Driver Inattention/Distraction*,HUMAN,Following Too Closely,Not Applicable,ZFBCFADH9EZ012297
2018,15243069,4 DOOR SEDAN,OMNIBUS - LIVERY,Backing,Not Entered,Southwest,Gas,2013,NY,1,4,HONDA,HUMAN,Backing Unsafely,HUMAN,Driver Inattention/Distraction*,Not Applicable,1HGCR2F51DA247157
2018,15243071,SUBURBAN,PASSENGER OR SUBURBAN,Going Straight Ahead,Not Entered,North,Gas,2015,NY,2,4,FORD,HUMAN,Not Applicable,ENVMT,Animal's Action,Not Applicable,1FMCU9GX2FUA55720
2018,15243080,SUBURBAN,PASSENGER OR SUBURBAN,Going Straight Ahead,Not Entered,North,Gas,2017,NY,1,6,BUICK,HUMAN,Fell Asleep,HUMAN,Passing or Lane Usage Improper,"Light Support/Utility Pole, Collision With Fixed Object",5GAKVBKD1HJ213388
2018,15243097,4 DOOR SEDAN,PASSENGER OR SUBURBAN,Making Right Turn,Not Entered,South,Gas,2012,NY,1,4,HYUND,HUMAN,Not Applicable,HUMAN,Not Applicable,Not Applicable,5NPEC4AC0CH503242
2018,15243096,SUBURBAN,PASSENGER OR SUBURBAN,Making Right Turn,Not Entered,South,Gas,2007,NY,1,4,JEEP,HUMAN,Not Applicable,HUMAN,Driver Inattention/Distraction*,Not Applicable,1J8FF48W27D395576
2018,15243092,SUBURBAN,PASSENGER OR SUBURBAN,Going Straight Ahead,Not Entered,North,Gas,2015,NY,1,6,GMC,HUMAN,Failure to Yield Right-of-Way,ENVMT,Pavement Slippery,Not Applicable,1GKKVRKD1FJ159471
2018,15243093,4 DOOR SEDAN,PASSENGER OR SUBURBAN,Going Straight Ahead,Not Entered,West,Gas,1993,NY,4,4,GEO,HUMAN,Not Applicable,HUMAN,Not Applicable,Not Applicable,1Y1SK5369PZ014982
2018,15243100,4 DOOR SEDAN,PASSENGER OR SUBURBAN,Making Right Turn,Not Entered,West,Gas,2017,NY,1,4,HONDA,HUMAN,Not Applicable,ENVMT,Pavement Slippery,Not Applicable,19XFC2F72HE220700
2018,15243102,4 DOOR SEDAN,PASSENGER OR SUBURBAN,Stopped in Traffic,Not Entered,South,Gas,2009,NY,1,4,NISSA,HUMAN,Not Applicable,HUMAN,Not Applicable,Not Applicable,3N1BC13EX9L406156
2018,15243101,4 DOOR SEDAN,PASSENGER OR SUBURBAN,Slowing or Stopping,Not Entered,South,Gas,2007,NY,2,4,CHEVR,HUMAN,Driver Inattention/Distraction*,HUMAN,Following Too Closely,Not Applicable,KL1TD56627B125954
2018,15243106,SUBURBAN,PASSENGER OR SUBURBAN,Parked,Not Entered,West,Gas,2003,NY,0,6,DODGE,HUMAN,Not Applicable,HUMAN,Not Applicable,Not Applicable,1D4GP25303B100829
2018,15243105,4 DOOR SEDAN,PASSENGER OR SUBURBAN,Going Straight Ahead,Not Entered,West,Gas,2008,NY,1,4,HONDA,HUMAN,Unsafe Speed,ENVMT,Pavement Slippery,Not Applicable,JHMCP26798C077628
2018,15243108,SUBURBAN,PASSENGER OR SUBURBAN,Going Straight Ahead,Not Entered,East,Gas,2001,NY,1,8,GMC,HUMAN,Not Applicable,HUMAN,Not Applicable,Not Applicable,3GKFK16T91G287545
2018,15243107,4 DOOR SEDAN,PASSENGER OR SUBURBAN,Going Straight Ahead,Not Entered,North,Gas,2001,NY,1,4,HONDA,HUMAN,Not Applicable,HUMAN,Failure to Yield Right-of-Way,Not Applicable,JHMCG668X1C004452
2018,15243110,SUBURBAN,PASSENGER OR SUBURBAN,Going Straight Ahead,Not Entered,South,Gas,2008,NY,2,8,CHEVR,HUMAN,Not Applicable,HUMAN,Not Applicable,Not Applicable,1GNFK13008R117534
2018,15243109,4 DOOR SEDAN,PASSENGER OR SUBURBAN,Slowing or Stopping,Not Entered,Northwest,Gas,2004,NY,2,4,CHEVR,HUMAN,Not Applicable,ENVMT,Pavement Slippery,Not Applicable,1G1ZS52F84F133343
2018,15243115,SUBURBAN,PASSENGER OR SUBURBAN,Going Straight Ahead,Not Entered,Northeast,Gas,2002,NY,1,6,JEEP,HUMAN,Passing or Lane Usage Improper,HUMAN,Unsafe Speed,Not Applicable,1J4GK58K72W313312
2018,15243116,4 DOOR SEDAN,PASSENGER OR SUBURBAN,Going Straight Ahead,Not Entered,West,Gas,2009,NY,1,4,FORD,HUMAN,Not Applicable,HUMAN,Not Applicable,Not Applicable,1FAHP35NX9W105617
2018,15243122,4 DOOR SEDAN,PASSENGER OR SUBURBAN,Slowing or Stopping,Not Entered,West,Gas,2016,NY,1,4,HONDA,HUMAN,Not Applicable,HUMAN,Not Applicable,Not Applicable,19XFC2F5XGE217640
2018,15243121,4 DOOR SEDAN,PASSENGER OR SUBURBAN,Going Straight Ahead,Not Entered,West,Gas,2012,NY,1,4,FORD,HUMAN,Not Applicable,HUMAN,Following Too Closely,"Snow Embankment, Collision With Fixed Object",3FAHP0HA8CR267165
2018,15243128,SUBURBAN,PASSENGER OR SUBURBAN,Slowing or Stopping,Not Entered,East,Gas,2017,NY,2,6,TOYOT,HUMAN,Not Applicable,HUMAN,Not Applicable,Not Applicable,5TDJZRFH0HS397276
2018,15243127,SUBURBAN,PASSENGER OR SUBURBAN,Slowing or Stopping,Not Entered,East,Gas,2011,NY,2,6,TOYOT,HUMAN,Not Applicable,HUMAN,Not Applicable,"Other Motor Vehicle, Collision With",5TDBK3EHXBS069832
2018,15243126,4 DOOR SEDAN,PASSENGER OR SUBURBAN,Going Straight Ahead,Not Entered,East,Gas,2017,NY,1,4,HYUND,HUMAN,Not Applicable,HUMAN,Following Too Closely,Not Applicable,5NPD84LF1HH032343
2018,15243137,PICKUP TRUCK,AGRICULTURAL TRUCK,Going Straight Ahead,Not Entered,South,Gas,2010,NY,1,8,FORD,HUMAN,Not Applicable,ENVMT,Animal's Action,Not Applicable,1FTFW1EV5AFD70006
2018,15243141,4 DOOR SEDAN,PASSENGER OR SUBURBAN,Making Right Turn,Not Entered,East,Gas,2010,NY,1,4,TOYOT,HUMAN,Not Applicable,HUMAN,Alcohol Involvement,Not Applicable,1NXBU4EE6AZ172984
2018,15243142,4 DOOR SEDAN,PASSENGER OR SUBURBAN,Slowing or Stopping,Not Entered,South,Gas,2017,NY,2,4,HONDA,HUMAN,Not Applicable,HUMAN,Unsafe Speed,Not Applicable,3HGGK5H58HM712417
2018,15243146,SUBURBAN,SPECIAL PASSENGER,Slowing or Stopping,Not Entered,West,Gas,2012,NY,1,4,SUBAR,HUMAN,Not Applicable,HUMAN,Not Applicable,Not Applicable,4S4BRBCC6C3292283
2018,15243145,4 DOOR SEDAN,PASSENGER OR SUBURBAN,Slowing or Stopping,Not Entered,West,Gas,2018,NY,2,4,KIA,HUMAN,Not Applicable,HUMAN,Following Too Closely,Not Applicable,3KPFK4A74JE171446
2018,15243144,SUBURBAN,PASSENGER OR SUBURBAN,Stopped in Traffic,Not Entered,South,Gas,2017,NY,2,6,DODGE,HUMAN,Not Applicable,HUMAN,Not Applicable,Not Applicable,1C4RDJEG2HC666911
2018,15243143,4 DOOR SEDAN,PASSENGER OR SUBURBAN,Going Straight Ahead,Not Entered,South,Gas,2007,NY,1,4,NISSA,HUMAN,Not Applicable,HUMAN,Following Too Closely,Not Applicable,1N4AL21E67C151585
2018,15243147,4 DOOR SEDAN,PASSENGER OR SUBURBAN,Going Straight Ahead,Not Entered,South,Diesel,2014,NY,2,4,VOLKS,HUMAN,Not Applicable,HUMAN,Following Too Closely,Not Applicable,1VWBN7A34EC119412