Year,Case Vehicle ID,Vehicle Body Type,Registration Class,Action Prior to Accident,Type / Axles of Truck or Bus,Direction of Travel,Fuel Type,Vehicle Year,State of Registration,Number of Occupants,Engine Cylinders,Vehicle Make,Contributing Factor 1,Contributing Factor 1 Description,Contributing Factor 2,Contributing Factor 2 Description,Event Type,Partial VIN
2018,15243148,4 DOOR SEDAN,PASSENGER OR SUBURBAN,Slowing or Stopping,Not Entered,South,Gas,2003,NY,1,4,NISSA,HUMAN,Not Applicable,HUMAN,Not Applicable,Not Applicable,3N1AB51D13L723265
2018,15243151,4 DOOR SEDAN,PASSENGER OR SUBURBAN,Making Left Turn,Not Entered,South,Gas,2017,NY,2,4,TOYOT,HUMAN,Not Applicable,HUMAN,Failure to Yield Right-of-Way,Not Applicable,4T1BF1FK0HU376400
2018,15243152,2 DOOR SEDAN,PASSENGER OR SUBURBAN,Going Straight Ahead,Not Entered,North,Gas,2007,NY,1,4,HONDA,HUMAN,Not Applicable,HUMAN,Not Applicable,Not Applicable,2HGFG12637H508483
2018,15243154,4 DOOR SEDAN,PASSENGER OR SUBURBAN,Going Straight Ahead,Not Entered,West,Gas,2003,NY,1,4,TOYOT,HUMAN,Not Applicable,HUMAN,Not Applicable,"Earth Embankment/Rock Cut/Ditch, Collision With Fixed Object",1NXBR32E83Z106911
2018,15243153,SUBURBAN,PASSENGER OR SUBURBAN,Avoiding Object in Roadway,Not Entered,East,Gas,1999,NY,1,4,HONDA,HUMAN,Reaction to Other Uninvolved Vehicle,HUMAN,Failure to Keep Right,"Earth Embankment/Rock Cut/Ditch, Collision With Fixed Object",JHLRD1862XC078897
2018,15243158,SUBURBAN,PASSENGER OR SUBURBAN,Changing Lanes,Not Entered,East,Gas,2013,NY,2,6,DODGE,HUMAN,Not Applicable,HUMAN,Unsafe Lane Changing,Not Applicable,1C4RDJAG6DC665745
2018,15243157,4 DOOR SEDAN,PASSENGER OR SUBURBAN,Going Straight Ahead,Not Entered,East,Gas,2006,NY,4,4,MAZDA,HUMAN,Not Applicable,HUMAN,Not Applicable,Not Applicable,JM1CR29L060116450
2018,15243162,PICKUP TRUCK,PASSENGER OR SUBURBAN,Going Straight Ahead,Not Entered,East,Diesel,2002,NY,1,8,FORD,HUMAN,Not Applicable,VEHICLE,Tire Failure/Inadequate,Not Applicable,1FTSW31F12EC52857
2018,15243169,4 DOOR SEDAN,PASSENGER OR SUBURBAN,Going Straight Ahead,Not Entered,East,Gas,2015,NY,1,4,HONDA,HUMAN,Unsafe Speed,ENVMT,Pavement Slippery,Not Applicable,19XFB2F99FE247135
2018,15243173,4 DOOR SEDAN,PASSENGER OR SUBURBAN,Changing Lanes,Not Entered,West,Gas,2006,NY,1,4,NISSA,HUMAN,Failure to Yield Right-of-Way,HUMAN,Unsafe Lane Changing,Not Applicable,1N4AL11D16N349107
2018,15243174,SUBURBAN,PASSENGER OR SUBURBAN,Going Straight Ahead,Not Entered,West,Gas,2008,NY,2,6,CHEVR,HUMAN,Not Applicable,HUMAN,Not Applicable,Not Applicable,2CNDL83F686049337
2018,15243177,2 DOOR SEDAN,PASSENGER OR SUBURBAN,Going Straight Ahead,Not Entered,North,Gas,2014,NY,2,8,DODGE,HUMAN,Driver Inattention/Distraction*,HUMAN,Unsafe Speed,Not Applicable,2C3CDYCJ1EH158343
2018,15243178,VAN TRUCK,POLITICAL SUBDIVISION,Stopped in Traffic,Not Entered,North,Diesel,2009,NY,1,8,FORD,HUMAN,Not Applicable,HUMAN,Not Applicable,Not Applicable,1FDFE45P59DA88764
2018,15243181,VAN TRUCK,COMMERCIAL,Going Straight Ahead,Not Entered,West,Gas,2004,NY,1,8,FORD,HUMAN,Unsafe Speed,ENVMT,Pavement Slippery,Not Applicable,1FTNE24L74HA28327
2018,15243182,SUBURBAN,PASSENGER OR SUBURBAN,Going Straight Ahead,Not Entered,East,Gas,2006,NY,1,6,KIA,HUMAN,Not Applicable,ENVMT,Animal's Action,Not Applicable,KNDMB233366047378
2018,15243189,SUBURBAN,PASSENGER OR SUBURBAN,Going Straight Ahead,Not Entered,North,Gas,2015,NY,1,4,JEEP,HUMAN,Passing or Lane Usage Improper,HUMAN,Unsafe Speed,"Snow Embankment, Collision With Fixed Object",1C4PJMAB9FW574055
2018,15243193,4 DOOR SEDAN,PASSENGER OR SUBURBAN,Changing Lanes,Not Entered,East,Gas,2005,NY,1,4,HYUND,HUMAN,Following Too Closely,HUMAN,Unsafe Speed,Not Applicable,KMHDN46D95U984037
2018,15243194,4 DOOR SEDAN,PASSENGER OR SUBURBAN,Slowing or Stopping,Not Entered,East,Gas,2002,NY,1,6,HONDA,HUMAN,Not Applicable,HUMAN,Not Applicable,Not Applicable,1HGCG16552A022172
2018,15243196,4 DOOR SEDAN,PASSENGER OR SUBURBAN,Going Straight Ahead,Not Entered,East,Gas,2009,NY,1,4,HYUND,HUMAN,Not Applicable,HUMAN,Driver Inattention/Distraction*,Not Applicable,KMHDU46D49U756228
2018,15243206,4 DOOR SEDAN,OMNIBUS - LIVERY,Going Straight Ahead,Not Entered,West,Flex,2007,NY,2,6,CHEVR,HUMAN,Not Applicable,HUMAN,Not Applicable,"Earth Embankment/Rock Cut/Ditch, Collision With Fixed Object",2G1WB58K379392830
2018,15243205,SUBURBAN,PASSENGER OR SUBURBAN,Going Straight Ahead,Not Entered,East,Gas,2008,NY,3,6,CHEVR,HUMAN,Unsafe Lane Changing,ENVMT,Pavement Slippery,Not Applicable,1GNDT13S582139124
2018,15243213,4 DOOR SEDAN,PASSENGER OR SUBURBAN,Going Straight Ahead,Not Entered,East,Gas,2009,NY,1,4,KIA,HUMAN,Not Applicable,HUMAN,Unsafe Speed,Not Applicable,KNADE243396483722
2018,15243214,SUBURBAN,PASSENGER OR SUBURBAN,Going Straight Ahead,Not Entered,East,Gas,2015,NY,1,4,SUBAR,HUMAN,Not Applicable,HUMAN,Driver Inexperience*,Not Applicable,JF2GPAFC1F8319307
2018,15243215,SUBURBAN,PASSENGER OR SUBURBAN,Going Straight Ahead,Not Entered,North,Gas,2009,NY,1,4,PONTI,HUMAN,Unsafe Speed,ENVMT,Pavement Slippery,Not Applicable,5Y2SM67069Z414382
2018,15243217,SUBURBAN,PASSENGER OR SUBURBAN,Going Straight Ahead,Not Entered,West,Gas,2009,NY,1,4,HONDA,HUMAN,Not Applicable,ENVMT,Animal's Action,Not Entered,5J6RE48519L031067
2018,15243218,4 DOOR SEDAN,PASSENGER OR SUBURBAN,Going Straight Ahead,Not Entered,South,Gas,2014,NY,1,4,FORD,HUMAN,Not Applicable,ENVMT,Animal's Action,Not Applicable,1FADP3K23EL269649
2018,15243219,4 DOOR SEDAN,PASSENGER OR SUBURBAN,Going Straight Ahead,Not Entered,East,Gas,2001,NY,1,6,CHRYS,HUMAN,Unsafe Speed,ENVMT,Pavement Slippery,"Tree, Collision With Fixed Object",2C3HD36J91H648706
2018,15243221,SUBURBAN,PASSENGER OR SUBURBAN,Going Straight Ahead,Not Entered,West,Gas,2003,NY,1,4,SUBAR,HUMAN,Unsafe Speed,ENVMT,Pavement Slippery,Not Entered,4S3BH675637635578
2018,15243241,PICKUP TRUCK,PASSENGER OR SUBURBAN,Going Straight Ahead,Not Entered,South,Gas,2005,NY,1,5,CHEVR,HUMAN,Unsafe Speed,ENVMT,Pavement Slippery,Not Entered,1GCDT196558102442
2018,15243242,SUBURBAN,PASSENGER OR SUBURBAN,Going Straight Ahead,Not Entered,North,Gas,2013,NY,1,4,FORD,HUMAN,Unsafe Speed,ENVMT,Pavement Slippery,Not Applicable,1FMCU9GX0DUA52232
2018,15243244,4 DOOR SEDAN,PASSENGER OR SUBURBAN,Going Straight Ahead,Not Entered,North,Gas,2008,NY,2,6,BMW,HUMAN,Unsafe Speed,ENVMT,Pavement Slippery,Not Applicable,WBAVA37578NL50985
2018,15243245,4 DOOR SEDAN,PASSENGER OR SUBURBAN,Going Straight Ahead,Not Entered,North,Gas,2015,NY,1,4,MAZDA,HUMAN,Unsafe Speed,ENVMT,Pavement Slippery,Not Applicable,3MZBM1K70FM131574
2018,15243246,4 DOOR SEDAN,PASSENGER OR SUBURBAN,Going Straight Ahead,Not Entered,North,Gas,2016,NY,2,4,CHRYS,HUMAN,Not Applicable,HUMAN,Unsafe Speed,Not Applicable,1C3CCCAB1GN102608
2018,15243247,PICKUP TRUCK,AGRICULTURAL TRUCK,Going Straight Ahead,Not Entered,North,Gas,2008,NY,1,8,TOYOT,HUMAN,Unsafe Speed,ENVMT,Pavement Slippery,Not Applicable,5TBDV541X8S515656
2018,15243249,4 DOOR SEDAN,PASSENGER OR SUBURBAN,Going Straight Ahead,Not Entered,Northeast,Gas,2014,NY,1,4,HYUND,HUMAN,Unsafe Speed,ENVMT,Pavement Slippery,Not Applicable,5NPEB4AC2EH821532
2018,15243248,4 DOOR SEDAN,PASSENGER OR SUBURBAN,Going Straight Ahead,Not Entered,North,Gas,2017,NY,1,4,MITSU,HUMAN,Not Applicable,ENVMT,Animal's Action,Not Applicable,JA32V2FW3HU009487
2018,15243250,4 DOOR SEDAN,SPECIAL PASSENGER,Making Right Turn,Not Entered,South,Gas,2007,NY,1,4,TOYOT,HUMAN,Not Applicable,HUMAN,Failure to Yield Right-of-Way,Not Applicable,JTDKB20U673287130
2018,15243251,4 DOOR SEDAN,PASSENGER OR SUBURBAN,Going Straight Ahead,Not Entered,West,Gas,2014,NY,1,4,FORD,HUMAN,Not Applicable,HUMAN,Not Applicable,"Snow Embankment, Collision With Fixed Object",1FADP3F24EL152298
2018,15243253,4 DOOR SEDAN,PASSENGER OR SUBURBAN,Making Right Turn,Not Entered,Southwest,Gas,2002,NY,1,6,CHRYS,HUMAN,Unsafe Speed,ENVMT,Pavement Slippery,Not Applicable,2C3AE66G12H135360
2018,15243254,DUMP,STATE,Stopped in Traffic,Not Entered,East,Diesel,2015,NY,1,6,MACK,HUMAN,Not Applicable,HUMAN,Not Applicable,Not Applicable,1M2AX02C3FM002152
2018,15243256,4 DOOR SEDAN,PASSENGER OR SUBURBAN,Going Straight Ahead,Not Entered,South,Gas,2017,NY,1,4,FORD,HUMAN,Not Applicable,HUMAN,Not Applicable,"Snow Embankment, Collision With Fixed Object",1FADP3E24HL259938
2018,15243255,TANK TRUCK,COMMERCIAL,Starting in Traffic,Not Entered,East,Diesel,1997,NY,1,8,FORD,HUMAN,Not Applicable,HUMAN,Failure to Yield Right-of-Way,Not Applicable,1FDLF47F8VEB25086
2018,15243260,PICKUP TRUCK,PASSENGER OR SUBURBAN,Going Straight Ahead,Not Entered,West,Gas,2012,NY,1,8,CHEVR,HUMAN,Not Applicable,ENVMT,Animal's Action,Not Applicable,1GC2CVCG0CZ125358
2018,15243262,4 DOOR SEDAN,PASSENGER OR SUBURBAN,Going Straight Ahead,Not Entered,North,Gas,2017,NY,1,4,VOLKS,HUMAN,Not Applicable,HUMAN,Not Applicable,Not Applicable,3VW167AJ1HM382578
2018,15243261,PICKUP TRUCK,AGRICULTURAL TRUCK,Backing,Not Entered,East,Gas,2015,NY,1,8,GMC,HUMAN,Not Applicable,HUMAN,Backing Unsafely,Not Applicable,1GT12YEG9FF102888
2018,15243259,4 DOOR SEDAN,PASSENGER OR SUBURBAN,Going Straight Ahead,Not Entered,East,Gas,2000,NY,1,4,PONTI,HUMAN,Alcohol Involvement,HUMAN,Unsafe Speed,"Light Support/Utility Pole, Collision With Fixed Object",1G2JB5241Y7156597
2018,15243263,4 DOOR SEDAN,PASSENGER OR SUBURBAN,Making Left Turn,Not Entered,South,Gas,2015,NY,1,4,SUBAR,HUMAN,Not Applicable,HUMAN,Failure to Yield Right-of-Way,Not Applicable,4S3BNAC61F3065334
2018,15243264,4 DOOR SEDAN,PASSENGER OR SUBURBAN,Going Straight Ahead,Not Entered,South,Gas,2011,NY,3,4,HYUND,HUMAN,Not Applicable,HUMAN,Not Applicable,Not Applicable,5NPEB4AC4BH212115
2018,15243268,PICKUP TRUCK,PASSENGER OR SUBURBAN,Going Straight Ahead,Not Entered,South,Gas,1998,NY,1,6,FORD,HUMAN,Reaction to Other Uninvolved Vehicle,ENVMT,Pavement Slippery,Not Applicable,1FTZR15X7WTA10881
2018,15243269,4 DOOR SEDAN,PASSENGER OR SUBURBAN,Going Straight Ahead,Not Entered,East,Gas,2015,NY,2,4,CHRYS,HUMAN,Not Applicable,ENVMT,Animal's Action,Not Applicable,1C3CCCAB3FN704196
2018,15243273,PICKUP TRUCK,PASSENGER OR SUBURBAN,Going Straight Ahead,Not Entered,East,Gas,2015,NY,1,8,FORD,HUMAN,Unsafe Speed,ENVMT,Pavement Slippery,Not Applicable,1FTFX1EF9FFB94266
2018,15243279,4 DOOR SEDAN,PASSENGER OR SUBURBAN,Slowing or Stopping,Not Entered,North,Gas,2009,NY,2,4,HYUND,HUMAN,Not Applicable,HUMAN,Not Applicable,"Other Motor Vehicle, Collision With",5NPET46C49H438557
2018,15243285,4 DOOR SEDAN,PASSENGER OR SUBURBAN,Going Straight Ahead,Not Entered,South,Gas,2011,NY,2,4,HYUND,HUMAN,Not Applicable,ENVMT,Animal's Action,Not Applicable,5NPDH4AE6BH027866
2018,15243289,4 DOOR SEDAN,PASSENGER OR SUBURBAN,Going Straight Ahead,Not Entered,South,Gas,2012,NY,1,6,CHRYS,HUMAN,Unsafe Speed,ENVMT,Pavement Slippery,Not Applicable,1C3CCBCG7CN305385
2018,15243301,4 DOOR SEDAN,PASSENGER OR SUBURBAN,Going Straight Ahead,Not Entered,East,Gas,2004,NY,1,6,INFIN,HUMAN,Not Applicable,ENVMT,Pavement Slippery,Not Applicable,JNKCV51F34M718864
2018,15243309,4 DOOR SEDAN,PASSENGER OR SUBURBAN,Going Straight Ahead,Not Entered,Southeast,Gas,2012,NY,1,6,CHEVR,HUMAN,Not Applicable,ENVMT,Animal's Action,Not Applicable,2G1WG5E33C1261436
2018,15243308,4 DOOR SEDAN,PASSENGER OR SUBURBAN,Going Straight Ahead,Not Entered,North,Gas,2008,NY,1,4,CHEVR,HUMAN,Not Applicable,ENVMT,Animal's Action,Not Applicable,1G1AL58F587119739
2018,15243311,SUBURBAN,PASSENGER OR SUBURBAN,Going Straight Ahead,Not Entered,West,Gas,2010,NY,1,6,VOLKS,HUMAN,Prescription Medication,HUMAN,Unsafe Lane Changing,Not Applicable,2V4RW3D14AR231006
2018,15243312,4 DOOR SEDAN,PASSENGER OR SUBURBAN,Going Straight Ahead,Not Entered,North,Gas,2011,NY,1,4,SUBAR,HUMAN,Not Applicable,ENVMT,Animal's Action,Not Applicable,4S3BMBL60B3217297
2018,15243318,4 DOOR SEDAN,PASSENGER OR SUBURBAN,Going Straight Ahead,Not Entered,Northwest,Gas,2010,NY,2,4,HONDA,HUMAN,Not Applicable,HUMAN,Not Applicable,Not Applicable,1HGCP2F43AA074329
2018,15243317,PICKUP TRUCK,PASSENGER OR SUBURBAN,Going Straight Ahead,Not Entered,Southeast,Gas,1993,NY,1,8,CHEVR,HUMAN,Failure to Keep Right,ENVMT,Glare,Not Applicable,1GCEK14K6PZ252729
2018,15243319,4 DOOR SEDAN,PASSENGER OR SUBURBAN,Going Straight Ahead,Not Entered,East,Gas,2008,NY,1,4,HONDA,HUMAN,Turning Improperly,HUMAN,Unsafe Speed,"Earth Embankment/Rock Cut/Ditch, Collision With Fixed Object",1HGCP26418A108486
2018,15243322,4 DOOR SEDAN,PASSENGER OR SUBURBAN,Going Straight Ahead,Not Entered,North,Gas,2003,NY,1,8,CADIL,HUMAN,Not Applicable,ENVMT,Animal's Action,Not Applicable,1G6KD54Y73U197002
2018,15243329,SUBURBAN,PASSENGER OR SUBURBAN,Going Straight Ahead,Not Entered,West,Gas,2015,NY,1,4,NISSA,HUMAN,Not Applicable,ENVMT,Animal's Action,Not Applicable,KNMAT2MV0FP547072
2018,15243331,SUBURBAN,PASSENGER OR SUBURBAN,Going Straight Ahead,Not Entered,East,Gas,2009,NY,1,6,JEEP,HUMAN,Unsafe Speed,ENVMT,Pavement Slippery,Not Applicable,1J4FA241X9L719154
2018,15243330,PICKUP TRUCK,PASSENGER OR SUBURBAN,Going Straight Ahead,Not Entered,South,Gas,2004,NY,1,4,TOYOT,HUMAN,Not Applicable,ENVMT,Animal's Action,Not Applicable,5TENL42N94Z429947
2018,15243334,SUBURBAN,PASSENGER OR SUBURBAN,Going Straight Ahead,Not Entered,South,Gas,2008,NY,2,8,FORD,HUMAN,Unsafe Lane Changing,ENVMT,Animal's Action,"Snow Embankment, Collision With Fixed Object",1FMFK205X8LA37414
2018,15243343,SUBURBAN,PASSENGER OR SUBURBAN,Going Straight Ahead,Not Entered,South,Gas,2017,NY,1,4,SUBAR,HUMAN,Not Applicable,HUMAN,Unsafe Speed,Not Applicable,JF2GPABC1HH231320
2018,15243342,SUBURBAN,PASSENGER OR SUBURBAN,Changing Lanes,Not Entered,South,Gas,2013,NY,1,4,HONDA,HUMAN,Unsafe Speed,HUMAN,Unsafe Lane Changing,Not Applicable,2HKRM4H78DH617157
2018,15243345,SUBURBAN,PASSENGER OR SUBURBAN,Slowing or Stopping,Not Entered,South,Gas,2017,NY,1,6,JEEP,HUMAN,Not Applicable,HUMAN,Not Applicable,"Other Motor Vehicle, Collision With",1C4RJFBGXHC748007
2018,15243349,4 DOOR SEDAN,PASSENGER OR SUBURBAN,Going Straight Ahead,Not Entered,South,Gas,2005,NY,1,4,HONDA,HUMAN,Not Applicable,HUMAN,Unsafe Speed,"Overturned, Non-Collision",2HGES16485H621510
2018,15243350,SUBURBAN,PASSENGER OR SUBURBAN,Backing,Not Entered,East,Gas,2002,NY,1,4,TOYOT,HUMAN,Not Applicable,HUMAN,Backing Unsafely,Not Applicable,JTEHH20V220133389
2018,15243351,SUBURBAN,PASSENGER OR SUBURBAN,Parked,Not Entered,East,Gas,2010,NY,0,6,JEEP,HUMAN,Not Applicable,HUMAN,Not Applicable,Not Applicable,1J4PR4GK6AC124884
2018,15243359,4 DOOR SEDAN,PASSENGER OR SUBURBAN,Parked,Not Entered,East,Gas,2017,NY,1,4,FORD,HUMAN,Not Applicable,HUMAN,Not Applicable,Not Applicable,1FADP3E21HL281282
2018,15243361,4 DOOR SEDAN,PASSENGER OR SUBURBAN,Going Straight Ahead,Not Entered,West,Gas,2004,NY,1,4,TOYOT,HUMAN,Unsafe Speed,ENVMT,Pavement Slippery,Not Applicable,1NXBR32EX4Z220166
2018,15243364,SUBURBAN,PASSENGER OR SUBURBAN,Going Straight Ahead,Not Entered,Northwest,Gas,2011,NY,1,6,DODGE,HUMAN,Unsafe Speed,ENVMT,Pavement Slippery,Not Applicable,2D4RN4DGXBR656838
2018,15243367,4 DOOR SEDAN,PASSENGER OR SUBURBAN,Going Straight Ahead,Not Entered,Southeast,Gas,2006,NY,2,4,PONTI,HUMAN,Unsafe Speed,ENVMT,Pavement Slippery,Not Applicable,1G2ZF55B664255304
2018,15243366,SUBURBAN,PASSENGER OR SUBURBAN,Going Straight Ahead,Not Entered,South,Gas,2016,NY,1,4,KIA,HUMAN,Not Applicable,ENVMT,Animal's Action,Not Entered,KNDJN2A20G7863805
2018,15243368,4 DOOR SEDAN,PASSENGER OR SUBURBAN,Going Straight Ahead,Not Entered,West,Gas,2012,NY,1,6,CHEVR,HUMAN,Unsafe Speed,ENVMT,Pavement Slippery,Not Applicable,2G1WC5E31C1227667
2018,15243369,SUBURBAN,PASSENGER OR SUBURBAN,Slowing or Stopping,Not Entered,East,Gas,2012,NY,1,6,CHEVR,HUMAN,Unsafe Speed,VEHICLE,Tire Failure/Inadequate,Not Applicable,1GNKVJED6CJ337788
2018,15243379,SUBURBAN,PASSENGER OR SUBURBAN,Going Straight Ahead,Not Entered,Northwest,Gas,2016,NY,1,4,BUICK,HUMAN,Failure to Keep Right,ENVMT,Pavement Slippery,Not Applicable,KL4CJASB7GB705353
2018,15243382,4 DOOR SEDAN,PASSENGER OR SUBURBAN,Going Straight Ahead,Not Entered,North,Gas,2008,NY,1,4,HYUND,HUMAN,Not Applicable,HUMAN,Following Too Closely,Not Entered,KMHCN46C18U173890
2018,15243383,4 DOOR SEDAN,PASSENGER OR SUBURBAN,Stopped in Traffic,Not Entered,North,Gas,2016,NY,1,4,HYUND,HUMAN,Not Applicable,HUMAN,Not Applicable,Not Applicable,5NPE24AFXGH422770
2018,15243384,TRACTOR,INTERNATIONAL REGISTRATION,Going Straight Ahead,Not Entered,East,Diesel,2000,NY,1,6,PETER,HUMAN,Not Applicable,HUMAN,Not Applicable,Not Applicable,1NP5GGGG70D507413
2018,15243416,4 DOOR SEDAN,PASSENGER OR SUBURBAN,Making Left Turn,Not Entered,North,Gas,2017,NY,1,4,SUBAR,HUMAN,Not Applicable,HUMAN,Failure to Yield Right-of-Way,Not Applicable,4S3BNAN68H3049583
2018,15243417,4 DOOR SEDAN,PASSENGER OR SUBURBAN,Going Straight Ahead,Not Entered,East,Gas,2016,NY,1,6,CHEVR,HUMAN,Not Applicable,HUMAN,Not Applicable,Not Applicable,2G1WB5E38G1151888
2018,15243418,4 DOOR SEDAN,PASSENGER OR SUBURBAN,Going Straight Ahead,Not Entered,North,Gas,2013,NY,1,4,DODGE,HUMAN,Unsafe Speed,ENVMT,Pavement Slippery,Not Applicable,1C3CDFBA2DD303312
2018,15243419,SUBURBAN,PASSENGER OR SUBURBAN,Going Straight Ahead,Not Entered,South,Gas,2016,NY,1,4,NISSA,HUMAN,Following Too Closely,ENVMT,Pavement Slippery,Not Applicable,JN8AT2MV8GW152892
2018,15243420,PICKUP TRUCK,PASSENGER OR SUBURBAN,Slowing or Stopping,Not Entered,South,Gas,2011,NY,1,8,DODGE,HUMAN,Not Applicable,HUMAN,Not Applicable,Not Applicable,1D7RW3GP0BS549754
2018,15243423,PICKUP TRUCK,AGRICULTURAL TRUCK,Stopped in Traffic,Not Entered,South,Gas,2004,NY,1,8,GMC,HUMAN,Not Applicable,HUMAN,Not Applicable,Not Applicable,1GTEK19T14Z260198
2018,15243422,SUBURBAN,PASSENGER OR SUBURBAN,Slowing or Stopping,Not Entered,South,Gas,2016,NY,1,4,MAZDA,HUMAN,Not Applicable,HUMAN,Not Applicable,"Other Motor Vehicle, Collision With",JM3KE4CY0G0786077
2018,15243421,SUBURBAN,PASSENGER OR SUBURBAN,Going Straight Ahead,Not Entered,South,Gas,2009,NY,1,4,SUBAR,HUMAN,Not Applicable,HUMAN,Following Too Closely,Not Applicable,JF1GH60699H822976
2018,15243429,4 DOOR SEDAN,STATE,Slowing or Stopping,Not Entered,Northeast,Gas,2016,NY,1,6,CHRYS,HUMAN,Not Applicable,HUMAN,Following Too Closely,Not Applicable,1C3CCCEG1GN184068
2018,15243431,SUBURBAN,PASSENGER OR SUBURBAN,Going Straight Ahead,Not Entered,West,Gas,2012,NY,1,6,JEEP,HUMAN,Unsafe Speed,ENVMT,Pavement Slippery,Not Applicable,1C4PJMFK3CW214574
2018,15243442,PICKUP TRUCK,PASSENGER OR SUBURBAN,Slowing or Stopping,Not Entered,North,Gas,2015,NY,1,8,CHEVR,HUMAN,Traffic Control Device Disregarded,HUMAN,Unsafe Speed,Not Applicable,3GCUKREC5FG205742
2018,15243443,SUBURBAN,PASSENGER OR SUBURBAN,Going Straight Ahead,Not Entered,East,Gas,2017,NY,1,6,LA/RO,HUMAN,Not Applicable,HUMAN,Not Applicable,Not Applicable,SALRRBBK9HA009463
2018,15243439,SUBURBAN,PASSENGER OR SUBURBAN,Overtaking/Passing,Not Entered,Southwest,Gas,2002,NY,1,4,SUBAR,HUMAN,Passing or Lane Usage Improper,HUMAN,Unsafe Speed,"Other Motor Vehicle, Collision With",JF1GG65552G814484
2018,15243441,4 DOOR SEDAN,PASSENGER OR SUBURBAN,Parked,Not Entered,Northwest,Gas,2017,NY,0,4,HONDA,HUMAN,Not Applicable,HUMAN,Not Applicable,Not Applicable,1HGCR2F87HA015369
2018,15243440,PICKUP TRUCK,PASSENGER OR SUBURBAN,Making Right Turn,Not Entered,Southwest,Gas,2017,NY,1,8,CHEVR,HUMAN,Not Applicable,HUMAN,Not Applicable,Not Applicable,1GCVKREC3HZ154152
2018,15243449,4 DOOR SEDAN,PASSENGER OR SUBURBAN,Going Straight Ahead,Not Entered,East,Gas,2011,NY,1,4,FORD,HUMAN,Unsafe Speed,HUMAN,Failure to Keep Right,"Light Support/Utility Pole, Collision With Fixed Object",3FADP4AJ8BM199588
2018,15243451,PICKUP TRUCK,PASSENGER OR SUBURBAN,Going Straight Ahead,Not Entered,North,Gas,2005,NY,1,8,CHEVR,HUMAN,Not Applicable,VEHICLE,Tire Failure/Inadequate,Not Applicable,1GCEK19BX5Z330094
2018,15243456,SUBURBAN,PASSENGER OR SUBURBAN,Going Straight Ahead,Not Entered,East,Gas,2003,NY,2,6,FORD,HUMAN,Unsafe Speed,ENVMT,Pavement Slippery,Not Applicable,1FMYU93103KC42792
2018,15243459,SUBURBAN,PASSENGER OR SUBURBAN,Slowing or Stopping,Not Entered,North,Gas,2011,NY,1,6,DODGE,HUMAN,Alcohol Involvement,HUMAN,Traffic Control Device Disregarded,"Building/Wall, Collision With Fixed Object",2D4RN3DG9BR632833
2018,15243460,PICKUP TRUCK,PASSENGER OR SUBURBAN,Parked,Not Entered,North,Gas,2005,NY,0,6,TOYOT,HUMAN,Not Applicable,HUMAN,Not Applicable,Not Applicable,3TMJU62NX5M005733
2018,15243464,PICKUP TRUCK,PASSENGER OR SUBURBAN,Going Straight Ahead,Not Entered,East,Gas,2011,NY,1,8,DODGE,HUMAN,Not Applicable,ENVMT,Animal's Action,Not Applicable,1D7RV1GT2BS674985
2018,15243470,PICKUP TRUCK,PASSENGER OR SUBURBAN,Going Straight Ahead,Not Entered,North,Gas,2012,NY,2,8,TOYOT,HUMAN,Not Applicable,HUMAN,Unsafe Speed,Not Applicable,5TFDY5F1XCX226940
2018,15243471,SUBURBAN,PASSENGER OR SUBURBAN,Going Straight Ahead,Not Entered,North,Gas,2016,NY,1,4,FORD,HUMAN,Not Applicable,ENVMT,Obstruction/ Debris,Not Applicable,1FMCU9GX9GUB64533
2018,15243472,4 DOOR SEDAN,PASSENGER OR SUBURBAN,Making Right Turn,Not Entered,South,Gas,2002,NY,1,6,VOLKS,HUMAN,Alcohol Involvement,HUMAN,Turning Improperly,"Overturned, Non-Collision",WVWSH63B72P185952
2018,15243476,4 DOOR SEDAN,PASSENGER OR SUBURBAN,Going Straight Ahead,Not Entered,East,Gas,2005,NY,2,6,BUICK,HUMAN,Driver Inexperience*,HUMAN,Unsafe Speed,Not Applicable,2G4WC532351298739
2018,15243479,SUBURBAN,PASSENGER OR SUBURBAN,Going Straight Ahead,Not Entered,South,Gas,2004,NY,1,4,HONDA,HUMAN,Not Applicable,HUMAN,Not Applicable,Not Applicable,5J6YH17374L015949
2018,15243480,PICKUP TRUCK,PASSENGER OR SUBURBAN,Going Straight Ahead,Not Entered,South,Gas,2013,NY,1,6,FORD,HUMAN,Not Applicable,ENVMT,Animal's Action,Not Applicable,1FTFW1ET8DFD88597
2018,15243488,SUBURBAN,PASSENGER OR SUBURBAN,Going Straight Ahead,Not Entered,West,Gas,2015,NY,1,4,SUBAR,HUMAN,Alcohol Involvement,HUMAN,Driver Inattention/Distraction*,"Other Object (Not Fixed)*, Collision With",JF2GPAAC2FG282457
2018,15243494,4 DOOR SEDAN,PASSENGER OR SUBURBAN,Going Straight Ahead,Not Entered,West,Gas,2013,NY,2,4,CHEVR,HUMAN,Not Applicable,ENVMT,Animal's Action,Not Applicable,1G11C5SA5DF128289
2018,15243497,4 DOOR SEDAN,PASSENGER OR SUBURBAN,Going Straight Ahead,Not Entered,North,Gas,2008,NY,2,4,FORD,HUMAN,Not Applicable,ENVMT,Animal's Action,Not Applicable,3FAHP07Z98R208835