Year,Case Vehicle ID,Vehicle Body Type,Registration Class,Action Prior to Accident,Type / Axles of Truck or Bus,Direction of Travel,Fuel Type,Vehicle Year,State of Registration,Number of Occupants,Engine Cylinders,Vehicle Make,Contributing Factor 1,Contributing Factor 1 Description,Contributing Factor 2,Contributing Factor 2 Description,Event Type,Partial VIN
2018,15243501,4 DOOR SEDAN,PASSENGER OR SUBURBAN,Going Straight Ahead,Not Entered,South,Gas,2014,NY,2,4,CHEVR,HUMAN,Not Applicable,ENVMT,Animal's Action,Not Applicable,1G11C5SL7EF179246
2018,15243503,4 DOOR SEDAN,PASSENGER OR SUBURBAN,Making U Turn,Not Entered,East,Gas,2009,NY,1,4,TOYOT,HUMAN,Driver Inattention/Distraction*,HUMAN,Turning Improperly,Not Applicable,JTDBL40E499024510
2018,15243515,SUBURBAN,PASSENGER OR SUBURBAN,Going Straight Ahead,Not Entered,East,Gas,2004,NY,1,6,TOYOT,HUMAN,Unsafe Speed,ENVMT,Pavement Slippery,Not Applicable,5TDZA23C74S103277
2018,15243519,4 DOOR SEDAN,PASSENGER OR SUBURBAN,Going Straight Ahead,Not Entered,Northeast,Gas,2008,NY,1,4,DODGE,HUMAN,Not Applicable,ENVMT,Animal's Action,Not Applicable,1B3LC46J38N251722
2018,15243522,4 DOOR SEDAN,PASSENGER OR SUBURBAN,Going Straight Ahead,Not Entered,West,Gas,2006,NY,1,4,SATUR,HUMAN,Unsafe Speed,ENVMT,Pavement Slippery,"Guide Rail - Not At End, Collision With Fixed Object",1G8AJ55F46Z140529
2018,15243526,4 DOOR SEDAN,PASSENGER OR SUBURBAN,Going Straight Ahead,Not Entered,Northwest,Gas,2009,NY,1,4,TOYOT,HUMAN,Not Applicable,HUMAN,Not Applicable,Not Applicable,2T1BU40E49C122329
2018,15243525,SUBURBAN,PASSENGER OR SUBURBAN,Changing Lanes,Not Entered,Northwest,Gas,2015,NY,2,6,NISSA,HUMAN,Driver Inattention/Distraction*,HUMAN,Unsafe Lane Changing,"Snow Embankment, Collision With Fixed Object",5N1AR2MM8FC629821
2018,15243536,4 DOOR SEDAN,PASSENGER OR SUBURBAN,Slowing or Stopping,Not Entered,East,Gas,2015,NY,3,4,HONDA,HUMAN,Not Applicable,HUMAN,Following Too Closely,Not Applicable,1HGCR2F51FA100517
2018,15243535,SUBURBAN,PASSENGER OR SUBURBAN,Slowing or Stopping,Not Entered,East,Gas,2012,NY,1,4,SUBAR,HUMAN,Not Applicable,HUMAN,Not Applicable,Not Applicable,JF1GPAL62CH228982
2018,15243537,SUBURBAN,PASSENGER OR SUBURBAN,Going Straight Ahead,Not Entered,South,Gas,2014,NY,1,6,FORD,HUMAN,Not Applicable,ENVMT,Animal's Action,Not Entered,1FM5K8D84EGC18998
2018,15243539,PICKUP TRUCK,PASSENGER OR SUBURBAN,Going Straight Ahead,Not Entered,South,Gas,2017,NY,1,6,CHEVR,ENVMT,Pavement Slippery,ENVMT,View Obstructed/Limited,"Guide Rail - End, Collision With Fixed Object",1GCHTCEN1H1282655
2018,15243540,PICKUP TRUCK,PASSENGER OR SUBURBAN,Going Straight Ahead,Not Entered,North,Gas,2013,NY,1,6,HONDA,HUMAN,Not Applicable,HUMAN,Not Applicable,Not Applicable,5FPYK1F48DB002445
2018,15243541,SUBURBAN,PASSENGER OR SUBURBAN,Going Straight Ahead,Not Entered,North,Gas,2003,NY,2,6,CHEVR,HUMAN,Unsafe Speed,ENVMT,Pavement Slippery,Not Applicable,1GNDT13S532105175
2018,15243542,SUBURBAN,PASSENGER OR SUBURBAN,Going Straight Ahead,Not Entered,North,Gas,2011,NY,1,6,CHEVR,HUMAN,Unsafe Speed,ENVMT,Pavement Slippery,Not Applicable,1GNKVGED7BJ329975
2018,15243550,4 DOOR SEDAN,PASSENGER OR SUBURBAN,Going Straight Ahead,Not Entered,West,Gas,2017,NY,1,4,MAZDA,HUMAN,Not Applicable,ENVMT,Animal's Action,Not Applicable,JM1GL1V5XH1135847
2018,15243548,PICKUP TRUCK,PASSENGER OR SUBURBAN,Going Straight Ahead,Not Entered,Southwest,Gas,2000,NY,1,8,TOYOT,HUMAN,Not Applicable,ENVMT,Animal's Action,Not Entered,5TBBT4416YS034682
2018,15243552,SUBURBAN,OMNIBUS - LIVERY,Going Straight Ahead,Not Entered,South,Gas,2010,NY,1,6,DODGE,HUMAN,Not Applicable,HUMAN,Failure to Yield Right-of-Way,Not Applicable,2D4RN4DE0AR439134
2018,15243553,4 DOOR SEDAN,PASSENGER OR SUBURBAN,Going Straight Ahead,Not Entered,East,Gas,2010,NY,1,4,HONDA,HUMAN,Not Applicable,HUMAN,Not Applicable,Not Applicable,1HGCP2F44AA198075
2018,15243554,PICKUP TRUCK,PASSENGER OR SUBURBAN,Going Straight Ahead,Not Entered,South,Gas,2007,NY,4,6,MITSU,HUMAN,Unsafe Speed,ENVMT,Pavement Slippery,Not Applicable,1Z7HC28K67S163184
2018,15243556,PICKUP TRUCK,PASSENGER OR SUBURBAN,Slowing or Stopping,Not Entered,East,Gas,2014,NY,1,8,RAM,HUMAN,Not Applicable,HUMAN,Not Applicable,Not Entered,1C6RR7HT9ES133413
2018,15243555,4 DOOR SEDAN,PASSENGER OR SUBURBAN,Going Straight Ahead,Not Entered,East,Gas,2014,NY,1,4,MAZDA,HUMAN,Not Applicable,HUMAN,Following Too Closely,Not Entered,JM1BM1W76E1183297
2018,15243557,4 DOOR SEDAN,PASSENGER OR SUBURBAN,Going Straight Ahead,Not Entered,East,Gas,2007,NY,1,4,TOYOT,HUMAN,Unsafe Speed,ENVMT,Pavement Slippery,Not Applicable,JTDBT923971002636
2018,15243559,SUBURBAN,PASSENGER OR SUBURBAN,Going Straight Ahead,Not Entered,East,Gas,2014,NY,1,4,MITSU,HUMAN,Not Applicable,ENVMT,Animal's Action,Not Applicable,4A4AR4AU8EE023693
2018,15243579,4 DOOR SEDAN,PASSENGER OR SUBURBAN,Going Straight Ahead,Not Entered,East,Gas,2010,NY,1,4,SUBAR,HUMAN,Unsafe Speed,ENVMT,Pavement Slippery,Not Applicable,JF1GE6A67AH505578
2018,15243583,4 DOOR SEDAN,PASSENGER OR SUBURBAN,Slowing or Stopping,Not Entered,North,Gas,2012,NY,1,4,HYUND,HUMAN,Not Applicable,HUMAN,Not Applicable,Not Applicable,KMHCU5AE8CU009806
2018,15243582,SUBURBAN,PASSENGER OR SUBURBAN,Going Straight Ahead,Not Entered,North,Gas,2014,NY,4,4,SUBAR,HUMAN,Not Applicable,HUMAN,Following Too Closely,Not Applicable,JF2SJAHC1EH456349
2018,15243581,SUBURBAN,PASSENGER OR SUBURBAN,Going Straight Ahead,Not Entered,North,Gas,2016,NY,4,4,NISSA,HUMAN,Not Applicable,ENVMT,Animal's Action,Not Applicable,KNMAT2MV2GP713075
2018,15243586,4 DOOR SEDAN,PASSENGER OR SUBURBAN,Slowing or Stopping,Not Entered,East,Gas,2010,NY,1,4,HYUND,HUMAN,Not Applicable,HUMAN,Not Applicable,Not Applicable,KMHDU4AD0AU044567
2018,15243585,4 DOOR SEDAN,PASSENGER OR SUBURBAN,Changing Lanes,Not Entered,East,Gas,2001,NY,1,4,HYUND,HUMAN,Driver Inattention/Distraction*,HUMAN,Unsafe Lane Changing,Not Applicable,KMHWF25SX1A472292
2018,15243593,SUBURBAN,PASSENGER OR SUBURBAN,Slowing or Stopping,Not Entered,East,Gas,2015,NY,1,4,CHEVR,HUMAN,Not Applicable,HUMAN,Not Applicable,Not Applicable,2GNALBEK2F1136300
2018,15243599,4 DOOR SEDAN,PASSENGER OR SUBURBAN,Going Straight Ahead,Not Entered,West,Gas,2010,NY,1,4,HYUND,HUMAN,Not Applicable,HUMAN,Not Applicable,Not Applicable,5NPET4AC3AH641399
2018,15243600,2 DOOR SEDAN,PASSENGER OR SUBURBAN,Going Straight Ahead,Not Entered,West,Gas,2003,NY,1,4,HONDA,HUMAN,Not Applicable,HUMAN,Following Too Closely,Not Applicable,SHHEP33563U403639
2018,15243609,4 DOOR SEDAN,PASSENGER OR SUBURBAN,Going Straight Ahead,Not Entered,East,Gas,2017,NY,3,4,NISSA,HUMAN,Not Applicable,HUMAN,Not Applicable,Not Applicable,1N4AL3AP7HN353364
2018,15243610,SUBURBAN,PASSENGER OR SUBURBAN,Changing Lanes,Not Entered,East,Gas,2014,NY,1,4,HONDA,HUMAN,Not Applicable,HUMAN,Unsafe Lane Changing,Not Applicable,2HKRM4H72EH722133
2018,15243628,SUBURBAN,PASSENGER OR SUBURBAN,Going Straight Ahead,Not Entered,South,Gas,2015,NY,1,4,HONDA,HUMAN,Not Applicable,HUMAN,Not Applicable,Not Applicable,5J6RM4H98FL132348
2018,15243630,SUBURBAN,PASSENGER OR SUBURBAN,Slowing or Stopping,Not Entered,South,Gas,2011,NY,1,4,HONDA,HUMAN,Not Applicable,HUMAN,Not Applicable,Not Applicable,JHLRE4H40BC025881
2018,15243631,SUBURBAN,PASSENGER OR SUBURBAN,Stopped in Traffic,Not Entered,South,Gas,2017,NY,1,4,SUBAR,HUMAN,Not Applicable,HUMAN,Not Applicable,Not Applicable,JF2SJAWCXHH451884
2018,15243633,4 DOOR SEDAN,PASSENGER OR SUBURBAN,Slowing or Stopping,Not Entered,East,Gas,2011,NY,1,4,HONDA,HUMAN,Not Applicable,HUMAN,Not Applicable,Not Applicable,1HGCP2F8XBA065342
2018,15243632,4 DOOR SEDAN,PASSENGER OR SUBURBAN,Going Straight Ahead,Not Entered,East,Gas,2018,NY,1,4,BMW,HUMAN,Not Applicable,HUMAN,Following Too Closely,Not Applicable,WBA4J3C50JBG91480
2018,15243641,4 DOOR SEDAN,PASSENGER OR SUBURBAN,Going Straight Ahead,Not Entered,East,Gas,2017,NY,1,4,HYUND,HUMAN,Not Applicable,HUMAN,Unsafe Lane Changing,Not Applicable,5NPD84LF1HH072339
2018,15243642,TRACTOR,INTERNATIONAL REGISTRATION,Going Straight Ahead,Not Entered,East,Diesel,2013,NY,1,6,PETER,HUMAN,Not Applicable,HUMAN,Unsafe Lane Changing,Not Applicable,1XPWD4TX0DD202591
2018,15243643,SUBURBAN,PASSENGER OR SUBURBAN,Going Straight Ahead,Not Entered,East,Gas,2016,NY,2,4,KIA,HUMAN,Not Applicable,ENVMT,Animal's Action,Not Applicable,5XYPHDA11GG012667
2018,15243646,4 DOOR SEDAN,PASSENGER OR SUBURBAN,Slowing or Stopping,Not Entered,East,Gas,2016,NY,1,4,NISSA,HUMAN,Not Applicable,HUMAN,Not Applicable,Not Applicable,1N4AL3AP3GN374887
2018,15243645,SUBURBAN,PASSENGER OR SUBURBAN,Slowing or Stopping,Not Entered,East,Gas,1999,NY,1,6,LEXUS,HUMAN,Not Applicable,HUMAN,Not Applicable,"Other Motor Vehicle, Collision With",JT6HF10U4X0084304
2018,15243647,SUBURBAN,PASSENGER OR SUBURBAN,Going Straight Ahead,Not Entered,South,Gas,2002,NY,3,6,FORD,HUMAN,Not Applicable,HUMAN,Following Too Closely,Not Applicable,1FMYU03152KD56832
2018,15243649,SUBURBAN,PASSENGER OR SUBURBAN,Going Straight Ahead,Not Entered,East,Gas,2017,NY,1,4,SUBAR,HUMAN,Not Applicable,HUMAN,Following Too Closely,Not Applicable,JF2SJAJC1HH449612
2018,15243650,SUBURBAN,PASSENGER OR SUBURBAN,Slowing or Stopping,Not Entered,East,Gas,2013,NY,2,4,FORD,HUMAN,Not Applicable,HUMAN,Not Applicable,Not Applicable,1FMCU9G98DUA09064
2018,15243652,SUBURBAN,PASSENGER OR SUBURBAN,Slowing or Stopping,Not Entered,East,Gas,2018,NY,1,4,SUBAR,HUMAN,Not Applicable,HUMAN,Not Applicable,Not Applicable,JF2SJAJCXJH451820
2018,15243651,4 DOOR SEDAN,PASSENGER OR SUBURBAN,Going Straight Ahead,Not Entered,East,Gas,2004,NY,1,4,TOYOT,HUMAN,Not Applicable,HUMAN,Following Too Closely,Not Applicable,4T1BE30K84U848179
2018,15243654,SUBURBAN,PASSENGER OR SUBURBAN,Going Straight Ahead,Not Entered,West,Gas,2016,NY,1,4,MITSU,HUMAN,Not Applicable,ENVMT,Animal's Action,Not Applicable,JA4AR3AU0GZ027650
2018,15243657,PICKUP TRUCK,PASSENGER OR SUBURBAN,Going Straight Ahead,Not Entered,South,Gas,2009,NY,1,8,CHEVR,HUMAN,Not Applicable,HUMAN,Not Applicable,"Earth Embankment/Rock Cut/Ditch, Collision With Fixed Object",1GCEK29049Z111013
2018,15243656,SUBURBAN,PASSENGER OR SUBURBAN,Going Straight Ahead,Not Entered,North,Gas,2010,NY,1,4,FORD,HUMAN,Unsafe Speed,ENVMT,Pavement Slippery,Not Applicable,1FMCU9D75AKB31486
2018,15243667,SUBURBAN,PASSENGER OR SUBURBAN,Going Straight Ahead,Not Entered,South,Gas,2006,NY,1,6,BMW,HUMAN,Not Applicable,ENVMT,Animal's Action,Not Applicable,5UXFA13596LY41728
2018,15243672,4 DOOR SEDAN,PASSENGER OR SUBURBAN,Making Right Turn,Not Entered,East,Gas,2016,NY,1,5,VOLVO,HUMAN,Not Applicable,HUMAN,Failure to Yield Right-of-Way,Not Applicable,YV1612TK8G2413342
2018,15243671,SUBURBAN,PASSENGER OR SUBURBAN,Going Straight Ahead,Not Entered,South,Gas,2011,NY,1,4,HONDA,HUMAN,Not Applicable,HUMAN,Not Applicable,Not Applicable,JHLRE4H58BC008660
2018,15243675,PICKUP TRUCK,PASSENGER OR SUBURBAN,Going Straight Ahead,Not Entered,Northeast,Gas,2007,NY,1,8,DODGE,HUMAN,Not Applicable,ENVMT,Animal's Action,Not Applicable,1D7HU18P37S192355
2018,15243676,SUBURBAN,PASSENGER OR SUBURBAN,Going Straight Ahead,Not Entered,North,Gas,2003,NY,1,6,JEEP,HUMAN,Unsafe Speed,ENVMT,Pavement Slippery,Not Applicable,1J4GL48K93W581030
2018,15243683,4 DOOR SEDAN,PASSENGER OR SUBURBAN,Going Straight Ahead,Not Entered,West,Gas,2013,NY,1,4,BMW,HUMAN,Not Applicable,HUMAN,Failure to Keep Right,Not Entered,WBA3B5C50DF590826
2018,15243684,SUBURBAN,PASSENGER OR SUBURBAN,Going Straight Ahead,Not Entered,Northeast,Gas,2017,NY,2,4,FORD,HUMAN,Not Applicable,HUMAN,Not Applicable,Not Applicable,2FMPK4J97HBB41604
2018,15243686,SUBURBAN,PASSENGER OR SUBURBAN,Going Straight Ahead,Not Entered,South,Gas,2011,NY,1,4,TOYOT,HUMAN,Not Applicable,ENVMT,Animal's Action,Not Applicable,2T3BF4DV1BW114110
2018,15243685,SUBURBAN,PASSENGER OR SUBURBAN,Going Straight Ahead,Not Entered,North,Gas,2016,NY,2,4,JEEP,HUMAN,Not Applicable,ENVMT,Animal's Action,Not Applicable,1C4NJDEB1GD597103
2018,15243687,PICKUP TRUCK,PASSENGER OR SUBURBAN,Going Straight Ahead,Not Entered,North,Gas,2003,NY,2,8,CHEVR,HUMAN,Unsafe Speed,ENVMT,Pavement Slippery,"Guide Rail - Not At End, Collision With Fixed Object",2GCEK19T631230153
2018,15243689,4 DOOR SEDAN,PASSENGER OR SUBURBAN,Stopped in Traffic,Not Entered,Northeast,Gas,2015,NY,2,4,CHEVR,HUMAN,Passing or Lane Usage Improper,ENVMT,Pavement Slippery,"Guide Rail - Not At End, Collision With Fixed Object",1G1JE5SB3F4109970
2018,15243690,SUBURBAN,PASSENGER OR SUBURBAN,Going Straight Ahead,Not Entered,North,Gas,2015,NY,1,4,SUBAR,HUMAN,Not Applicable,HUMAN,Not Applicable,Not Applicable,JF2SJAHC5FH562210
2018,15243694,4 DOOR SEDAN,PASSENGER OR SUBURBAN,Going Straight Ahead,Not Entered,North,Gas,2010,NY,1,4,HYUND,HUMAN,Unsafe Speed,ENVMT,Pavement Slippery,Not Applicable,KMHCN4AC7AU492496
2018,15243696,SUBURBAN,PASSENGER OR SUBURBAN,Going Straight Ahead,Not Entered,East,Gas,2013,NY,1,4,SUBAR,HUMAN,Unsafe Speed,HUMAN,Failure to Keep Right,Not Applicable,JF1GPAR61D2813533
2018,15243697,SUBURBAN,PASSENGER OR SUBURBAN,Going Straight Ahead,Not Entered,West,Gas,2016,NY,1,4,SUBAR,HUMAN,Not Applicable,HUMAN,Not Applicable,Not Applicable,4S4BSAAC1G3289136
2018,15243706,SUBURBAN,PASSENGER OR SUBURBAN,Going Straight Ahead,Not Entered,East,Gas,2015,NY,1,6,CHEVR,HUMAN,Following Too Closely,ENVMT,Pavement Slippery,Not Applicable,1GNKVHKD4FJ157615
2018,15243707,PICKUP TRUCK,PASSENGER OR SUBURBAN,Stopped in Traffic,Not Entered,East,Gas,2010,NY,2,8,FORD,HUMAN,Not Applicable,HUMAN,Not Applicable,Not Applicable,1FTFW1EV5AFD52492
2018,15243709,SUBURBAN,PASSENGER OR SUBURBAN,Going Straight Ahead,Not Entered,South,Gas,2017,NY,1,6,CHEVR,HUMAN,Not Applicable,ENVMT,Animal's Action,Not Applicable,1GNKVFED3HJ147418
2018,15243711,4 DOOR SEDAN,PASSENGER OR SUBURBAN,Going Straight Ahead,Not Entered,North,Gas,2014,NY,1,6,TOYOT,HUMAN,Alcohol Involvement,HUMAN,Unsafe Speed,"Tree, Collision With Fixed Object",4T1BK1EB1EU113003
2018,15243717,SUBURBAN,PASSENGER OR SUBURBAN,Going Straight Ahead,Not Entered,East,Gas,2018,NY,1,4,AUDI,HUMAN,Not Applicable,ENVMT,Animal's Action,Not Applicable,WA1ANAFY3J2067085
2018,15243721,SUBURBAN,PASSENGER OR SUBURBAN,Going Straight Ahead,Not Entered,East,Gas,2011,NY,3,4,TOYOT,HUMAN,Fell Asleep,HUMAN,Following Too Closely,Not Applicable,JTMDF4DVXB5049094
2018,15261846,4 DOOR SEDAN,PASSENGER OR SUBURBAN,Going Straight Ahead,Not Entered,East,Gas,2001,NY,2,4,HONDA,HUMAN,Not Applicable,HUMAN,Not Applicable,Not Entered,2HGES16591H500214
2018,15261845,PICKUP TRUCK,AGRICULTURAL TRUCK,Making Right Turn,Not Entered,East,Diesel,2005,NY,2,8,FORD,HUMAN,Passing or Lane Usage Improper,HUMAN,Turning Improperly,Not Entered,1FTWW31P45EC32746
2018,15243739,SUBURBAN,PASSENGER OR SUBURBAN,Going Straight Ahead,Not Entered,North,Gas,2014,NY,1,6,BMW,HUMAN,Not Applicable,ENVMT,Animal's Action,Not Applicable,5UXKR0C59E0K43964
2018,15243740,PICKUP TRUCK,PASSENGER OR SUBURBAN,Going Straight Ahead,Not Entered,West,Gas,2017,NY,1,8,CHEVR,HUMAN,Not Applicable,ENVMT,Animal's Action,Not Applicable,3GCUKREC4HG419687
2018,15243742,SUBURBAN,PASSENGER OR SUBURBAN,Slowing or Stopping,Not Entered,East,Gas,2014,NY,1,6,TOYOT,HUMAN,Not Applicable,HUMAN,Not Applicable,Not Applicable,JTEBU4BF8EK188246
2018,15243741,4 DOOR SEDAN,PASSENGER OR SUBURBAN,Slowing or Stopping,Not Entered,East,Gas,2007,NY,1,4,TOYOT,HUMAN,Not Applicable,HUMAN,Following Too Closely,Not Applicable,4T1BE46K17U156587
2018,15243746,SUBURBAN,AMBULANCE,Slowing or Stopping,Not Entered,East,Diesel,2011,NY,2,8,CHEVR,HUMAN,Not Applicable,HUMAN,Not Applicable,Not Applicable,1GBZGUCL1B1190618
2018,15243745,SUBURBAN,PASSENGER OR SUBURBAN,Going Straight Ahead,Not Entered,East,Gas,2005,NY,2,4,SUBAR,HUMAN,Not Applicable,HUMAN,Following Too Closely,Not Applicable,JF1SG65685H743072
2018,15243744,4 DOOR SEDAN,PASSENGER OR SUBURBAN,Going Straight Ahead,Not Entered,West,Gas,2013,NY,1,4,FORD,HUMAN,Not Applicable,HUMAN,Not Applicable,Not Applicable,3FADP4AJXDM222890
2018,15243743,PICKUP TRUCK,PASSENGER OR SUBURBAN,Slowing or Stopping,Not Entered,South,Gas,2001,NY,1,8,DODGE,HUMAN,Failure to Yield Right-of-Way,HUMAN,Traffic Control Device Disregarded,Not Applicable,3B7HF13Y91G769098
2018,15243754,SUBURBAN,PASSENGER OR SUBURBAN,Going Straight Ahead,Not Entered,North,Gas,2013,NY,1,6,FORD,HUMAN,Not Applicable,ENVMT,Animal's Action,Not Applicable,2FMDK4KCXDBA53041
2018,15243755,4 DOOR SEDAN,PASSENGER OR SUBURBAN,Making U Turn,Not Entered,South,Gas,2010,NY,1,6,PONTI,HUMAN,Passing or Lane Usage Improper,HUMAN,Turning Improperly,Not Applicable,1G2ZA5EK0A4132198
2018,15243756,4 DOOR SEDAN,PASSENGER OR SUBURBAN,Making Left Turn,Not Entered,Southwest,Gas,2003,NY,1,6,INFIN,HUMAN,Not Applicable,HUMAN,Not Applicable,Not Applicable,JNKCV51E13M307663
2018,15243757,PICKUP TRUCK,PASSENGER OR SUBURBAN,Going Straight Ahead,Not Entered,East,Gas,2001,NY,1,8,GMC,HUMAN,Not Applicable,HUMAN,Following Too Closely,Not Applicable,2GTEK19T811394341
2018,15243758,SUBURBAN,PASSENGER OR SUBURBAN,Stopped in Traffic,Not Entered,East,Gas,2016,NY,1,6,JEEP,HUMAN,Not Applicable,HUMAN,Not Applicable,Not Applicable,1C4RJFBG7GC334472
2018,15243759,4 DOOR SEDAN,PASSENGER OR SUBURBAN,Going Straight Ahead,Not Entered,South,Gas,2002,NY,1,6,FORD,HUMAN,Not Applicable,HUMAN,Following Too Closely,Not Applicable,1FAFP52U22A217037
2018,15243761,SUBURBAN,PASSENGER OR SUBURBAN,Stopped in Traffic,Not Entered,South,Gas,2012,NY,2,6,JEEP,HUMAN,Not Applicable,HUMAN,Not Applicable,Not Applicable,1C4RJFAG5CC127817
2018,15243760,SUBURBAN,PASSENGER OR SUBURBAN,Slowing or Stopping,Not Entered,South,Gas,2012,NY,2,6,TOYOT,HUMAN,Not Applicable,HUMAN,Not Applicable,"Other Motor Vehicle, Collision With",5TDDK3DC7CS044886
2018,15243765,4 DOOR SEDAN,PASSENGER OR SUBURBAN,Slowing or Stopping,Not Entered,West,Gas,2015,NY,1,4,HONDA,HUMAN,Not Applicable,HUMAN,Not Applicable,Not Applicable,19XFB2F83FE246764
2018,15243764,4 DOOR SEDAN,ORGANIZATIONAL,Going Straight Ahead,Not Entered,West,Gas,2009,NY,1,6,ME/BE,HUMAN,Following Too Closely,ENVMT,Pavement Slippery,Not Applicable,WDDGF81X49R058568
2018,15243762,SUBURBAN,PASSENGER OR SUBURBAN,Changing Lanes,Not Entered,South,Gas,2015,NY,1,4,SUBAR,HUMAN,Not Applicable,HUMAN,Unsafe Lane Changing,Not Applicable,JF2SJADC7FH489976
2018,15243763,SUBURBAN,PASSENGER OR SUBURBAN,Going Straight Ahead,Not Entered,South,Gas,2014,NY,2,4,SUBAR,HUMAN,Not Applicable,HUMAN,Not Applicable,Not Applicable,JF1GPAC69E8246835
2018,15243766,SUBURBAN,PASSENGER OR SUBURBAN,Going Straight Ahead,Not Entered,East,Gas,2014,NY,2,4,JEEP,HUMAN,Following Too Closely,ENVMT,Pavement Slippery,Not Applicable,1C4NJDCB7ED846925
2018,15243767,SUBURBAN,PASSENGER OR SUBURBAN,Slowing or Stopping,Not Entered,East,Gas,2015,NY,1,8,GMC,HUMAN,Not Applicable,HUMAN,Not Applicable,Not Applicable,1GKS2HKC0FR227352
2018,15243768,4 DOOR SEDAN,PASSENGER OR SUBURBAN,Going Straight Ahead,Not Entered,North,Gas,2014,NY,1,4,HONDA,HUMAN,Following Too Closely,ENVMT,Pavement Slippery,Not Applicable,2HGFB2F56EH543862
2018,15243769,SUBURBAN,PASSENGER OR SUBURBAN,Stopped in Traffic,Not Entered,North,Gas,2015,NY,1,4,SUBAR,HUMAN,Not Applicable,HUMAN,Not Applicable,Not Applicable,JF2SJADC0FH514393
2018,15243772,SUBURBAN,PASSENGER OR SUBURBAN,Going Straight Ahead,Not Entered,East,Gas,2007,NY,1,6,DODGE,HUMAN,Not Applicable,HUMAN,Failure to Yield Right-of-Way,Not Applicable,2D4GP44LX7R131963
2018,15243777,4 DOOR SEDAN,PASSENGER OR SUBURBAN,Starting from Parking,Not Entered,North,Gas,1999,NY,1,6,HONDA,HUMAN,Alcohol Involvement,HUMAN,Unsafe Speed,Not Applicable,1HGCG1658XA034307
2018,15243781,4 DOOR SEDAN,PASSENGER OR SUBURBAN,Parked,Not Entered,West,Gas,2004,NY,0,6,ACURA,HUMAN,Not Entered,HUMAN,Not Applicable,Not Applicable,19UUA66204A034581
2018,15243780,4 DOOR SEDAN,PASSENGER OR SUBURBAN,Going Straight Ahead,Not Entered,West,Gas,2006,NY,1,6,CHEVR,HUMAN,Not Applicable,HUMAN,Alcohol Involvement,Not Applicable,1G1ZT51876F231184
2018,15243782,PICKUP TRUCK,POLITICAL SUBDIVISION,Making Left Turn,Not Entered,East,Gas,2008,NY,1,8,FORD,HUMAN,Failure to Yield Right-of-Way,ENVMT,View Obstructed/Limited,Not Applicable,1FTWF315X8EC06655
2018,15243785,4 DOOR SEDAN,PASSENGER OR SUBURBAN,Stopped in Traffic,Not Entered,South,Gas,2015,NY,1,4,FORD,HUMAN,Not Applicable,HUMAN,Not Applicable,Not Applicable,1FADP3F29FL379018
2018,15243784,SUBURBAN,PASSENGER OR SUBURBAN,Slowing or Stopping,Not Entered,South,Gas,2014,NY,1,4,SUBAR,HUMAN,Driver Inattention/Distraction*,HUMAN,Following Too Closely,Not Applicable,JF1GPAC65E8267343
2018,15243787,PICKUP TRUCK,PASSENGER OR SUBURBAN,Parked,Not Entered,South,Gas,2017,NY,0,8,CHEVR,HUMAN,Not Applicable,HUMAN,Not Applicable,Not Applicable,1GCVKREC9HZ103383
2018,15243786,SUBURBAN,PASSENGER OR SUBURBAN,Backing,Not Entered,Southwest,Gas,2016,NY,1,8,GMC,HUMAN,Not Applicable,HUMAN,Backing Unsafely,Not Applicable,1GKS2CKJ4GR410773
2018,15243797,4 DOOR SEDAN,PASSENGER OR SUBURBAN,Making Left Turn,Not Entered,West,Gas,2013,NY,2,4,HONDA,HUMAN,Not Applicable,HUMAN,Failure to Yield Right-of-Way,Not Applicable,JHMGE8H5XDC046730
2018,15243798,VAN TRUCK,COMMERCIAL,Going Straight Ahead,Not Entered,North,Gas,2011,NY,1,8,FORD,HUMAN,Not Applicable,HUMAN,Not Applicable,Not Applicable,1FTNE2EW0BDA92450
2018,15243802,SUBURBAN,PASSENGER OR SUBURBAN,Making Left Turn,Not Entered,North,Gas,2013,NY,2,4,SUBAR,HUMAN,Not Applicable,HUMAN,Not Applicable,Not Applicable,JF2SHAHC7DH437444
2018,15243801,SUBURBAN,PASSENGER OR SUBURBAN,Going Straight Ahead,Not Entered,East,Gas,2007,NY,1,6,TOYOT,HUMAN,Not Applicable,HUMAN,Traffic Control Device Disregarded,Not Applicable,JTEEP21AX70189069
2018,15243806,SUBURBAN,PASSENGER OR SUBURBAN,Making Left Turn,Not Entered,South,Gas,2017,NY,1,4,MAZDA,HUMAN,Not Applicable,HUMAN,Not Applicable,Not Applicable,JM3KFBDL3H0178298
2018,15243805,PICKUP TRUCK,PASSENGER OR SUBURBAN,Overtaking/Passing,Not Entered,West,Gas,2015,NY,1,8,CHEVR,HUMAN,Passing or Lane Usage Improper,HUMAN,Unsafe Lane Changing,Not Applicable,3GCUKSEC5FG473441
2018,15243807,4 DOOR SEDAN,PASSENGER OR SUBURBAN,Making Left Turn,Not Entered,West,Gas,2005,NY,1,6,HONDA,HUMAN,Not Applicable,HUMAN,Failure to Yield Right-of-Way,Not Applicable,JHMCN36535C014028
2018,15243809,PICKUP TRUCK,COMMERCIAL,Backing,Not Entered,Southwest,Gas,2016,NY,1,8,CHEVR,HUMAN,Not Applicable,HUMAN,Backing Unsafely,Not Applicable,1GC0KUEG4GZ386676