Year,Case Vehicle ID,Vehicle Body Type,Registration Class,Action Prior to Accident,Type / Axles of Truck or Bus,Direction of Travel,Fuel Type,Vehicle Year,State of Registration,Number of Occupants,Engine Cylinders,Vehicle Make,Contributing Factor 1,Contributing Factor 1 Description,Contributing Factor 2,Contributing Factor 2 Description,Event Type,Partial VIN
2018,15243810,PICKUP TRUCK,COMMERCIAL,Parked,Not Entered,Northwest,Gas,2018,NY,0,6,FORD,HUMAN,Not Applicable,HUMAN,Not Applicable,Not Applicable,1FTEX1EP2JFA28815
2018,15243811,SUBURBAN,PASSENGER OR SUBURBAN,Going Straight Ahead,Not Entered,North,Gas,2007,NY,1,6,JEEP,HUMAN,Not Applicable,HUMAN,Following Too Closely,Not Applicable,1J8GR48K87C589348
2018,15243812,SUBURBAN,PASSENGER OR SUBURBAN,Stopped in Traffic,Not Entered,North,Gas,2015,NY,1,4,NISSA,HUMAN,Not Applicable,HUMAN,Not Applicable,Not Applicable,KNMAT2MV0FP581402
2018,15243816,4 DOOR SEDAN,PASSENGER OR SUBURBAN,Stopped in Traffic,Not Entered,South,Gas,2016,NY,2,4,CHEVR,HUMAN,Not Applicable,HUMAN,Not Applicable,Not Applicable,1G1ZE5ST5GF266899
2018,15243815,4 DOOR SEDAN,SPECIAL PASSENGER,Backing,Not Entered,West,Gas,2016,NY,1,4,TOYOT,HUMAN,Not Applicable,HUMAN,Backing Unsafely,Not Applicable,4T1BF1FK8GU253006
2018,15243818,4 DOOR SEDAN,PASSENGER OR SUBURBAN,Going Straight Ahead,Not Entered,Northwest,Gas,2004,NY,1,6,CHEVR,HUMAN,Not Applicable,HUMAN,Not Applicable,Not Applicable,2G1WH52K549403877
2018,15243817,SUBURBAN,PASSENGER OR SUBURBAN,Making Left Turn,Not Entered,Northeast,Gas,2014,NY,2,4,FORD,HUMAN,Failure to Yield Right-of-Way,HUMAN,Turning Improperly,Not Applicable,2FMDK3G93EBA15837
2018,15243819,SUBURBAN,PASSENGER OR SUBURBAN,Going Straight Ahead,Not Entered,South,Gas,2014,NY,1,4,INFIN,HUMAN,Failure to Yield Right-of-Way,HUMAN,Traffic Control Device Disregarded,Not Applicable,5N1CL0MM2EC526522
2018,15243822,4 DOOR SEDAN,PASSENGER OR SUBURBAN,Going Straight Ahead,Not Entered,West,Gas,2012,NY,1,4,TOYOT,HUMAN,Not Applicable,HUMAN,Not Applicable,Not Applicable,4T1BD1FK5CU060327
2018,15243821,4 DOOR SEDAN,PASSENGER OR SUBURBAN,Making Left Turn,Not Entered,North,Gas,2007,NY,1,4,TOYOT,HUMAN,Failure to Yield Right-of-Way,HUMAN,Reaction to Other Uninvolved Vehicle,Not Applicable,4T1BE46K87U032882
2018,15243830,2 DOOR SEDAN,PASSENGER OR SUBURBAN,Making Right Turn,Not Entered,Southwest,Gas,2010,NY,1,4,TOYOT,HUMAN,Not Applicable,ENVMT,Pavement Slippery,Not Applicable,JTKDE3B78A0310759
2018,15243831,4 DOOR SEDAN,PASSENGER OR SUBURBAN,Making Left Turn,Not Entered,Northeast,Gas,2013,NY,1,4,FORD,HUMAN,Not Applicable,HUMAN,Not Applicable,Not Applicable,3FA6P0H7XDR213136
2018,15243854,SUBURBAN,PASSENGER OR SUBURBAN,Going Straight Ahead,Not Entered,West,Gas,2014,NY,2,4,TOYOT,HUMAN,Not Applicable,HUMAN,Not Applicable,Not Applicable,2T3RFREV0EW157044
2018,15243853,4 DOOR SEDAN,PASSENGER OR SUBURBAN,Making Right Turn,Not Entered,Southwest,Gas,2017,NY,1,6,AUDI,HUMAN,Not Applicable,HUMAN,Traffic Control Device Disregarded,Not Applicable,WAUW2AFC6HN127777
2018,15243857,4 DOOR SEDAN,PASSENGER OR SUBURBAN,Starting from Parking,Not Entered,North,Gas,1996,NY,1,6,NISSA,HUMAN,Not Applicable,HUMAN,Failure to Yield Right-of-Way,Not Applicable,JN1CA21D4TT178992
2018,15243858,4 DOOR SEDAN,PASSENGER OR SUBURBAN,Going Straight Ahead,Not Entered,North,Gas,2017,NY,1,6,JAGUA,HUMAN,Not Applicable,HUMAN,Not Applicable,Not Applicable,SAJBJ4BV9HCY28632
2018,15243859,4 DOOR SEDAN,PASSENGER OR SUBURBAN,Going Straight Ahead,Not Entered,East,Gas,2011,NY,2,4,CHEVR,HUMAN,Unknown,HUMAN,Unknown,"Median - Not At End, Collision With Fixed Object",1G1PF5S9XB7287856
2018,15243860,SUBURBAN,PASSENGER OR SUBURBAN,Going Straight Ahead,Not Entered,North,Gas,2014,NY,1,4,FIAT,HUMAN,Not Applicable,HUMAN,Passing or Lane Usage Improper,Not Applicable,ZFBCFABH5EZ015426
2018,15243866,4 DOOR SEDAN,PASSENGER OR SUBURBAN,Going Straight Ahead,Not Entered,South,Gas,2016,NY,1,4,TOYOT,HUMAN,Lost Consciousness,HUMAN,Passing or Lane Usage Improper,"Other Motor Vehicle, Collision With",4T1BF1FK5GU137827
2018,15243867,4 DOOR SEDAN,PASSENGER OR SUBURBAN,Parked,Not Entered,South,Gas,2015,NY,0,4,FORD,HUMAN,Not Applicable,HUMAN,Not Applicable,Not Applicable,3FA6P0SU5FR260740
2018,15243868,4 DOOR SEDAN,PASSENGER OR SUBURBAN,Parked,Not Entered,South,Gas,2015,NY,0,4,NISSA,HUMAN,Not Applicable,HUMAN,Not Applicable,Not Applicable,3N1AB7AP8FY348620
2018,15243870,4 DOOR SEDAN,PASSENGER OR SUBURBAN,Parked,Not Entered,East,Gas,2002,NY,0,8,LINCO,HUMAN,Not Applicable,HUMAN,Not Applicable,Not Applicable,1LNHM97V32Y606423
2018,15243869,4 DOOR SEDAN,PASSENGER OR SUBURBAN,Going Straight Ahead,Not Entered,East,Gas,2009,NY,1,4,TOYOT,HUMAN,Not Applicable,HUMAN,Driver Inattention/Distraction*,Not Applicable,2T1BU40E09C055776
2018,15243871,2 DOOR SEDAN,PASSENGER OR SUBURBAN,Going Straight Ahead,Not Entered,East,Gas,1995,NY,1,4,ACURA,HUMAN,Failure to Yield Right-of-Way,HUMAN,Following Too Closely,"Sign Post, Collision With Fixed Object",JH4DC4457SS014621
2018,15243872,2 DOOR SEDAN,PASSENGER OR SUBURBAN,Going Straight Ahead,Not Entered,East,Gas,2008,NY,1,4,TOYOT,HUMAN,Failure to Yield Right-of-Way,HUMAN,Following Too Closely,"Other Motor Vehicle, Collision With",JTKDE167680256435
2018,15243873,SUBURBAN,REGIONAL,Slowing or Stopping,Not Entered,East,Gas,2018,NY,1,4,CHEVR,HUMAN,Not Applicable,HUMAN,Not Applicable,Not Applicable,2GNAXWEXXJ6132353
2018,15243878,4 DOOR SEDAN,PASSENGER OR SUBURBAN,Starting from Parking,Not Entered,Southwest,Gas,2018,NY,2,8,BMW,HUMAN,Not Applicable,HUMAN,Driver Inexperience*,Not Applicable,WBAJB9C51JB035028
2018,15243877,SUBURBAN,PASSENGER OR SUBURBAN,Going Straight Ahead,Not Entered,West,Gas,2010,NY,1,6,LEXUS,HUMAN,Not Applicable,HUMAN,Driver Inexperience*,Not Applicable,2T2BK1BA1AC032280
2018,15243884,4 DOOR SEDAN,PASSENGER OR SUBURBAN,Slowing or Stopping,Not Entered,North,Gas,2010,NY,1,4,TOYOT,HUMAN,Not Applicable,HUMAN,Not Applicable,Not Applicable,JTDKN3DUXA0012554
2018,15243883,SUBURBAN,PASSENGER OR SUBURBAN,Making Left Turn,Not Entered,West,Gas,2016,NY,1,4,CHEVR,HUMAN,Not Applicable,HUMAN,Failure to Yield Right-of-Way,Not Applicable,3GNCJRSBXGL214706
2018,15243887,SUBURBAN,PASSENGER OR SUBURBAN,Going Straight Ahead,Not Entered,North,Gas,2012,NY,1,4,HONDA,HUMAN,Not Applicable,HUMAN,Not Applicable,Not Applicable,5J6RM4H71CL067398
2018,15243886,4 DOOR SEDAN,PASSENGER OR SUBURBAN,Making Left Turn,Not Entered,West,Gas,2017,NY,1,4,HONDA,HUMAN,Not Applicable,HUMAN,Failure to Yield Right-of-Way,Not Applicable,2HGFC2F55HH577437
2018,15243908,4 DOOR SEDAN,PASSENGER OR SUBURBAN,Other,Not Entered,West,Gas,1996,NY,1,6,TOYOT,HUMAN,Not Applicable,HUMAN,Driver Inexperience*,Not Applicable,4T1BF12B7TU126988
2018,15243909,4 DOOR SEDAN,PASSENGER OR SUBURBAN,Going Straight Ahead,Not Entered,West,Gas,2012,NY,1,4,HONDA,HUMAN,Not Applicable,HUMAN,Not Applicable,Not Applicable,19XFB2F56CE318641
2018,15243912,4 DOOR SEDAN,PASSENGER OR SUBURBAN,Going Straight Ahead,Not Entered,Northwest,Gas,2014,NY,2,4,FORD,HUMAN,Not Applicable,HUMAN,Reaction to Other Uninvolved Vehicle,Not Applicable,1FADP3F22EL121213
2018,15243936,SUBURBAN,PASSENGER OR SUBURBAN,Making Left Turn,Not Entered,Southeast,Gas,2014,NY,1,8,FORD,HUMAN,Not Applicable,HUMAN,Not Applicable,Not Applicable,1FTFW1R6XEFA97749
2018,15243935,SUBURBAN,PASSENGER OR SUBURBAN,Going Straight Ahead,Not Entered,North,Gas,2016,NY,2,4,HONDA,HUMAN,Not Applicable,HUMAN,Passing or Lane Usage Improper,Not Applicable,2HKRM4H51GH639066
2018,15243942,PICKUP TRUCK,PASSENGER OR SUBURBAN,Slowing or Stopping,Not Entered,East,Gas,2013,NY,2,6,NISSA,HUMAN,Not Applicable,HUMAN,Not Applicable,Not Applicable,1N6AD0EVXDN750105
2018,15243941,SUBURBAN,POLITICAL SUBDIVISION,Going Straight Ahead,Not Entered,East,Gas,2013,NY,1,6,FORD,HUMAN,Not Applicable,ENVMT,Glare,Not Applicable,1FM5K8F87DGA08990
2018,15243944,2 DOOR SEDAN,PASSENGER OR SUBURBAN,Making Right Turn,Not Entered,Southeast,Gas,1997,NY,1,4,SUBAR,HUMAN,Not Applicable,HUMAN,Turning Improperly,Not Applicable,JF1GM4251VH400635
2018,15243943,SUBURBAN,PASSENGER OR SUBURBAN,Making Left Turn,Not Entered,Southwest,Gas,2015,NY,3,6,GMC,HUMAN,Not Applicable,HUMAN,Not Applicable,Not Applicable,1GKKRNED8FJ168676
2018,15243947,4 DOOR SEDAN,PASSENGER OR SUBURBAN,Making Left Turn,Not Entered,East,Gas,2013,NY,1,4,SUBAR,HUMAN,Not Applicable,HUMAN,Failure to Yield Right-of-Way,Not Applicable,4S3BMBA60D3015971
2018,15243948,4 DOOR SEDAN,PASSENGER OR SUBURBAN,Going Straight Ahead,Not Entered,South,Gas,2016,NY,2,4,LEXUS,HUMAN,Not Applicable,HUMAN,Not Applicable,Not Applicable,JTHBW1GG5G2121314
2018,15243951,4 DOOR SEDAN,PASSENGER OR SUBURBAN,Changing Lanes,Not Entered,North,Gas,2009,NY,1,4,CHEVR,HUMAN,Not Applicable,HUMAN,Unsafe Lane Changing,Not Applicable,1G1ZJ57B094142341
2018,15243952,2 DOOR SEDAN,PASSENGER OR SUBURBAN,Going Straight Ahead,Not Entered,North,Gas,2011,NY,1,4,HYUND,HUMAN,Not Applicable,HUMAN,Not Applicable,Not Applicable,KMHCM3AC2BU197207
2018,15244338,SUBURBAN,PASSENGER OR SUBURBAN,Going Straight Ahead,Not Entered,West,Gas,2014,NY,1,6,JEEP,HUMAN,Not Applicable,HUMAN,Not Applicable,Not Applicable,1C4RJFBG7EC447187
2018,15244337,4 DOOR SEDAN,PASSENGER OR SUBURBAN,Merging,Not Entered,West,Gas,2005,NY,2,4,NISSA,HUMAN,Not Applicable,HUMAN,Failure to Yield Right-of-Way,Not Applicable,1N4AL11D95C954227
2018,15244355,4 DOOR SEDAN,MEDICAL DOCTOR,Going Straight Ahead,Not Entered,South,Gas,2015,NY,1,6,INFIN,HUMAN,Not Applicable,HUMAN,Failure to Yield Right-of-Way,Not Applicable,JN1BV7ARXFM420224
2018,15244356,4 DOOR SEDAN,SPECIAL PASSENGER,Going Straight Ahead,Not Entered,West,Gas,2013,NY,1,4,HONDA,HUMAN,Not Applicable,HUMAN,Not Applicable,Not Applicable,1HGCR2F3XDA014733
2018,15244358,SUBURBAN,PASSENGER OR SUBURBAN,Stopped in Traffic,Not Entered,North,Gas,2017,NY,1,6,JEEP,HUMAN,Not Applicable,HUMAN,Not Applicable,Not Applicable,1C4RJFAG4HC895215
2018,15244360,4 DOOR SEDAN,PASSENGER OR SUBURBAN,Going Straight Ahead,Not Entered,South,Gas,2017,NY,1,6,NISSA,HUMAN,Not Applicable,HUMAN,Not Applicable,Not Applicable,1N4AA6AP8HC440435
2018,15244359,SUBURBAN,PASSENGER OR SUBURBAN,Making Left Turn,Not Entered,West,Gas,2017,NY,1,4,NISSA,HUMAN,Not Applicable,HUMAN,Failure to Yield Right-of-Way,Not Applicable,KNMAT2MV4HP619572
2018,15244365,4 DOOR SEDAN,PASSENGER OR SUBURBAN,Parked,Not Entered,North,Gas,2011,NY,0,6,INFIN,HUMAN,Not Applicable,HUMAN,Not Applicable,Not Applicable,JN1BY1AR4BM375098
2018,15244362,SUBURBAN,PASSENGER OR SUBURBAN,Parked,Not Entered,North,Gas,1997,NY,0,6,FORD,HUMAN,Not Applicable,HUMAN,Not Applicable,Not Applicable,1FTEE1422VHB43002
2018,15244363,2 DOOR SEDAN,PASSENGER OR SUBURBAN,Parked,Not Entered,North,Gas,2010,NY,0,4,HYUND,HUMAN,Not Applicable,HUMAN,Not Applicable,Not Applicable,KMHHT6KD9AU038782
2018,15244361,BUS (OMNIBUS),POLITICAL SUBDIVISION,Going Straight Ahead,Not Entered,North,Diesel,2016,NY,1,5,FORD,HUMAN,Not Applicable,ENVMT,Pavement Slippery,Not Applicable,1FTBW3XV0GKB23130
2018,15244654,PICKUP TRUCK,AGRICULTURAL TRUCK,Going Straight Ahead,Not Entered,North,Gas,2014,NY,1,8,FORD,HUMAN,Driver Inattention/Distraction*,HUMAN,Failure to Yield Right-of-Way,Not Applicable,1FT7X2B6XEEA57100
2018,15244655,SUBURBAN,PASSENGER OR SUBURBAN,Going Straight Ahead,Not Entered,West,Gas,2007,NY,2,4,JEEP,HUMAN,Not Applicable,HUMAN,Not Applicable,"Sign Post, Collision With Fixed Object",1J8FF57W27D273873
2018,15244843,4 DOOR SEDAN,PASSENGER OR SUBURBAN,Stopped in Traffic,Not Entered,West,Gas,2009,NY,2,4,TOYOT,HUMAN,Not Applicable,HUMAN,Not Applicable,Not Applicable,JTDKT903095259411
2018,15244848,SUBURBAN,PASSENGER OR SUBURBAN,Parked,Not Entered,East,Gas,2016,NY,0,4,MAZDA,HUMAN,Not Applicable,HUMAN,Not Applicable,Not Applicable,JM3KE4BY0G0811710
2018,15244861,4 DOOR SEDAN,PASSENGER OR SUBURBAN,Going Straight Ahead,Not Entered,West,Gas,2007,NY,2,6,ACURA,HUMAN,Not Applicable,HUMAN,Following Too Closely,Not Applicable,19UUA66287A029181
2018,15244860,4 DOOR SEDAN,PASSENGER OR SUBURBAN,Slowing or Stopping,Not Entered,West,Gas,2013,NY,1,4,HONDA,HUMAN,Not Applicable,HUMAN,Not Applicable,"Other Motor Vehicle, Collision With",1HGCR2F84DA184081
2018,15244859,SUBURBAN,PASSENGER OR SUBURBAN,Slowing or Stopping,Not Entered,West,Gas,2017,NY,1,6,INFIN,HUMAN,Not Applicable,HUMAN,Not Applicable,Not Applicable,JN1BJ0RR9HM410231
2018,15244879,4 DOOR SEDAN,PASSENGER OR SUBURBAN,Making Left Turn,Not Entered,West,Gas,2012,NY,1,4,TOYOT,HUMAN,Not Applicable,HUMAN,Not Applicable,Not Applicable,4T4BF1FK6CR189242
2018,15244886,SUBURBAN,PASSENGER OR SUBURBAN,Going Straight Ahead,Not Entered,West,Gas,2006,NY,1,6,HONDA,HUMAN,Not Applicable,HUMAN,Not Applicable,"Other Motor Vehicle, Collision With",5FNYF18506B016717
2018,15244887,SUBURBAN,PASSENGER OR SUBURBAN,Going Straight Ahead,Not Entered,North,Gas,2002,NY,3,8,GMC,HUMAN,Driver Inattention/Distraction*,HUMAN,Traffic Control Device Disregarded,"Other Motor Vehicle, Collision With",1GKEK13Z72R217466
2018,15244902,SUBURBAN,PASSENGER OR SUBURBAN,Slowing or Stopping,Not Entered,East,Gas,2012,NY,1,6,JEEP,HUMAN,Not Applicable,HUMAN,Not Applicable,"Other Motor Vehicle, Collision With",1C4PJMAKXCW149262
2018,15244901,SUBURBAN,PASSENGER OR SUBURBAN,Slowing or Stopping,Not Entered,East,Gas,2013,NY,1,4,FORD,HUMAN,Not Applicable,HUMAN,Not Applicable,"Other Motor Vehicle, Collision With",1FMCU0J90DUB19949
2018,15244903,VAN TRUCK,OMNIBUS - TAXI,Slowing or Stopping,Not Entered,East,Gas,2014,NY,1,8,FORD,HUMAN,Following Too Closely,HUMAN,Other Electronic Device*,Not Applicable,1FTSS3EL0EDA38898
2018,15244911,4 DOOR SEDAN,PASSENGER OR SUBURBAN,Going Straight Ahead,Not Entered,South,Gas,2010,NY,2,4,TOYOT,HUMAN,Not Applicable,HUMAN,Not Applicable,Not Applicable,2T1BU4EE3AC332983
2018,15244925,SUBURBAN,PASSENGER OR SUBURBAN,Making Left Turn,Not Entered,West,Gas,2008,NY,1,4,FORD,HUMAN,Not Applicable,HUMAN,Failure to Yield Right-of-Way,Not Applicable,1FMCU93Z28KE01092
2018,15244926,SUBURBAN,PASSENGER OR SUBURBAN,Going Straight Ahead,Not Entered,North,Gas,2000,NY,1,4,HONDA,HUMAN,Not Applicable,HUMAN,Not Applicable,Not Applicable,JHLRD1863YC013767
2018,15244928,4 DOOR SEDAN,PASSENGER OR SUBURBAN,Parked,Not Entered,South,Gas,2015,NY,0,4,VOLKS,HUMAN,Not Applicable,HUMAN,Not Applicable,Not Applicable,3VWD17AJ3FM258899
2018,15244935,SUBURBAN,SCHOOL CAR,Going Straight Ahead,Not Entered,East,Diesel,2010,NY,4,8,THOMA,HUMAN,Not Applicable,HUMAN,Illness,"Tree, Collision With Fixed Object",1FDFE45P69DA67776
2018,15244967,4 DOOR SEDAN,PASSENGER OR SUBURBAN,Going Straight Ahead,Not Entered,West,Gas,2014,NY,2,4,FORD,HUMAN,Not Applicable,HUMAN,Not Applicable,"Other Motor Vehicle, Collision With",1FADP3F20EL222962
2018,15244966,2 DOOR SEDAN,PASSENGER OR SUBURBAN,Going Straight Ahead,Not Entered,West,Gas,2012,NY,1,4,HONDA,HUMAN,Unsafe Speed,HUMAN,Unsafe Lane Changing,"Other Motor Vehicle, Collision With",2HGFG4A50CH709391
2018,15244968,4 DOOR SEDAN,PASSENGER OR SUBURBAN,Going Straight Ahead,Not Entered,West,Gas,2013,NY,1,4,BMW,HUMAN,Not Applicable,HUMAN,Not Applicable,Not Applicable,WBA3C3C57DF982302
2018,15244981,2 DOOR SEDAN,PASSENGER OR SUBURBAN,Slowing or Stopping,Not Entered,East,Gas,2013,NY,1,4,MINI,HUMAN,Not Applicable,HUMAN,Not Applicable,Not Applicable,WMWSU3C50DT690081
2018,15244980,SUBURBAN,PASSENGER OR SUBURBAN,Going Straight Ahead,Not Entered,East,Gas,2004,NY,1,6,JEEP,HUMAN,Following Too Closely,ENVMT,Pavement Slippery,Not Applicable,1J4GL38K74W175680
2018,15244986,4 DOOR SEDAN,PASSENGER OR SUBURBAN,Stopped in Traffic,Not Entered,West,Gas,2006,NY,1,8,LEXUS,HUMAN,Not Applicable,HUMAN,Not Applicable,"Other Motor Vehicle, Collision With",JTHBN96S765012440
2018,15244985,4 DOOR SEDAN,PASSENGER OR SUBURBAN,Slowing or Stopping,Not Entered,West,Gas,2006,NY,1,5,VOLVO,HUMAN,Not Applicable,ENVMT,Pavement Slippery,Not Applicable,YV1RS592862548967
2018,15244993,4 DOOR SEDAN,PASSENGER OR SUBURBAN,Going Straight Ahead,Not Entered,South,Gas,2001,NY,1,4,TOYOT,HUMAN,Not Applicable,HUMAN,Not Applicable,Not Applicable,2T1BR12E91C413877
2018,15244996,SUBURBAN,PASSENGER OR SUBURBAN,Parked,Not Entered,South,Gas,2008,NY,0,6,HONDA,HUMAN,Not Applicable,HUMAN,Not Applicable,Not Entered,5FNYF18478B006163
2018,15244995,4 DOOR SEDAN,PASSENGER OR SUBURBAN,Parked,Not Entered,South,Gas,2009,NY,0,4,HYUND,HUMAN,Not Applicable,HUMAN,Not Applicable,"Other Motor Vehicle, Collision With",KMHDU46D09U699445
2018,15246335,4 DOOR SEDAN,PASSENGER OR SUBURBAN,Going Straight Ahead,Not Entered,South,Gas,2007,NY,1,6,FORD,HUMAN,Not Applicable,HUMAN,Unsafe Speed,Not Applicable,3FAHP02107R198034
2018,15246340,2 DOOR SEDAN,PASSENGER OR SUBURBAN,Going Straight Ahead,Not Entered,East,Gas,2010,NY,1,4,KIA,HUMAN,Not Applicable,HUMAN,Driver Inattention/Distraction*,Not Applicable,KNAFW6A38A5267635
2018,15246339,DUMP,AGRICULTURAL TRUCK,Going Straight Ahead,Not Entered,East,Diesel,2016,NY,1,6,MACK,HUMAN,Not Applicable,HUMAN,Not Applicable,Not Applicable,1M2AV04C0GM013601
2018,15246336,SUBURBAN,PASSENGER OR SUBURBAN,Going Straight Ahead,Not Entered,South,Gas,2005,NY,1,6,TOYOT,HUMAN,Not Applicable,HUMAN,Driver Inattention/Distraction*,Not Applicable,5TDBA22C55S034660
2018,15246347,SUBURBAN,PASSENGER OR SUBURBAN,Going Straight Ahead,Not Entered,North,Gas,2010,NY,3,6,DODGE,HUMAN,Not Applicable,ENVMT,Animal's Action,Not Applicable,2D4RN5D1XAR355468
2018,15246349,SUBURBAN,PASSENGER OR SUBURBAN,Going Straight Ahead,Not Entered,South,Gas,2011,NY,3,4,NISSA,HUMAN,Not Applicable,HUMAN,Not Applicable,Not Applicable,JN8AF5MV4BT012776
2018,15246348,SUBURBAN,OMNIBUS - LIVERY,Making Left Turn,Not Entered,East,Gas,2006,NY,1,6,CHEVR,HUMAN,Not Applicable,HUMAN,Traffic Control Device Disregarded,Not Applicable,1GNDX33L36D158720
2018,15246350,4 DOOR SEDAN,PASSENGER OR SUBURBAN,Going Straight Ahead,Not Entered,North,Gas,2004,NY,1,4,SATUR,HUMAN,Not Applicable,ENVMT,Animal's Action,Not Applicable,1G8AL52F14Z138233
2018,15246353,SUBURBAN,PASSENGER OR SUBURBAN,Backing,Not Entered,South,Gas,1998,NY,1,4,SUBAR,HUMAN,Not Applicable,HUMAN,Backing Unsafely,Not Applicable,JF1GF4858WH801134
2018,15246352,PICKUP TRUCK,PASSENGER OR SUBURBAN,Going Straight Ahead,Not Entered,East,Gas,2003,NY,1,8,FORD,HUMAN,Not Applicable,HUMAN,Not Applicable,Not Applicable,2FTRX18L93CA32529
2018,15246354,PICKUP TRUCK,PASSENGER OR SUBURBAN,Going Straight Ahead,Not Entered,West,Gas,2002,NY,1,6,TOYOT,HUMAN,Not Applicable,ENVMT,Animal's Action,Not Applicable,5TBBN44172S330537
2018,15246362,SUBURBAN,PASSENGER OR SUBURBAN,Slowing or Stopping,Not Entered,West,Gas,2011,NY,1,4,NISSA,HUMAN,Not Applicable,ENVMT,Pavement Slippery,Not Applicable,JN8AS5MV7BW311978
2018,15246363,4 DOOR SEDAN,PASSENGER OR SUBURBAN,Going Straight Ahead,Not Entered,East,Gas,2017,NY,1,3,MITSU,HUMAN,Not Applicable,ENVMT,Pavement Slippery,Not Applicable,ML32A4HJ4HH000741
2018,15246368,PICKUP TRUCK,PASSENGER OR SUBURBAN,Going Straight Ahead,Not Entered,South,Gas,2008,NY,1,6,FORD,HUMAN,Unsafe Speed,ENVMT,Pavement Slippery,Not Applicable,1FTYR44U98PA07044
2018,15246370,SUBURBAN,PASSENGER OR SUBURBAN,Going Straight Ahead,Not Entered,West,Gas,2016,NY,1,4,JEEP,HUMAN,Driver Inattention/Distraction*,HUMAN,Following Too Closely,Not Applicable,1C4PJMBB0GW156029
2018,15246371,4 DOOR SEDAN,PASSENGER OR SUBURBAN,Stopped in Traffic,Not Entered,West,Gas,2012,NY,1,4,HONDA,HUMAN,Not Applicable,HUMAN,Not Applicable,Not Applicable,2HGFB2F51CH563420
2018,15246381,SUBURBAN,PASSENGER OR SUBURBAN,Going Straight Ahead,Not Entered,North,Gas,2018,NY,1,6,JEEP,HUMAN,Not Applicable,ENVMT,Animal's Action,Not Applicable,1C4RJFAG9JC123220
2018,15246382,PICKUP TRUCK,COMMERCIAL,Going Straight Ahead,Not Entered,North,Gas,2006,NY,1,8,FORD,HUMAN,Not Applicable,ENVMT,Animal's Action,Not Applicable,1FTPW14VX6KC88163
2018,15246386,SUBURBAN,SCHOOL CAR,Making Left Turn,Not Entered,Southeast,Gas,2018,NY,4,8,THOMA,HUMAN,Not Applicable,HUMAN,Not Applicable,Not Applicable,1GB3GRBF6H1131006
2018,15246385,SUBURBAN,PASSENGER OR SUBURBAN,Going Straight Ahead,Not Entered,East,Gas,2005,NY,1,5,VOLVO,HUMAN,Not Applicable,HUMAN,Traffic Control Device Disregarded,Not Applicable,YV1SW640952514584
2018,15246389,SUBURBAN,PASSENGER OR SUBURBAN,Going Straight Ahead,Not Entered,North,Gas,2014,NY,1,6,DODGE,HUMAN,Not Applicable,HUMAN,Not Applicable,Not Applicable,2C4RDGBG3ER452858
2018,15246388,4 DOOR SEDAN,SPECIAL PASSENGER,Making Right Turn,Not Entered,North,Gas,2013,NY,1,4,CHRYS,HUMAN,Not Applicable,HUMAN,Unsafe Lane Changing,Not Applicable,1C3CCBBBXDN502025
2018,15246391,SUBURBAN,PASSENGER OR SUBURBAN,Going Straight Ahead,Not Entered,South,Gas,2011,NY,1,6,HONDA,HUMAN,Not Applicable,ENVMT,Pavement Slippery,"Snow Embankment, Collision With Fixed Object",5FNYF4H57BB056286
2018,15246390,4 DOOR SEDAN,PASSENGER OR SUBURBAN,Going Straight Ahead,Not Entered,South,Gas,2010,NY,2,4,HONDA,HUMAN,Not Applicable,ENVMT,Pavement Slippery,Not Applicable,1HGCP2F34AA145786
2018,15246395,SUBURBAN,PASSENGER OR SUBURBAN,Going Straight Ahead,Not Entered,East,Gas,2010,NY,1,6,DODGE,HUMAN,Not Applicable,ENVMT,Animal's Action,Not Applicable,3D4PG5FV4AT150517
2018,15246401,SUBURBAN,PASSENGER OR SUBURBAN,Slowing or Stopping,Not Entered,West,Gas,2016,NY,1,4,NISSA,HUMAN,Unsafe Speed,ENVMT,Pavement Slippery,Not Applicable,JN8AT2MV2GW140107
2018,15246402,SUBURBAN,PASSENGER OR SUBURBAN,Going Straight Ahead,Not Entered,North,Gas,1994,NY,1,6,FORD,HUMAN,Not Applicable,HUMAN,Not Applicable,Not Applicable,1FALP57U3RG218670
2018,15246404,SUBURBAN,PASSENGER OR SUBURBAN,Making Left Turn,Not Entered,North,Gas,2014,NY,1,4,KIA,HUMAN,Driver Inattention/Distraction*,HUMAN,Failure to Yield Right-of-Way,Not Applicable,KNDPB3AC9E7554588
2018,15246405,PICKUP TRUCK,PASSENGER OR SUBURBAN,Going Straight Ahead,Not Entered,West,Gas,2001,NY,1,8,CHEVR,HUMAN,Not Applicable,HUMAN,Not Applicable,Not Applicable,2GCEK19T311142299
2018,15246409,4 DOOR SEDAN,PASSENGER OR SUBURBAN,Changing Lanes,Not Entered,South,Gas,2012,NY,1,4,TOYOT,HUMAN,Not Applicable,HUMAN,Not Applicable,Not Applicable,4T4BF1FK6CR218089
2018,15246410,SUBURBAN,PASSENGER OR SUBURBAN,Going Straight Ahead,Not Entered,South,Gas,2012,NY,1,4,CHEVR,HUMAN,Not Applicable,HUMAN,Following Too Closely,Not Applicable,2GNFLEEK7C6122592
2018,15246421,SUBURBAN,PASSENGER OR SUBURBAN,Starting in Traffic,Not Entered,West,Gas,2015,NY,1,6,CHRYS,HUMAN,Not Applicable,HUMAN,Not Applicable,Not Applicable,2C4RC1CG8FR539767