Year,Case Vehicle ID,Vehicle Body Type,Registration Class,Action Prior to Accident,Type / Axles of Truck or Bus,Direction of Travel,Fuel Type,Vehicle Year,State of Registration,Number of Occupants,Engine Cylinders,Vehicle Make,Contributing Factor 1,Contributing Factor 1 Description,Contributing Factor 2,Contributing Factor 2 Description,Event Type,Partial VIN
2018,15246420,SUBURBAN,PASSENGER OR SUBURBAN,Starting in Traffic,Not Entered,West,Gas,2008,NY,1,4,SATUR,HUMAN,Not Applicable,HUMAN,Following Too Closely,Not Applicable,3GSCL33P68S552786
2018,15246428,4 DOOR SEDAN,PASSENGER OR SUBURBAN,Going Straight Ahead,Not Entered,East,Gas,2012,NY,2,4,KIA,HUMAN,Not Applicable,ENVMT,Animal's Action,Not Applicable,5XXGR4A6XCG019253
2018,15246429,4 DOOR SEDAN,PASSENGER OR SUBURBAN,Going Straight Ahead,Not Entered,North,Gas,2001,NY,1,4,NISSA,HUMAN,Not Applicable,HUMAN,Passing or Lane Usage Improper,Not Applicable,1N4DL01D21C142558
2018,15246430,4 DOOR SEDAN,PASSENGER OR SUBURBAN,Going Straight Ahead,Not Entered,West,Gas,2017,NY,1,4,TOYOT,HUMAN,Not Applicable,ENVMT,Animal's Action,Not Applicable,JTDKARFP7H3003258
2018,15246431,SUBURBAN,PASSENGER OR SUBURBAN,Going Straight Ahead,Not Entered,East,Gas,2014,NY,1,6,ME/BE,HUMAN,Unknown,ENVMT,Pavement Slippery,Not Applicable,WDCGG8JB4EG331276
2018,15246433,SUBURBAN,PASSENGER OR SUBURBAN,Making Left Turn,Not Entered,East,Gas,2010,NY,1,6,DODGE,HUMAN,Not Applicable,HUMAN,Not Applicable,Not Applicable,2D4RN5D18AR433715
2018,15246437,SUBURBAN,PASSENGER OR SUBURBAN,Going Straight Ahead,Not Entered,East,Gas,2005,NY,1,6,SATUR,HUMAN,Not Applicable,ENVMT,Animal's Action,Not Applicable,5GZCZ63415S822076
2018,15246442,SUBURBAN,PASSENGER OR SUBURBAN,Going Straight Ahead,Not Entered,West,Gas,2018,NY,4,6,CHRYS,HUMAN,Not Applicable,ENVMT,Animal's Action,Not Applicable,2C4RC1EG5JR111628
2018,15246443,SUBURBAN,PASSENGER OR SUBURBAN,Going Straight Ahead,Not Entered,North,Gas,2015,NY,1,4,HONDA,HUMAN,Driver Inattention/Distraction*,HUMAN,Passing or Lane Usage Improper,Not Applicable,5J6RM4H77FL102918
2018,15246444,4 DOOR SEDAN,PASSENGER OR SUBURBAN,Going Straight Ahead,Not Entered,South,Gas,2011,NY,2,6,ME/BE,HUMAN,Not Applicable,HUMAN,Not Applicable,Not Applicable,WDDGF8BB2BR143658
2018,15246447,4 DOOR SEDAN,PASSENGER OR SUBURBAN,Making Left Turn,Not Entered,Southeast,Gas,2008,NY,1,4,NISSA,HUMAN,Not Applicable,ENVMT,Pavement Slippery,Not Applicable,1N4AL21E98C264478
2018,15246449,PICKUP TRUCK,AGRICULTURAL TRUCK,Parked,Not Entered,West,Gas,2013,NY,1,8,CHEVR,HUMAN,Not Applicable,HUMAN,Not Applicable,Not Applicable,1GCNKPEA3DZ386151
2018,15246448,4 DOOR SEDAN,PASSENGER OR SUBURBAN,Making Right Turn,Not Entered,Northeast,Gas,2014,NY,1,4,TOYOT,HUMAN,Unsafe Speed,HUMAN,Failure to Keep Right,Not Applicable,2T1BURHEXEC005639
2018,15246450,SUBURBAN,PASSENGER OR SUBURBAN,Going Straight Ahead,Not Entered,North,Gas,2015,NY,4,8,GMC,HUMAN,Not Applicable,ENVMT,Animal's Action,Not Applicable,1GKS2BKC1FR549706
2018,15246454,PICKUP TRUCK,STATE,Starting in Traffic,Not Entered,North,Flex,2014,NY,4,8,FORD,HUMAN,Not Applicable,HUMAN,Not Applicable,Not Applicable,1FT8W3B65EEA61066
2018,15246453,PICKUP TRUCK,COMMERCIAL,Parked,Not Entered,North,Gas,2007,NY,1,8,CHEVR,HUMAN,Not Applicable,VEHICLE,Other*,Not Applicable,2GCEK19Z271118976
2018,15246455,PICKUP TRUCK,PASSENGER OR SUBURBAN,Going Straight Ahead,Not Entered,North,Gas,2015,NY,1,6,TOYOT,HUMAN,Alcohol Involvement,HUMAN,Unsafe Speed,Not Applicable,3TMMU4FN8FM073476
2018,15246456,4 DOOR SEDAN,PASSENGER OR SUBURBAN,Slowing or Stopping,Not Entered,South,Gas,2006,NY,1,6,BUICK,HUMAN,Not Applicable,HUMAN,Not Applicable,Not Applicable,2G4WD582761187456
2018,15246459,SUBURBAN,PASSENGER OR SUBURBAN,Going Straight Ahead,Not Entered,North,Gas,2007,NY,1,4,TOYOT,HUMAN,Not Applicable,ENVMT,Animal's Action,"Earth Embankment/Rock Cut/Ditch, Collision With Fixed Object",JTMBD33V175057407
2018,15246480,SUBURBAN,PASSENGER OR SUBURBAN,Going Straight Ahead,Not Entered,North,Gas,2012,NY,2,4,KIA,HUMAN,Not Applicable,HUMAN,Not Applicable,"Earth Embankment/Rock Cut/Ditch, Collision With Fixed Object",5XYKTDA62CG188786
2018,15246479,SUBURBAN,PASSENGER OR SUBURBAN,Slowing or Stopping,Not Entered,South,Gas,2004,NY,4,6,HYUND,HUMAN,Not Applicable,HUMAN,Unsafe Speed,Not Applicable,KM8SC73D14U795464
2018,15246482,4 DOOR SEDAN,PASSENGER OR SUBURBAN,Going Straight Ahead,Not Entered,North,Gas,2013,NY,1,4,CHEVR,HUMAN,Not Applicable,ENVMT,Animal's Action,Not Applicable,1G1PH5SB2D7167727
2018,15246492,4 DOOR SEDAN,PASSENGER OR SUBURBAN,Going Straight Ahead,Not Entered,East,Gas,2007,NY,1,4,CHEVR,HUMAN,Unknown,ENVMT,Animal's Action,Not Applicable,1G1AL55F677369848
2018,15246497,SUBURBAN,PASSENGER OR SUBURBAN,Changing Lanes,Not Entered,North,Gas,2017,NY,1,4,MITSU,HUMAN,Not Applicable,HUMAN,Unsafe Speed,Not Applicable,JA4AR3AU7HZ060596
2018,15246498,PICKUP TRUCK,PASSENGER OR SUBURBAN,Going Straight Ahead,Not Entered,North,Gas,2013,NY,1,8,RAM,HUMAN,Not Applicable,HUMAN,Not Applicable,Not Applicable,1C6RR7GTXDS727010
2018,15246502,VAN TRUCK,AGRICULTURAL TRUCK,Making Left Turn,Not Entered,West,Gas,2016,NY,1,8,GMC,HUMAN,Not Applicable,HUMAN,Turning Improperly,Not Applicable,1GTW7AFF2G1181257
2018,15246505,SUBURBAN,PASSENGER OR SUBURBAN,Making Left Turn,Not Entered,East,Gas,2001,NY,2,6,CHEVR,HUMAN,Not Applicable,HUMAN,Failure to Yield Right-of-Way,Not Applicable,1GNDU23E71D322905
2018,15246506,SUBURBAN,PASSENGER OR SUBURBAN,Going Straight Ahead,Not Entered,South,Gas,2003,NY,1,6,JEEP,HUMAN,Not Applicable,HUMAN,Not Applicable,Not Applicable,1J4GL58K53W661060
2018,15246507,SUBURBAN,PASSENGER OR SUBURBAN,Going Straight Ahead,Not Entered,North,Gas,2010,NY,1,6,DODGE,HUMAN,Not Applicable,ENVMT,Animal's Action,Not Applicable,2D4RN5D18AR205245
2018,15246521,4 DOOR SEDAN,PASSENGER OR SUBURBAN,Changing Lanes,Not Entered,South,Gas,2007,NY,1,4,CHRYS,HUMAN,Unsafe Speed,ENVMT,Pavement Slippery,Not Applicable,1C3LC56K97N511010
2018,15246536,4 DOOR SEDAN,PASSENGER OR SUBURBAN,Going Straight Ahead,Not Entered,West,Gas,2010,NY,1,4,TOYOT,HUMAN,Not Applicable,ENVMT,Animal's Action,Not Applicable,2T1BU4EE0AC463238
2018,15246538,4 DOOR SEDAN,PASSENGER OR SUBURBAN,Stopped in Traffic,Not Entered,West,Gas,2016,NY,1,4,HYUND,HUMAN,Not Applicable,HUMAN,Not Applicable,"Other Motor Vehicle, Collision With",5NPE34AF5GH426609
2018,15246539,4 DOOR SEDAN,PASSENGER OR SUBURBAN,Stopped in Traffic,Not Entered,West,Gas,2005,NY,2,6,CHEVR,HUMAN,Not Applicable,HUMAN,Not Applicable,"Other Motor Vehicle, Collision With",1G1ZT62895F185750
2018,15246540,SUBURBAN,PASSENGER OR SUBURBAN,Stopped in Traffic,Not Entered,West,Gas,2014,NY,3,6,HONDA,HUMAN,Not Applicable,HUMAN,Not Applicable,Not Applicable,5FNYF4H5XEB040605
2018,15246537,SUBURBAN,COMMERCIAL,Slowing or Stopping,Not Entered,West,Gas,2003,NY,1,6,DODGE,HUMAN,Not Applicable,HUMAN,Driver Inattention/Distraction*,Not Applicable,1D4GP25353B220710
2018,15246543,SUBURBAN,PASSENGER OR SUBURBAN,Going Straight Ahead,Not Entered,South,Gas,2011,NY,1,4,NISSA,HUMAN,Not Applicable,HUMAN,Following Too Closely,Not Applicable,JN8AS5MV6BW294459
2018,15246544,PICKUP TRUCK,POLITICAL SUBDIVISION,Stopped in Traffic,Not Entered,South,Gas,2014,NY,1,8,FORD,HUMAN,Not Applicable,HUMAN,Not Applicable,Not Applicable,1FTFW1EF6EFB70492
2018,15246551,SUBURBAN,PASSENGER OR SUBURBAN,Going Straight Ahead,Not Entered,East,Gas,2014,NY,1,4,CHEVR,HUMAN,Not Applicable,HUMAN,Not Applicable,Not Applicable,2GNALAEK9E6314179
2018,15246550,4 DOOR SEDAN,PASSENGER OR SUBURBAN,Going Straight Ahead,Not Entered,South,Gas,2007,NY,1,4,TOYOY,HUMAN,Not Applicable,HUMAN,Traffic Control Device Disregarded,Not Applicable,JTDBR32E970100410
2018,15246552,SUBURBAN,PASSENGER OR SUBURBAN,Going Straight Ahead,Not Entered,North,Gas,2012,NY,1,6,KIA,HUMAN,Unsafe Speed,ENVMT,Pavement Slippery,Not Applicable,5XYKTDA23CG297223
2018,15246557,4 DOOR SEDAN,PASSENGER OR SUBURBAN,Going Straight Ahead,Not Entered,North,Gas,2008,NY,1,4,DODGE,HUMAN,Not Applicable,HUMAN,Following Too Closely,Not Applicable,1B3LC46J18N187339
2018,15246558,SUBURBAN,PASSENGER OR SUBURBAN,Going Straight Ahead,Not Entered,North,Gas,2014,NY,1,6,JEEP,HUMAN,Not Applicable,HUMAN,Reaction to Other Uninvolved Vehicle,Not Applicable,1C4PJMDS3EW121804
2018,15246575,PICKUP TRUCK,AGRICULTURAL TRUCK,Going Straight Ahead,Not Entered,North,Gas,2006,NY,1,8,CHEVR,HUMAN,Not Applicable,HUMAN,Not Applicable,Not Applicable,1GCHK24U66E123450
2018,15246576,SUBURBAN,PASSENGER OR SUBURBAN,Going Straight Ahead,Not Entered,North,Gas,2017,NY,1,4,DODGE,HUMAN,Not Applicable,HUMAN,Following Too Closely,Not Applicable,3C4PDCAB8HT648589
2018,15246582,SUBURBAN,PASSENGER OR SUBURBAN,Stopped in Traffic,Not Entered,South,None,2016,NY,2,4,TOYOT,HUMAN,Not Applicable,HUMAN,Not Applicable,"Other Motor Vehicle, Collision With",JTMRJREV4GD048083
2018,15246583,PICKUP TRUCK,PASSENGER OR SUBURBAN,Stopped in Traffic,Not Entered,South,Gas,2017,NY,1,8,CHEVR,HUMAN,Not Applicable,HUMAN,Not Applicable,Not Applicable,1GCVKREC7HZ391789
2018,15246581,PICKUP TRUCK,AGRICULTURAL TRUCK,Going Straight Ahead,Not Entered,South,Diesel,2017,NY,1,6,RAM,HUMAN,Not Applicable,HUMAN,Driver Inattention/Distraction*,Not Applicable,3C6UR5CL2HG678998
2018,15246588,SUBURBAN,PASSENGER OR SUBURBAN,Making Right Turn,Not Entered,East,Gas,2018,NY,1,4,KIA,HUMAN,Driver Inattention/Distraction*,HUMAN,Following Too Closely,Not Applicable,KNDJP3A52J7522715
2018,15246592,SUBURBAN,PASSENGER OR SUBURBAN,Going Straight Ahead,Not Entered,South,Gas,2010,NY,1,6,CHRYS,HUMAN,Not Applicable,ENVMT,Animal's Action,Not Applicable,2A4RR8DX5AR358442
2018,15246605,4 DOOR SEDAN,PASSENGER OR SUBURBAN,Going Straight Ahead,Not Entered,South,Gas,2012,NY,2,4,SUBAR,HUMAN,Driver Inexperience*,HUMAN,Unsafe Speed,Not Applicable,4S3BMBK66C3003322
2018,15246604,SUBURBAN,PASSENGER OR SUBURBAN,Going Straight Ahead,Not Entered,North,Gas,2014,NY,1,6,JEEP,HUMAN,Not Applicable,HUMAN,Not Applicable,Not Applicable,1C4RJFAG8EC150575
2018,15246603,SUBURBAN,PASSENGER OR SUBURBAN,Making Left Turn,Not Entered,Northeast,Gas,2012,NY,1,4,TOYOT,HUMAN,Not Applicable,HUMAN,Failure to Yield Right-of-Way,Not Applicable,2T3BF4DV1CW260671
2018,15246609,SUBURBAN,PASSENGER OR SUBURBAN,Going Straight Ahead,Not Entered,West,Gas,2014,NY,1,6,JEEP,HUMAN,Not Applicable,HUMAN,Not Applicable,Not Applicable,1C4RJFBG1EC215278
2018,15246608,4 DOOR SEDAN,PASSENGER OR SUBURBAN,Going Straight Ahead,Not Entered,West,Gas,2012,NY,1,4,MAZDA,HUMAN,Not Applicable,ENVMT,Pavement Slippery,"Guide Rail - End, Collision With Fixed Object",1YVHZ8DH8C5M43022
2018,15246610,PICKUP TRUCK,PASSENGER OR SUBURBAN,Going Straight Ahead,Not Entered,East,Gas,2005,NY,1,8,CHEVR,HUMAN,Not Applicable,HUMAN,Failure to Keep Right,Not Applicable,1GCEK19B15E127196
2018,15246614,SUBURBAN,PASSENGER OR SUBURBAN,Making Left Turn,Not Entered,North,Gas,2016,NY,1,4,JEEP,HUMAN,Not Applicable,HUMAN,Not Applicable,Not Applicable,1C4NJDEB1GD747064
2018,15246613,4 DOOR SEDAN,PASSENGER OR SUBURBAN,Going Straight Ahead,Not Entered,West,Gas,2003,NY,1,4,HONDA,HUMAN,Not Applicable,ENVMT,Pavement Slippery,Not Applicable,2HGES16503H532018
2018,15246615,4 DOOR SEDAN,PASSENGER OR SUBURBAN,Making Left Turn,Not Entered,East,Gas,2017,NY,1,4,NISSA,HUMAN,Not Applicable,HUMAN,Unknown,Not Applicable,3N1AB7AP2HY374276
2018,15246616,4 DOOR SEDAN,PASSENGER OR SUBURBAN,Going Straight Ahead,Not Entered,South,Gas,2007,NY,1,6,CHEVR,HUMAN,Not Applicable,HUMAN,Not Applicable,Not Applicable,2G1WT58N579106273
2018,15246619,SUBURBAN,PASSENGER OR SUBURBAN,Going Straight Ahead,Not Entered,West,Gas,2017,NY,1,6,GMC,HUMAN,Not Applicable,ENVMT,Animal's Action,Not Applicable,1GKKNVLS5HZ129528
2018,15246624,4 DOOR SEDAN,PASSENGER OR SUBURBAN,Going Straight Ahead,Not Entered,South,Gas,2012,NY,1,4,NISSA,HUMAN,Not Applicable,HUMAN,Failure to Yield Right-of-Way,Not Applicable,3N1AB6APXCL647416
2018,15246625,4 DOOR SEDAN,PASSENGER OR SUBURBAN,Going Straight Ahead,Not Entered,East,Gas,2016,NY,1,6,CHRYS,HUMAN,Not Applicable,HUMAN,Not Applicable,Not Applicable,1C3CCCAG9GN142074
2018,15246628,2 DOOR SEDAN,PASSENGER OR SUBURBAN,Going Straight Ahead,Not Entered,North,Gas,2008,NY,1,4,HONDA,HUMAN,Not Applicable,ENVMT,Animal's Action,Not Applicable,1HGCS12768A011731
2018,15246643,4 DOOR SEDAN,PASSENGER OR SUBURBAN,Going Straight Ahead,Not Entered,West,Gas,2014,NY,1,4,FORD,HUMAN,Following Too Closely,HUMAN,Unsafe Speed,Not Applicable,1FADP3F20EL400417
2018,15246644,SUBURBAN,PASSENGER OR SUBURBAN,Stopped in Traffic,Not Entered,West,Gas,2013,NY,1,4,SUBAR,HUMAN,Not Applicable,HUMAN,Not Applicable,Not Applicable,4S4BRBCC5D3254125
2018,15246654,4 DOOR SEDAN,PASSENGER OR SUBURBAN,Stopped in Traffic,Not Entered,South,Gas,2012,NY,1,4,HONDA,HUMAN,Not Applicable,HUMAN,Not Applicable,Not Applicable,JHMGE8G58CC004444
2018,15246653,SUBURBAN,PASSENGER OR SUBURBAN,Slowing or Stopping,Not Entered,South,Gas,2014,NY,1,6,JEEP,HUMAN,Driver Inattention/Distraction*,HUMAN,Following Too Closely,Not Applicable,1C4HJWEG0EL214484
2018,15246657,SUBURBAN,PASSENGER OR SUBURBAN,Making Left Turn,Not Entered,Southeast,Gas,2017,NY,1,6,JEEP,HUMAN,Not Applicable,HUMAN,Failure to Yield Right-of-Way,Not Applicable,1C4RJFBG8HC899878
2018,15246669,SUBURBAN,PASSENGER OR SUBURBAN,Going Straight Ahead,Not Entered,West,Gas,2012,NY,2,4,HYUND,HUMAN,Not Applicable,ENVMT,Animal's Action,Not Applicable,KMHDC8AE2CU151187
2018,15246670,4 DOOR SEDAN,PASSENGER OR SUBURBAN,Going Straight Ahead,Not Entered,Southeast,Gas,2011,NY,2,4,HYUND,HUMAN,Driver Inattention/Distraction*,HUMAN,Traffic Control Device Disregarded,Not Applicable,KMHCN4AC6BU607638
2018,15246672,SUBURBAN,PASSENGER OR SUBURBAN,Slowing or Stopping,Not Entered,West,Gas,2016,NY,1,4,NISSA,HUMAN,Not Applicable,HUMAN,Not Applicable,Not Applicable,KNMAT2MVXGP734059
2018,15246671,SUBURBAN,PASSENGER OR SUBURBAN,Starting in Traffic,Not Entered,West,Gas,2014,NY,1,6,DODGE,HUMAN,Driver Inattention/Distraction*,HUMAN,Following Too Closely,Not Applicable,3C4PDDBG8ET271113
2018,15246678,PICKUP TRUCK,COMMERCIAL,Going Straight Ahead,Not Entered,South,Gas,2013,NY,1,8,FORD,HUMAN,Not Applicable,HUMAN,Not Applicable,Not Applicable,1FT7W2B67DEB54899
2018,15246677,SUBURBAN,SPECIAL PASSENGER,Going Straight Ahead,Not Entered,East,Gas,1996,NY,1,6,JEEP,HUMAN,Not Applicable,HUMAN,Traffic Control Device Disregarded,Not Applicable,1J4FJ28S1TL252183
2018,15246681,PICKUP TRUCK,AGRICULTURAL TRUCK,Backing,Not Entered,East,Gas,2013,NY,1,8,GMC,HUMAN,Not Applicable,HUMAN,Backing Unsafely,Not Applicable,1GT22ZCG5DZ373052
2018,15246682,4 DOOR SEDAN,PASSENGER OR SUBURBAN,Other,Not Entered,East,Gas,2005,NY,1,6,BUICK,HUMAN,Not Applicable,HUMAN,Not Applicable,Not Applicable,2G4WC532351329665
2018,15246693,SUBURBAN,PASSENGER OR SUBURBAN,Overtaking/Passing,Not Entered,North,Gas,2000,NY,1,6,JEEP,HUMAN,Not Applicable,HUMAN,Not Applicable,Not Applicable,1J4FF48S2YL200310
2018,15246692,SUBURBAN,PASSENGER OR SUBURBAN,Making Right Turn,Not Entered,South,Gas,2014,NY,1,4,NISSA,HUMAN,Passing or Lane Usage Improper,ENVMT,Pavement Slippery,Not Applicable,5N1AT2MV2EC814780
2018,15246694,SUBURBAN,PASSENGER OR SUBURBAN,Going Straight Ahead,Not Entered,Northeast,Gas,2014,NY,1,4,KIA,HUMAN,Unsafe Speed,ENVMT,Pavement Slippery,Not Applicable,5XYKTCA60EG544066
2018,15246696,4 DOOR SEDAN,PASSENGER OR SUBURBAN,Stopped in Traffic,Not Entered,South,Gas,2012,NY,1,4,NISSA,HUMAN,Not Applicable,HUMAN,Not Applicable,Not Applicable,1N4AL2APXCN487109
2018,15246695,SUBURBAN,PASSENGER OR SUBURBAN,Going Straight Ahead,Not Entered,South,Gas,2009,NY,1,4,SUBAR,HUMAN,Driver Inattention/Distraction*,HUMAN,Following Too Closely,Not Applicable,JF2SH61619H725002
2018,15246698,4 DOOR SEDAN,PASSENGER OR SUBURBAN,Going Straight Ahead,Not Entered,West,Gas,2016,NY,1,4,KIA,HUMAN,Driver Inattention/Distraction*,HUMAN,Unsafe Speed,Not Applicable,5XXGT4L37GG015669
2018,15246697,SUBURBAN,PASSENGER OR SUBURBAN,Backing,Not Entered,North,Gas,2014,NY,1,6,CHEVR,HUMAN,Backing Unsafely,HUMAN,Driver Inattention/Distraction*,Not Applicable,1GNKVGKD4EJ350422
2018,15246703,2 DOOR SEDAN,PASSENGER OR SUBURBAN,Making Left Turn,Not Entered,East,Gas,2013,NY,1,4,HYUND,HUMAN,Not Applicable,HUMAN,Failure to Yield Right-of-Way,Not Applicable,KMHDH6AE4DU005154
2018,15246704,PICKUP TRUCK,COMMERCIAL,Going Straight Ahead,Not Entered,North,Gas,2010,NY,1,8,GMC,HUMAN,Not Applicable,HUMAN,Not Applicable,Not Applicable,1GTSKVE35AZ293216
2018,15246708,UTILITY,COMMERCIAL,Stopped in Traffic,Not Entered,West,Gas,2016,NY,2,8,RAM,HUMAN,Not Applicable,HUMAN,Not Applicable,Not Applicable,3C7WRKAJXGG224744
2018,15246707,DUMP,POLITICAL SUBDIVISION,Making Right Turn,Not Entered,North,Diesel,2008,NY,1,6,GMC,HUMAN,Not Applicable,HUMAN,Turning Improperly,Not Applicable,1GDS8C1B78F412875
2018,15246710,SUBURBAN,PASSENGER OR SUBURBAN,Going Straight Ahead,Not Entered,South,Gas,2003,NY,1,6,LEXUS,HUMAN,Not Applicable,HUMAN,Not Applicable,"Other Motor Vehicle, Collision With",JTJHF10U530300970
2018,15246709,4 DOOR SEDAN,PASSENGER OR SUBURBAN,Going Straight Ahead,Not Entered,North,Gas,2013,NY,1,4,HONDA,HUMAN,Unknown,HUMAN,Lost Consciousness,"Other Motor Vehicle, Collision With",2HGFB2E57DH520266
2018,15246714,SUBURBAN,PASSENGER OR SUBURBAN,Starting from Parking,Not Entered,East,Gas,2016,NY,1,4,KIA,HUMAN,Driver Inattention/Distraction*,HUMAN,Following Too Closely,Not Applicable,KNDPC3A63G7815613
2018,15246719,SUBURBAN,PASSENGER OR SUBURBAN,Going Straight Ahead,Not Entered,South,Gas,2007,NY,1,4,MAZDA,HUMAN,Not Applicable,HUMAN,Not Applicable,Not Applicable,JM3ER29L470129879
2018,15246718,4 DOOR SEDAN,PASSENGER OR SUBURBAN,Making Left Turn,Not Entered,North,Gas,2008,NY,1,4,NISSA,HUMAN,Not Applicable,HUMAN,Failure to Yield Right-of-Way,"Other Fixed Object*, Collision With Fixed Object",3N1BC13E88L401472
2018,15246720,TOW TRUCK,INTERNATIONAL REGISTRATION,Making Left Turn,Not Entered,Northeast,Diesel,2017,NY,2,6,PETER,HUMAN,Not Applicable,HUMAN,Not Applicable,Not Applicable,1NPXX4EX8HD410324
2018,15246730,4 DOOR SEDAN,PASSENGER OR SUBURBAN,Stopped in Traffic,Not Entered,South,Gas,2014,NY,1,4,HYUND,HUMAN,Not Applicable,HUMAN,Not Applicable,Not Applicable,KMHEC4A41EA106282
2018,15246731,4 DOOR SEDAN,PASSENGER OR SUBURBAN,Going Straight Ahead,Not Entered,South,Gas,2008,NY,1,4,FORD,HUMAN,Not Applicable,HUMAN,Following Too Closely,Not Applicable,1FAHP35N58W102932
2018,15246732,DUMP,COMMERCIAL,Going Straight Ahead,Not Entered,North,Diesel,2017,NY,1,8,CHEVR,HUMAN,Not Applicable,HUMAN,Not Applicable,Not Applicable,1GB3KYCY5HF240021
2018,15246733,PICKUP TRUCK,AGRICULTURAL TRUCK,Going Straight Ahead,Not Entered,South,Gas,2005,NY,1,8,FORD,HUMAN,Not Applicable,HUMAN,Failure to Keep Right,Not Applicable,1FTSX21515EB80092
2018,15246736,4 DOOR SEDAN,PASSENGER OR SUBURBAN,Avoiding Object in Roadway,Not Entered,Northwest,Gas,2016,NY,1,4,TOYOT,HUMAN,Failure to Keep Right,ENVMT,Animal's Action,Not Applicable,2T1BURHE1GC717976
2018,15246739,SUBURBAN,PASSENGER OR SUBURBAN,Parked,Not Entered,East,Gas,2017,NY,0,4,RAM,HUMAN,Not Applicable,HUMAN,Not Applicable,Not Applicable,ZFBERFAB3H6E49461
2018,15246738,4 DOOR SEDAN,PASSENGER OR SUBURBAN,Going Straight Ahead,Not Entered,East,Gas,2015,NY,2,4,VOLKS,HUMAN,Not Applicable,HUMAN,Driver Inattention/Distraction*,Not Applicable,1VWAT7A38FC098874
2018,15246742,SUBURBAN,PASSENGER OR SUBURBAN,Starting in Traffic,Not Entered,North,Gas,2005,NY,1,6,HYUND,HUMAN,Not Applicable,HUMAN,Failure to Yield Right-of-Way,Not Applicable,KM8SC73D25U857830
2018,15246743,4 DOOR SEDAN,PASSENGER OR SUBURBAN,Going Straight Ahead,Not Entered,West,Gas,2013,NY,1,4,NISSA,HUMAN,Not Applicable,HUMAN,Not Applicable,Not Applicable,1N4AL3AP3DN574244
2018,15246746,4 DOOR SEDAN,PASSENGER OR SUBURBAN,Going Straight Ahead,Not Entered,South,Gas,2015,NY,1,4,DODGE,HUMAN,Not Applicable,ENVMT,Animal's Action,Not Applicable,1C3CDFBB8FD369908
2018,15246750,PICKUP TRUCK,PASSENGER OR SUBURBAN,Going Straight Ahead,Not Entered,South,Gas,1998,NY,1,8,CHEVR,HUMAN,Unsafe Speed,ENVMT,Pavement Slippery,"Other Fixed Object*, Collision With Fixed Object",2GCEK19R0W1194792
2018,15246756,4 DOOR SEDAN,PASSENGER OR SUBURBAN,Slowing or Stopping,Not Entered,South,Gas,2016,NY,1,4,KIA,HUMAN,Unsafe Speed,ENVMT,Pavement Slippery,Not Applicable,KNAFX5A82G5494878
2018,15246757,SUBURBAN,PASSENGER OR SUBURBAN,Stopped in Traffic,Not Entered,South,Gas,2016,NY,2,4,BMW,HUMAN,Not Applicable,HUMAN,Not Applicable,Not Applicable,5UXWX9C52G0D86398
2018,15246774,SUBURBAN,PASSENGER OR SUBURBAN,Slowing or Stopping,Not Entered,South,Gas,2017,NY,4,8,CHEVR,HUMAN,Not Applicable,HUMAN,Reaction to Other Uninvolved Vehicle,Not Applicable,1GNSKHKC2HR261136
2018,15246773,SUBURBAN,OMNIBUS - LIVERY,Going Straight Ahead,Not Entered,South,Gas,2010,NY,2,6,DODGE,HUMAN,Driver Inattention/Distraction*,HUMAN,Following Too Closely,Not Applicable,2D4RN5D13AR455833
2018,15246771,SUBURBAN,PASSENGER OR SUBURBAN,Making Right Turn,Not Entered,East,Gas,2006,NY,2,4,SUBAR,HUMAN,Not Applicable,ENVMT,Pavement Slippery,"Earth Embankment/Rock Cut/Ditch, Collision With Fixed Object",JF1SG65696H756981
2018,15246772,SUBURBAN,PASSENGER OR SUBURBAN,Going Straight Ahead,Not Entered,West,Gas,2016,NY,1,4,HONDA,HUMAN,Not Applicable,ENVMT,Animal's Action,Not Applicable,2HKRM4H52GH630389
2018,15246780,4 DOOR SEDAN,PASSENGER OR SUBURBAN,Parked,Not Entered,North,Gas,2008,NY,0,4,HYUND,HUMAN,Not Applicable,HUMAN,Not Applicable,Not Applicable,KMHDU46DX8U308834
2018,15246779,4 DOOR SEDAN,PASSENGER OR SUBURBAN,Going Straight Ahead,Not Entered,North,Gas,2008,NY,1,4,NISSA,HUMAN,Unsafe Speed,HUMAN,Cell Phone (hand held),Not Applicable,3N1AB61E48L738395
2018,15246781,4 DOOR SEDAN,PASSENGER OR SUBURBAN,Entering Parked Position,Not Entered,West,Gas,2002,NY,1,6,BMW,HUMAN,Not Applicable,HUMAN,Failure to Yield Right-of-Way,"Other Motor Vehicle, Collision With",WBAEV53472KM21396
2018,15246782,4 DOOR SEDAN,PASSENGER OR SUBURBAN,Going Straight Ahead,Not Entered,West,Gas,2006,NY,1,6,CHEVR,HUMAN,Not Applicable,HUMAN,Not Applicable,Not Applicable,1G1ZU538X6F209402
2018,15246783,SUBURBAN,PASSENGER OR SUBURBAN,Parked,Not Entered,West,Gas,2005,NY,0,8,INFIN,HUMAN,Not Applicable,HUMAN,Not Applicable,Not Applicable,JNRBS08W85X400379