Year,Case Vehicle ID,Vehicle Body Type,Registration Class,Action Prior to Accident,Type / Axles of Truck or Bus,Direction of Travel,Fuel Type,Vehicle Year,State of Registration,Number of Occupants,Engine Cylinders,Vehicle Make,Contributing Factor 1,Contributing Factor 1 Description,Contributing Factor 2,Contributing Factor 2 Description,Event Type,Partial VIN
2018,15246785,4 DOOR SEDAN,PASSENGER OR SUBURBAN,Going Straight Ahead,Not Entered,West,Gas,2013,NY,2,4,FORD,HUMAN,Failure to Yield Right-of-Way,HUMAN,Traffic Control Device Disregarded,"Earth Embankment/Rock Cut/Ditch, Collision With Fixed Object",3FA6P0H74DR295820
2018,15246784,SUBURBAN,PASSENGER OR SUBURBAN,Going Straight Ahead,Not Entered,North,Gas,2016,NY,1,4,FORD,HUMAN,Not Applicable,HUMAN,Not Applicable,"Earth Embankment/Rock Cut/Ditch, Collision With Fixed Object",1FMCU9J94GUC71810
2018,15246786,4 DOOR SEDAN,OMNIBUS - LIVERY,Starting in Traffic,Not Entered,West,Gas,2007,NY,2,4,HONDA,HUMAN,Not Applicable,HUMAN,Reaction to Other Uninvolved Vehicle,Not Applicable,1HGCM568X7A163353
2018,15246787,SUBURBAN,PASSENGER OR SUBURBAN,Making Left Turn,Not Entered,North,Gas,2001,NY,2,6,HONDA,HUMAN,Not Applicable,HUMAN,Reaction to Other Uninvolved Vehicle,Not Applicable,2HKRL18641H533180
2018,15246791,SUBURBAN,PASSENGER OR SUBURBAN,Going Straight Ahead,Not Entered,East,Gas,2011,NY,2,8,ME/BE,HUMAN,Unsafe Speed,ENVMT,Pavement Slippery,Not Applicable,4JGBF7BE8BA674382
2018,15246790,PICKUP TRUCK,AGRICULTURAL TRUCK,Other,Not Entered,Northeast,Gas,2012,NY,1,8,CHEVR,HUMAN,Driver Inattention/Distraction*,HUMAN,Unsafe Lane Changing,Not Applicable,1GC3KZCGXCZ216376
2018,15246796,SUBURBAN,PASSENGER OR SUBURBAN,Going Straight Ahead,Not Entered,South,Gas,2005,NY,1,6,FORD,HUMAN,Not Applicable,ENVMT,Animal's Action,Not Applicable,1FMYU93105KA09188
2018,15246798,4 DOOR SEDAN,PASSENGER OR SUBURBAN,Going Straight Ahead,Not Entered,North,Gas,2005,NY,2,6,FORD,HUMAN,Not Applicable,HUMAN,Not Applicable,Not Applicable,1FAFP28155G127300
2018,15246797,SUBURBAN,PASSENGER OR SUBURBAN,Making Left Turn,Not Entered,East,Gas,2003,NY,1,6,ACURA,HUMAN,Failure to Yield Right-of-Way,HUMAN,Turning Improperly,Not Applicable,2HNYD18793H545056
2018,15246806,4 DOOR SEDAN,PASSENGER OR SUBURBAN,Slowing or Stopping,Not Entered,South,Gas,2015,NY,1,4,VOLKS,HUMAN,Not Applicable,ENVMT,Pavement Slippery,Not Applicable,3VWD17AJ1FM286023
2018,15246804,SUBURBAN,PASSENGER OR SUBURBAN,Slowing or Stopping,Not Entered,South,Gas,2014,NY,1,4,HONDA,HUMAN,Not Applicable,ENVMT,Pavement Slippery,Not Applicable,2HKRM4H79EH695285
2018,15246810,SUBURBAN,PASSENGER OR SUBURBAN,Slowing or Stopping,Not Entered,West,Gas,2011,NY,1,6,DODGE,HUMAN,Unsafe Speed,ENVMT,Pavement Slippery,Not Applicable,2D4RN3DG4BR672432
2018,15246809,PICKUP TRUCK,COMMERCIAL,Going Straight Ahead,Not Entered,South,Diesel,2016,NY,1,8,FORD,HUMAN,Not Applicable,HUMAN,Not Applicable,Not Applicable,1FT8W3BT3GEC37699
2018,15246816,SUBURBAN,PASSENGER OR SUBURBAN,Parked,Not Entered,South,Gas,2017,NY,0,4,SUBAR,HUMAN,Not Applicable,HUMAN,Not Applicable,Not Applicable,JF2GPABC0HH215853
2018,15246817,4 DOOR SEDAN,PASSENGER OR SUBURBAN,Going Straight Ahead,Not Entered,South,Gas,2007,NY,1,4,NISSA,HUMAN,Not Applicable,ENVMT,Glare,Not Applicable,3N1AB61E87L704426
2018,15246825,4 DOOR SEDAN,PASSENGER OR SUBURBAN,Making Left Turn,Not Entered,South,Gas,1992,NY,1,6,BUICK,HUMAN,Failure to Yield Right-of-Way,VEHICLE,Tire Failure/Inadequate,Not Applicable,1G4CU5314N1625906
2018,15246824,4 DOOR SEDAN,PASSENGER OR SUBURBAN,Going Straight Ahead,Not Entered,North,Gas,2009,NY,1,4,NISSA,HUMAN,Not Applicable,HUMAN,Not Applicable,Not Applicable,1N4AL21EX9N534310
2018,15246826,4 DOOR SEDAN,PASSENGER OR SUBURBAN,Backing,Not Entered,South,Gas,2004,NY,1,6,NISSA,HUMAN,Not Applicable,HUMAN,Backing Unsafely,Not Applicable,1N4BA41E24C920052
2018,15246827,4 DOOR SEDAN,PASSENGER OR SUBURBAN,Stopped in Traffic,Not Entered,North,Gas,2013,NY,1,4,NISSA,HUMAN,Not Applicable,HUMAN,Not Applicable,Not Applicable,3N1AB7AP0DL744941
2018,15246829,SUBURBAN,PASSENGER OR SUBURBAN,Slowing or Stopping,Not Entered,East,Gas,2018,NY,1,6,ACURA,HUMAN,Following Too Closely,ENVMT,Pavement Slippery,Not Applicable,5J8TB4H30JL015855
2018,15246828,SUBURBAN,PASSENGER OR SUBURBAN,Stopped in Traffic,Not Entered,East,Gas,1996,NY,1,6,TOYOT,HUMAN,Not Applicable,HUMAN,Not Applicable,Not Applicable,JT3HN86R1T0032327
2018,15246834,SUBURBAN,PASSENGER OR SUBURBAN,Backing,Not Entered,South,Gas,2017,NY,1,6,JEEP,HUMAN,Backing Unsafely,HUMAN,Backing Unsafely,Not Applicable,1C4BJWDG9HL706135
2018,15246835,SUBURBAN,PASSENGER OR SUBURBAN,Making Left Turn,Not Entered,North,Gas,2010,NY,1,4,FORD,HUMAN,Not Applicable,HUMAN,Not Applicable,Not Applicable,1FMCU9D74AKC04492
2018,15277173,4 DOOR SEDAN,PASSENGER OR SUBURBAN,Stopped in Traffic,Not Entered,North,Gas,2001,NY,1,4,NISSA,HUMAN,Not Applicable,HUMAN,Not Applicable,Not Applicable,1N4DL01D71C124878
2018,15277172,BUS (OMNIBUS),POLITICAL SUBDIVISION,Going Straight Ahead,Not Entered,North,Diesel,2015,NY,1,6,FREIG,HUMAN,Following Too Closely,ENVMT,Pavement Slippery,Not Applicable,4UZABRDT4FCGE7462
2018,15246840,SUBURBAN,PASSENGER OR SUBURBAN,Going Straight Ahead,Not Entered,West,Gas,2010,NY,1,6,NISSA,HUMAN,Not Applicable,HUMAN,Not Applicable,Not Applicable,5N1AR1NB7AC627266
2018,15246839,SUBURBAN,PASSENGER OR SUBURBAN,Going Straight Ahead,Not Entered,North,Gas,2015,NY,1,4,SUBAR,HUMAN,Failure to Yield Right-of-Way,HUMAN,Traffic Control Device Disregarded,Not Applicable,JF2GPACC1F8216845
2018,15246845,SUBURBAN,PASSENGER OR SUBURBAN,Slowing or Stopping,Not Entered,East,Gas,2004,NY,1,6,JEEP,HUMAN,Not Applicable,HUMAN,Not Applicable,Not Applicable,1J8GW48S04C198229
2018,15246846,SUBURBAN,PASSENGER OR SUBURBAN,Slowing or Stopping,Not Entered,East,Gas,2011,NY,1,6,TOYOT,HUMAN,Not Applicable,HUMAN,Driver Inexperience*,Not Applicable,5TDKK3DC5BS080159
2018,15246849,PICKUP TRUCK,PASSENGER OR SUBURBAN,Going Straight Ahead,Not Entered,Southeast,Gas,2008,NY,1,8,CHEVR,HUMAN,Driver Inattention/Distraction*,HUMAN,Following Too Closely,"Other Object (Not Fixed)*, Collision With",2GCEK19J881308017
2018,15246857,CONVERTIBLE,PASSENGER OR SUBURBAN,Making Left Turn,Not Entered,North,Gas,2011,NY,1,6,AUDI,HUMAN,Not Applicable,ENVMT,View Obstructed/Limited,"Snow Embankment, Collision With Fixed Object",WAUCGAFH3BN005241
2018,15246860,4 DOOR SEDAN,PASSENGER OR SUBURBAN,Slowing or Stopping,Not Entered,East,Gas,2008,NY,2,4,SUZUK,HUMAN,Not Applicable,HUMAN,Not Applicable,Not Applicable,KL5JD56Z48K917539
2018,15246859,4 DOOR SEDAN,PASSENGER OR SUBURBAN,Going Straight Ahead,Not Entered,East,Gas,2008,NY,1,4,HONDA,HUMAN,Not Applicable,HUMAN,Driver Inattention/Distraction*,Not Applicable,1HGFA16518L059957
2018,15246864,TRACTOR,SEMI-TRAILER,Stopped in Traffic,Not Entered,West,None,2015,NY,1,0,UNITE,HUMAN,Not Applicable,HUMAN,Not Applicable,Not Applicable,56JTE1622FA145071
2018,15246863,4 DOOR SEDAN,PASSENGER OR SUBURBAN,Going Straight Ahead,Not Entered,West,Gas,2012,NY,1,4,HONDA,HUMAN,Not Applicable,ENVMT,Pavement Slippery,Not Applicable,2HGFB2F59CH573340
2018,15246862,SUBURBAN,PASSENGER OR SUBURBAN,Going Straight Ahead,Not Entered,North,Gas,2012,NY,1,4,TOYOT,HUMAN,Not Applicable,HUMAN,Not Applicable,Not Applicable,JTDZN3EU1C3086489
2018,15246861,SUBURBAN,PASSENGER OR SUBURBAN,Backing,Not Entered,South,Gas,2008,NY,1,6,JEEP,HUMAN,Not Applicable,HUMAN,Backing Unsafely,Not Applicable,1J4FA24128L543070
2018,15246868,PICKUP TRUCK,PASSENGER OR SUBURBAN,Going Straight Ahead,Not Entered,Northeast,Gas,2004,NY,2,8,FORD,HUMAN,Unsafe Speed,HUMAN,Failure to Keep Right,Not Applicable,1FTRX14W64NA84924
2018,15246870,SUBURBAN,PASSENGER OR SUBURBAN,Going Straight Ahead,Not Entered,South,Gas,2016,NY,1,4,FORD,HUMAN,Not Applicable,HUMAN,Following Too Closely,Not Applicable,NM0GE9F75G1257682
2018,15246869,SUBURBAN,PASSENGER OR SUBURBAN,Stopped in Traffic,Not Entered,South,Gas,2011,NY,1,4,HONDA,HUMAN,Not Applicable,HUMAN,Not Applicable,Not Applicable,5J6RE4H35BL016785
2018,15246872,4 DOOR SEDAN,PASSENGER OR SUBURBAN,Going Straight Ahead,Not Entered,East,Gas,2007,NY,1,4,CHEVR,HUMAN,Passing or Lane Usage Improper,ENVMT,Pavement Slippery,Not Applicable,1G1AL58F777350687
2018,15246873,4 DOOR SEDAN,PASSENGER OR SUBURBAN,Going Straight Ahead,Not Entered,East,Gas,2010,NY,1,4,TOYOT,HUMAN,Not Applicable,HUMAN,Not Applicable,Not Applicable,1NXBU4EE3AZ191993
2018,15246879,TRACTOR,TRACTOR - REGULAR,Stopped in Traffic,Not Entered,East,Diesel,2007,NY,1,6,VOLVO,HUMAN,Not Applicable,HUMAN,Not Applicable,Not Applicable,4V4M19GF77N406324
2018,15246878,VAN TRUCK,COMMERCIAL,Going Straight Ahead,Not Entered,East,Gas,2012,NY,1,4,FORD,HUMAN,Following Too Closely,HUMAN,Unsafe Speed,Not Applicable,NM0LS6AN2CT093639
2018,15246880,PICKUP TRUCK,PASSENGER OR SUBURBAN,Making Right Turn,Not Entered,South,Gas,2013,NY,3,6,FORD,HUMAN,Not Applicable,ENVMT,Pavement Slippery,Not Applicable,1FTFW1ET2DFC91685
2018,15246881,SUBURBAN,PASSENGER OR SUBURBAN,Going Straight Ahead,Not Entered,West,Gas,2012,NY,1,4,TOYOT,HUMAN,Not Applicable,ENVMT,Animal's Action,Not Applicable,JTMBF4DV2C5054234
2018,15246892,4 DOOR SEDAN,PASSENGER OR SUBURBAN,Going Straight Ahead,Not Entered,Southeast,Gas,2007,NY,1,5,VOLKS,HUMAN,Unsafe Speed,HUMAN,Reaction to Other Uninvolved Vehicle,Not Applicable,WVWCS71K87W014137
2018,15246897,SUBURBAN,PASSENGER OR SUBURBAN,Parked,Not Entered,West,Gas,2002,NY,0,6,CHEVR,HUMAN,Not Applicable,HUMAN,Not Applicable,Not Applicable,1GNDT13S922407843
2018,15246896,SUBURBAN,PASSENGER OR SUBURBAN,Parked,Not Entered,West,Gas,1999,NY,0,4,AUDI,HUMAN,Not Applicable,HUMAN,Not Applicable,"Other Motor Vehicle, Collision With",WAUGB28D7XA057793
2018,15246894,4 DOOR SEDAN,PASSENGER OR SUBURBAN,Going Straight Ahead,Not Entered,West,Gas,2011,NY,1,6,ME/BE,HUMAN,Not Applicable,ENVMT,Pavement Slippery,"Other Motor Vehicle, Collision With",WDDHF8HBXBA303845
2018,15246893,SUBURBAN,PASSENGER OR SUBURBAN,Making Left Turn,Not Entered,North,Gas,2004,NY,1,8,FORD,HUMAN,Not Applicable,ENVMT,Pavement Slippery,Not Applicable,1FMFU18L94LB26277
2018,15246902,SUBURBAN,PASSENGER OR SUBURBAN,Going Straight Ahead,Not Entered,South,Gas,2005,NY,1,6,CHEVR,HUMAN,Unsafe Speed,VEHICLE,Tire Failure/Inadequate,"Guide Rail - Not At End, Collision With Fixed Object",2CNDL73F156201949
2018,15246905,4 DOOR SEDAN,PASSENGER OR SUBURBAN,Making Right Turn,Not Entered,North,Gas,2006,NY,1,4,TOYOT,HUMAN,Unsafe Speed,ENVMT,Pavement Slippery,Not Applicable,2T1BR30E66C680724
2018,15246906,SUBURBAN,PASSENGER OR SUBURBAN,Going Straight Ahead,Not Entered,East,Gas,2005,NY,1,6,DODGE,HUMAN,Not Applicable,ENVMT,Pavement Slippery,Not Applicable,2D4GP24R95R191612
2018,15246910,4 DOOR SEDAN,PASSENGER OR SUBURBAN,Slowing or Stopping,Not Entered,West,Gas,2003,NY,1,4,HONDA,HUMAN,Not Applicable,ENVMT,Pavement Slippery,Not Applicable,1HGCM56663A126647
2018,15246909,4 DOOR SEDAN,PASSENGER OR SUBURBAN,Slowing or Stopping,Not Entered,West,Gas,2011,NY,1,6,BMW,HUMAN,Not Applicable,ENVMT,Pavement Slippery,Not Applicable,WBAPK7C59BA971016
2018,15246920,PICKUP TRUCK,PASSENGER OR SUBURBAN,Slowing or Stopping,Not Entered,South,Gas,2015,NY,1,6,TOYOT,HUMAN,Not Applicable,HUMAN,Not Applicable,Not Applicable,3TMLU4EN2FM175126
2018,15246919,SUBURBAN,PASSENGER OR SUBURBAN,Slowing or Stopping,Not Entered,South,Gas,2006,NY,1,6,HONDA,HUMAN,Not Applicable,HUMAN,Not Applicable,Not Applicable,5FNRL38236B128362
2018,15246918,2 DOOR SEDAN,PASSENGER OR SUBURBAN,Going Straight Ahead,Not Entered,South,Gas,2008,NY,1,4,TOYOT,HUMAN,Not Applicable,HUMAN,Following Too Closely,Not Applicable,JTKDE167180247156
2018,15246923,SUBURBAN,PASSENGER OR SUBURBAN,Slowing or Stopping,Not Entered,North,Gas,1999,NY,1,8,CADIL,HUMAN,Not Applicable,HUMAN,Unsafe Speed,Not Applicable,1GYEK13R2XR408774
2018,15246937,4 DOOR SEDAN,PASSENGER OR SUBURBAN,Going Straight Ahead,Not Entered,North,Gas,2004,NY,1,4,TOYOT,HUMAN,Not Applicable,ENVMT,Pavement Slippery,Unknown,1NXBR32E84Z300937
2018,15246941,VAN TRUCK,COMMERCIAL,Going Straight Ahead,Not Entered,East,Diesel,2017,NY,1,6,INTER,HUMAN,Not Applicable,HUMAN,Not Applicable,Not Applicable,1HTMMMML7HH471094
2018,15246940,4 DOOR SEDAN,PASSENGER OR SUBURBAN,Slowing or Stopping,Not Entered,North,Gas,2015,NY,1,4,KIA,HUMAN,Not Applicable,VEHICLE,Brakes Defective,Not Applicable,KNAFK4A64F5260084
2018,15246950,PICKUP TRUCK,POLITICAL SUBDIVISION,Backing,Not Entered,North,Gas,2013,NY,1,8,GMC,HUMAN,Not Applicable,HUMAN,Backing Unsafely,Not Applicable,1GT322CG3DF185658
2018,15246949,SUBURBAN,PASSENGER OR SUBURBAN,Making Left Turn,Not Entered,West,Gas,2013,NY,2,4,GMC,HUMAN,Not Applicable,HUMAN,Turning Improperly,Not Applicable,2GKFLREK2D6284989
2018,15246952,SUBURBAN,PASSENGER OR SUBURBAN,Slowing or Stopping,Not Entered,West,Gas,2007,NY,1,6,FORD,HUMAN,Not Applicable,HUMAN,Not Applicable,Not Applicable,2FMDK48C27BB45658
2018,15246951,4 DOOR SEDAN,PASSENGER OR SUBURBAN,Going Straight Ahead,Not Entered,West,Gas,2004,NY,1,4,TOYOT,HUMAN,Not Applicable,HUMAN,Following Too Closely,Not Applicable,4T1BE32K54U932019
2018,15246984,SUBURBAN,PASSENGER OR SUBURBAN,Going Straight Ahead,Not Entered,East,Gas,2014,NY,1,6,HONDA,HUMAN,Not Applicable,HUMAN,Following Too Closely,Not Applicable,5FNRL5H4XEB055261
2018,15246988,4 DOOR SEDAN,PASSENGER OR SUBURBAN,Going Straight Ahead,Not Entered,West,Gas,2013,NY,1,4,CHEVR,HUMAN,Not Applicable,ENVMT,Pavement Slippery,Not Applicable,1G1JC6SB9D4156557
2018,15246991,PICKUP TRUCK,AGRICULTURAL TRUCK,Making Left Turn,Not Entered,East,Gas,2006,NY,1,6,CHEVR,HUMAN,Failure to Yield Right-of-Way,HUMAN,Failure to Yield Right-of-Way,Not Entered,3GCEC14X36G234390
2018,15246992,PICKUP TRUCK,AGRICULTURAL TRUCK,Going Straight Ahead,Not Entered,North,Diesel,1998,NY,2,8,CHEVR,HUMAN,Not Applicable,HUMAN,Not Applicable,Not Entered,1GBJC34F3WF050848
2018,15247017,SUBURBAN,SPECIAL PASSENGER,Going Straight Ahead,Not Entered,West,Gas,2016,NY,1,4,NISSA,HUMAN,Not Applicable,HUMAN,Following Too Closely,Not Applicable,5N1AT2MT3GC808911
2018,15247018,4 DOOR SEDAN,PASSENGER OR SUBURBAN,Stopped in Traffic,Not Entered,West,Gas,2008,NY,2,4,TOYOT,HUMAN,Not Applicable,HUMAN,Not Applicable,Not Applicable,4T1BE46K88U233263
2018,15247024,SUBURBAN,PASSENGER OR SUBURBAN,Going Straight Ahead,Not Entered,South,Gas,2017,NY,1,4,HONDA,HUMAN,Not Applicable,HUMAN,Failure to Yield Right-of-Way,Not Applicable,2HKRW2H90HH610306
2018,15247027,SUBURBAN,PASSENGER OR SUBURBAN,Slowing or Stopping,Not Entered,West,Gas,2013,NY,1,4,FORD,HUMAN,Reaction to Other Uninvolved Vehicle,ENVMT,Pavement Slippery,Not Applicable,1FMCU9GX0DUB13742
2018,15247031,4 DOOR SEDAN,PASSENGER OR SUBURBAN,Going Straight Ahead,Not Entered,North,Gas,2011,NY,1,4,CHEVR,HUMAN,Not Applicable,ENVMT,Animal's Action,Not Applicable,1G1PE5S97B7307970
2018,15247033,PICKUP TRUCK,PASSENGER OR SUBURBAN,Stopped in Traffic,Not Entered,East,Gas,2011,NY,1,6,FORD,HUMAN,Not Applicable,HUMAN,Not Applicable,Not Applicable,1FTFW1ET4BFC24924
2018,15247032,SUBURBAN,PASSENGER OR SUBURBAN,Going Straight Ahead,Not Entered,East,Gas,2011,NY,1,8,CADIL,HUMAN,Not Applicable,HUMAN,Following Too Closely,Not Applicable,1GYS4JEF1BR191842
2018,15247080,PICKUP TRUCK,PASSENGER OR SUBURBAN,Stopped in Traffic,Not Entered,East,Gas,2016,NY,1,8,CHEVR,HUMAN,Not Applicable,HUMAN,Not Applicable,Not Applicable,1GCVKPEC6GZ313393
2018,15247081,DUMP,POLITICAL SUBDIVISION,Slowing or Stopping,Not Entered,East,Diesel,2009,NY,1,6,MACK,HUMAN,Not Applicable,HUMAN,Driver Inattention/Distraction*,Not Applicable,1M2AX13C09M006619
2018,15247090,4 DOOR SEDAN,PASSENGER OR SUBURBAN,Going Straight Ahead,Not Entered,Southwest,Gas,2015,NY,1,4,NISSA,HUMAN,Not Applicable,HUMAN,Passing or Lane Usage Improper,Not Applicable,3N1AB7AP7FY290452
2018,15247092,4 DOOR SEDAN,PASSENGER OR SUBURBAN,Making Right Turn,Not Entered,South,Gas,2007,NY,3,4,HONDA,HUMAN,Not Applicable,HUMAN,Unsafe Speed,Not Applicable,1HGFA16547L029754
2018,15247096,4 DOOR SEDAN,PASSENGER OR SUBURBAN,Making Left Turn,Not Entered,Southwest,Gas,2017,NY,3,4,HONDA,HUMAN,Not Applicable,HUMAN,Unknown,Not Applicable,JHMGK5H57HS000761
2018,15247095,SUBURBAN,PASSENGER OR SUBURBAN,Going Straight Ahead,Not Entered,West,Gas,2011,NY,1,6,JEEP,HUMAN,Failure to Yield Right-of-Way,HUMAN,Passing or Lane Usage Improper,"Fence, Collision With Fixed Object",1J4PN2GK4BW584500
2018,15247098,SUBURBAN,PASSENGER OR SUBURBAN,Slowing or Stopping,Not Entered,East,Gas,2006,NY,1,8,GMC,HUMAN,Not Applicable,HUMAN,Not Applicable,Not Applicable,1GKET63M362119578
2018,15247097,4 DOOR SEDAN,PASSENGER OR SUBURBAN,Slowing or Stopping,Not Entered,East,Gas,2013,NY,1,4,FORD,HUMAN,Following Too Closely,ENVMT,Pavement Slippery,Not Applicable,3FA6P0K95DR144429
2018,15247106,4 DOOR SEDAN,PASSENGER OR SUBURBAN,Going Straight Ahead,Not Entered,East,Gas,2014,NY,1,4,NISSA,HUMAN,Not Applicable,ENVMT,Animal's Action,Not Applicable,3N1AB7AP3EY312610
2018,15247124,4 DOOR SEDAN,PASSENGER OR SUBURBAN,Going Straight Ahead,Not Entered,Southwest,Gas,2013,NY,1,4,BMW,HUMAN,Not Applicable,ENVMT,Animal's Action,Not Applicable,WBA3B5C56DF598557
2018,15247125,4 DOOR SEDAN,PASSENGER OR SUBURBAN,Making Left Turn,Not Entered,Southwest,Gas,2002,NY,1,4,TOYOT,HUMAN,Not Applicable,HUMAN,Failure to Yield Right-of-Way,Not Applicable,4T1BE32K82U505463
2018,15247136,SUBURBAN,PASSENGER OR SUBURBAN,Going Straight Ahead,Not Entered,West,Gas,2006,NY,1,6,BMW,HUMAN,Not Applicable,HUMAN,Failure to Yield Right-of-Way,Not Applicable,WBXPA93416WD32085
2018,15247135,PICKUP TRUCK,COMMERCIAL,Going Straight Ahead,Not Entered,South,Gas,2014,NY,2,8,RAM,HUMAN,Not Applicable,HUMAN,Not Applicable,Not Applicable,3C6JR7AT1EG282929
2018,15247144,PICKUP TRUCK,PASSENGER OR SUBURBAN,Going Straight Ahead,Not Entered,East,Gas,2015,NY,1,8,GMC,HUMAN,Not Applicable,HUMAN,Failure to Yield Right-of-Way,Not Applicable,1GTN1TEC1FZ903107
2018,15247145,SUBURBAN,PASSENGER OR SUBURBAN,Going Straight Ahead,Not Entered,North,Gas,2015,NY,1,4,JEEP,HUMAN,Not Applicable,HUMAN,Not Applicable,Not Applicable,1C4PJMCB3FW559256
2018,15247142,4 DOOR SEDAN,PASSENGER OR SUBURBAN,Making Left Turn,Not Entered,Southeast,Gas,2011,NY,1,4,HYUND,HUMAN,Unknown,HUMAN,Unknown,Not Applicable,5NPEB4AC0BH054324
2018,15247143,SUBURBAN,PASSENGER OR SUBURBAN,Going Straight Ahead,Not Entered,North,Gas,2015,NY,1,4,KIA,HUMAN,Unknown,HUMAN,Unknown,Not Applicable,KNDJN2A20F7775559
2018,15247160,4 DOOR SEDAN,PASSENGER OR SUBURBAN,Slowing or Stopping,Not Entered,East,Gas,2009,NY,1,4,NISSA,HUMAN,Not Applicable,HUMAN,Not Applicable,Not Applicable,1N4AL21E09N491855
2018,15247159,4 DOOR SEDAN,PASSENGER OR SUBURBAN,Going Straight Ahead,Not Entered,East,Gas,2017,NY,1,4,CHEVR,HUMAN,Driver Inattention/Distraction*,HUMAN,Following Too Closely,Not Applicable,1G1ZC5ST2HF215609
2018,15247162,4 DOOR SEDAN,PASSENGER OR SUBURBAN,Stopped in Traffic,Not Entered,North,Gas,2005,NY,2,6,CHEVR,HUMAN,Not Applicable,HUMAN,Not Applicable,"Other Motor Vehicle, Collision With",1G1ZT62855F266356
2018,15247163,SUBURBAN,PASSENGER OR SUBURBAN,Stopped in Traffic,Not Entered,North,Gas,2017,NY,1,4,NISSA,HUMAN,Not Applicable,HUMAN,Not Applicable,Not Applicable,5N1AT2MV6HC887090
2018,15247161,SUBURBAN,PASSENGER OR SUBURBAN,Going Straight Ahead,Not Entered,North,Gas,2004,NY,2,6,HYUND,HUMAN,Driver Inattention/Distraction*,HUMAN,Following Too Closely,Not Applicable,KM8SC73D94U604776
2018,15247166,POWER SHOVEL,SPECIAL PURPOSE COMMERCIAL,Backing,Not Entered,West,Diesel,1998,NY,1,6,CASE,HUMAN,Not Applicable,HUMAN,Backing Unsafely,Not Applicable,JEE0055310
2018,15247173,4 DOOR SEDAN,PASSENGER OR SUBURBAN,Going Straight Ahead,Not Entered,West,Gas,2007,NY,1,6,PONTI,HUMAN,Not Applicable,HUMAN,Not Applicable,Not Applicable,1G2ZG58N474110637
2018,15247172,PICKUP TRUCK,PASSENGER OR SUBURBAN,Going Straight Ahead,Not Entered,North,Gas,1999,NY,1,8,DODGE,HUMAN,Unsafe Speed,ENVMT,Pavement Slippery,Not Applicable,3B7HF12Y1XG106926
2018,15247175,SUBURBAN,PASSENGER OR SUBURBAN,Going Straight Ahead,Not Entered,South,Gas,2008,NY,1,4,FORD,HUMAN,Not Applicable,HUMAN,Not Applicable,Not Applicable,1FMCU02Z78KC82095
2018,15247174,SUBURBAN,PASSENGER OR SUBURBAN,Starting in Traffic,Not Entered,West,Gas,2004,NY,1,4,TOYOT,HUMAN,Not Applicable,HUMAN,Traffic Control Device Disregarded,Not Applicable,JTEHD20VX40036777
2018,15247188,SUBURBAN,PASSENGER OR SUBURBAN,Stopped in Traffic,Not Entered,North,Gas,2017,NY,1,4,MAZDA,HUMAN,Not Applicable,HUMAN,Not Applicable,"Other Motor Vehicle, Collision With",JM3KFBBL1H0104977
2018,15247191,PICKUP TRUCK,PASSENGER OR SUBURBAN,Stopped in Traffic,Not Entered,North,Gas,2004,NY,1,8,CHEVR,HUMAN,Not Applicable,HUMAN,Not Applicable,Not Applicable,1GCEK14T74Z221879
2018,15247190,4 DOOR SEDAN,PASSENGER OR SUBURBAN,Stopped in Traffic,Not Entered,North,Gas,2004,NY,1,6,HYUND,HUMAN,Not Applicable,HUMAN,Not Applicable,Not Applicable,KMHWF35H44A975458
2018,15247189,SUBURBAN,PASSENGER OR SUBURBAN,Stopped in Traffic,Not Entered,North,Gas,2012,NY,1,4,FORD,HUMAN,Not Applicable,HUMAN,Not Applicable,Not Applicable,1FMCU0D74CKC39239
2018,15247187,SUBURBAN,PASSENGER OR SUBURBAN,Going Straight Ahead,Not Entered,North,Gas,2011,NY,2,4,KIA,HUMAN,Unknown,VEHICLE,Brakes Defective,"Other Motor Vehicle, Collision With",5XYKT3A15BG059793
2018,15247244,SUBURBAN,PASSENGER OR SUBURBAN,Going Straight Ahead,Not Entered,South,Gas,2011,NY,1,4,TOYOT,HUMAN,Unsafe Speed,ENVMT,Pavement Slippery,Not Applicable,2T3BF4DV8BW094700
2018,15247245,SUBURBAN,PASSENGER OR SUBURBAN,Stopped in Traffic,Not Entered,South,Gas,2015,NY,1,4,NISSA,HUMAN,Not Applicable,HUMAN,Not Applicable,Not Applicable,KNMAT2MV2FP591414
2018,15247246,SUBURBAN,PASSENGER OR SUBURBAN,Going Straight Ahead,Not Entered,West,Gas,2005,NY,1,4,SUBAR,HUMAN,Not Applicable,ENVMT,Animal's Action,Not Applicable,JF1GG67565H807068
2018,15247247,SUBURBAN,PASSENGER OR SUBURBAN,Going Straight Ahead,Not Entered,North,Gas,2016,NY,1,4,GMC,HUMAN,Driver Inattention/Distraction*,HUMAN,Following Too Closely,Not Applicable,2GKFLTEK9G6192036
2018,15247248,PICKUP TRUCK,PASSENGER OR SUBURBAN,Slowing or Stopping,Not Entered,North,Gas,2011,NY,1,8,CHEVR,HUMAN,Not Applicable,HUMAN,Not Applicable,Not Applicable,1GCRKSE35BZ297507
2018,15247253,SUBURBAN,PASSENGER OR SUBURBAN,Slowing or Stopping,Not Entered,South,Gas,2017,NY,1,6,JEEP,HUMAN,Driver Inattention/Distraction*,VEHICLE,Brakes Defective,Not Applicable,1C4RJFAG8HC735547