Year,Case Vehicle ID,Vehicle Body Type,Registration Class,Action Prior to Accident,Type / Axles of Truck or Bus,Direction of Travel,Fuel Type,Vehicle Year,State of Registration,Number of Occupants,Engine Cylinders,Vehicle Make,Contributing Factor 1,Contributing Factor 1 Description,Contributing Factor 2,Contributing Factor 2 Description,Event Type,Partial VIN
2018,15247254,4 DOOR SEDAN,PASSENGER OR SUBURBAN,Slowing or Stopping,Not Entered,South,Gas,2017,NY,1,4,NISSA,HUMAN,Not Applicable,HUMAN,Not Applicable,Not Applicable,3N1AB7AP9HY265507
2018,15247255,SUBURBAN,PASSENGER OR SUBURBAN,Slowing or Stopping,Not Entered,North,Gas,2016,NY,1,4,SUBAR,HUMAN,Driver Inattention/Distraction*,VEHICLE,Brakes Defective,Not Applicable,JF1GPAA60G8208707
2018,15247256,4 DOOR SEDAN,PASSENGER OR SUBURBAN,Slowing or Stopping,Not Entered,North,Gas,2015,NY,1,4,HYUND,HUMAN,Not Applicable,HUMAN,Not Applicable,Not Applicable,5NPE34AB8FH116420
2018,15247257,4 DOOR SEDAN,PASSENGER OR SUBURBAN,Slowing or Stopping,Not Entered,South,Gas,2009,NY,1,4,KIA,HUMAN,Driver Inattention/Distraction*,ENVMT,Pavement Slippery,Not Applicable,KNAGE228095335271
2018,15247258,PICKUP TRUCK,PASSENGER OR SUBURBAN,Slowing or Stopping,Not Entered,South,Gas,2001,NY,1,8,DODGE,HUMAN,Not Applicable,HUMAN,Not Applicable,Not Applicable,1B7HL2AN91S301940
2018,15247261,4 DOOR SEDAN,PASSENGER OR SUBURBAN,Stopped in Traffic,Not Entered,South,Gas,2012,NY,1,4,FORD,HUMAN,Not Applicable,HUMAN,Not Applicable,Not Applicable,3FAHP0HA9CR350068
2018,15247260,4 DOOR SEDAN,PASSENGER OR SUBURBAN,Stopped in Traffic,Not Entered,South,Gas,2009,NY,1,4,TOYOT,HUMAN,Not Applicable,HUMAN,Not Applicable,Not Applicable,2T1BU40EX9C036166
2018,15247259,4 DOOR SEDAN,PASSENGER OR SUBURBAN,Going Straight Ahead,Not Entered,South,Gas,1994,NY,2,6,CHRYS,HUMAN,Not Applicable,HUMAN,Unsafe Speed,Not Applicable,2C3EL56T9RH216065
2018,15247262,SUBURBAN,PASSENGER OR SUBURBAN,Going Straight Ahead,Not Entered,East,Gas,1999,NY,1,4,JEEP,HUMAN,Not Applicable,HUMAN,Unsafe Speed,Not Applicable,1J4FY29P1XP489082
2018,15247263,4 DOOR SEDAN,PASSENGER OR SUBURBAN,Stopped in Traffic,Not Entered,East,Gas,2014,NY,1,4,VOLKS,HUMAN,Not Applicable,HUMAN,Not Applicable,Not Applicable,1VWBT7A37EC058918
2018,15247266,4 DOOR SEDAN,PASSENGER OR SUBURBAN,Going Straight Ahead,Not Entered,Northwest,Gas,2005,NY,1,4,DODGE,HUMAN,Illness,HUMAN,Lost Consciousness,Not Applicable,1B3ES56C95D211987
2018,15247267,4 DOOR SEDAN,PASSENGER OR SUBURBAN,Slowing or Stopping,Not Entered,North,Gas,2008,NY,1,4,DODGE,HUMAN,Not Applicable,HUMAN,Unsafe Speed,Not Applicable,1B3HB28B78D693413
2018,15247268,VAN TRUCK,COMMERCIAL,Stopped in Traffic,Not Entered,North,Gas,2016,NY,1,4,FORD,HUMAN,Not Applicable,HUMAN,Not Applicable,Not Applicable,NM0GS9F76G1282731
2018,15247271,2 DOOR SEDAN,PASSENGER OR SUBURBAN,Making Left Turn,Not Entered,South,Gas,2002,NY,1,6,CHEVR,HUMAN,Driver Inattention/Distraction*,HUMAN,Turning Improperly,Not Applicable,2G1FP22K422155502
2018,15247275,PICKUP TRUCK,PASSENGER OR SUBURBAN,Going Straight Ahead,Not Entered,West,Gas,2017,NY,1,6,TOYOT,HUMAN,Not Applicable,HUMAN,Not Applicable,Not Applicable,5TFSZ5AN7HX065453
2018,15247274,PICKUP TRUCK,POLITICAL SUBDIVISION,Starting from Parking,Not Entered,West,Gas,2008,NY,1,8,FORD,HUMAN,Not Applicable,HUMAN,Driver Inattention/Distraction*,Not Applicable,1FTNF21568EE42449
2018,15247277,SUBURBAN,PASSENGER OR SUBURBAN,Parked,Not Entered,South,Gas,2015,NY,0,6,BMW,HUMAN,Not Applicable,HUMAN,Not Applicable,Not Applicable,5UXKR0C53F0K70143
2018,15247276,TAXI,OMNIBUS - TAXI,Going Straight Ahead,Not Entered,West,Gas,2016,NY,2,4,TOYOT,HUMAN,Not Applicable,ENVMT,Pavement Slippery,"Tree, Collision With Fixed Object",JTDZN3EU3GJ052782
2018,15247288,4 DOOR SEDAN,PASSENGER OR SUBURBAN,Going Straight Ahead,Not Entered,South,Gas,2007,NY,1,4,FORD,HUMAN,Not Applicable,HUMAN,Not Applicable,Not Applicable,1FAFP34N77W316621
2018,15247287,2 DOOR SEDAN,PASSENGER OR SUBURBAN,Going Straight Ahead,Not Entered,East,Gas,2008,NY,2,4,HYUND,HUMAN,Driver Inattention/Distraction*,HUMAN,Traffic Control Device Disregarded,"Other Fixed Object*, Collision With Fixed Object",KMHCM36C98U088812
2018,15247290,SUBURBAN,PASSENGER OR SUBURBAN,Backing,Not Entered,South,Gas,2005,NY,1,6,JEEP,HUMAN,Backing Unsafely,HUMAN,Driver Inattention/Distraction*,Not Applicable,1J8GL58K55W679995
2018,15247299,SUBURBAN,PASSENGER OR SUBURBAN,Going Straight Ahead,Not Entered,North,Gas,2012,NY,2,6,FORD,HUMAN,Not Applicable,HUMAN,Not Applicable,Not Applicable,1FMHK8F85CGA14993
2018,15247298,4 DOOR SEDAN,PASSENGER OR SUBURBAN,Making Left Turn,Not Entered,East,Gas,2017,NY,1,4,HONDA,HUMAN,Not Applicable,HUMAN,Failure to Yield Right-of-Way,Not Applicable,19XFC2F78HE222189
2018,15247304,SUBURBAN,PASSENGER OR SUBURBAN,Going Straight Ahead,Not Entered,West,Gas,2015,NY,3,6,NISSA,HUMAN,Not Applicable,ENVMT,Animal's Action,Not Applicable,5N1AZ2MH9FN246574
2018,15247305,4 DOOR SEDAN,PASSENGER OR SUBURBAN,Going Straight Ahead,Not Entered,North,Gas,2011,NY,1,4,TOYOT,HUMAN,Not Applicable,ENVMT,Animal's Action,Not Applicable,4T1BF3EK1BU680548
2018,15247300,4 DOOR SEDAN,SPECIAL PASSENGER,Going Straight Ahead,Not Entered,East,Gas,2015,NY,1,4,FORD,HUMAN,Driver Inattention/Distraction*,HUMAN,Following Too Closely,Not Applicable,3FA6P0SU9FR246825
2018,15247301,SUBURBAN,PASSENGER OR SUBURBAN,Stopped in Traffic,Not Entered,East,Gas,2012,NY,1,4,GMC,HUMAN,Not Applicable,HUMAN,Not Applicable,Not Applicable,2GKFLREK4C6329123
2018,15247307,SUBURBAN,OMNIBUS - LIVERY,Parked,Not Entered,West,Gas,2005,NY,1,6,DODGE,HUMAN,Not Applicable,HUMAN,Not Applicable,Not Applicable,2D4GP44L75R221245
2018,15247310,4 DOOR SEDAN,PASSENGER OR SUBURBAN,Stopped in Traffic,Not Entered,North,Gas,2016,NY,1,4,SUBAR,HUMAN,Not Applicable,HUMAN,Not Applicable,Not Applicable,4S3BNAE69G3025663
2018,15247309,SUBURBAN,PASSENGER OR SUBURBAN,Stopped in Traffic,Not Entered,North,Gas,2015,NY,1,4,SUBAR,HUMAN,Not Applicable,HUMAN,Not Applicable,"Other Motor Vehicle, Collision With",JF2GPADC5F8222761
2018,15247308,2 DOOR SEDAN,PASSENGER OR SUBURBAN,Going Straight Ahead,Not Entered,North,Gas,2005,NY,1,4,HONDA,HUMAN,Driver Inattention/Distraction*,HUMAN,Following Too Closely,Not Applicable,1HGEM221X5L067000
2018,15247313,4 DOOR SEDAN,PASSENGER OR SUBURBAN,Making Right Turn,Not Entered,Southwest,Gas,2015,NY,1,4,NISSA,HUMAN,Not Applicable,HUMAN,Not Applicable,Not Applicable,3N1CN7AP8FL912019
2018,15247312,BUS (OMNIBUS),POLITICAL SUBDIVISION,Going Straight Ahead,Not Entered,South,Diesel,2008,NY,1,6,GILLI,HUMAN,Not Applicable,HUMAN,Following Too Closely,Not Applicable,15GGE301081091487
2018,15247317,SUBURBAN,PASSENGER OR SUBURBAN,Stopped in Traffic,Not Entered,West,Gas,2017,NY,2,4,HONDA,HUMAN,Not Applicable,HUMAN,Not Applicable,Not Applicable,5J6RW6H33HL002031
2018,15247316,4 DOOR SEDAN,PASSENGER OR SUBURBAN,Starting in Traffic,Not Entered,West,Gas,2012,NY,1,4,HYUND,HUMAN,Not Applicable,HUMAN,Following Too Closely,Not Applicable,5NPEB4ACXCH431968
2018,15247319,SUBURBAN,PASSENGER OR SUBURBAN,Going Straight Ahead,Not Entered,North,Gas,2009,NY,1,6,HONDA,HUMAN,Not Applicable,HUMAN,Not Applicable,Not Applicable,5FNYF48429B021124
2018,15247318,SUBURBAN,PASSENGER OR SUBURBAN,Merging,Not Entered,North,Gas,2014,NY,2,4,HONDA,HUMAN,Failure to Yield Right-of-Way,HUMAN,Passing or Lane Usage Improper,Not Applicable,5J6RM4H72EL055151
2018,15247330,SUBURBAN,PASSENGER OR SUBURBAN,Slowing or Stopping,Not Entered,West,Gas,2017,NY,4,6,TOYOT,HUMAN,Not Applicable,HUMAN,Not Applicable,Not Applicable,5TDJZRFHXHS403858
2018,15247328,SUBURBAN,PASSENGER OR SUBURBAN,Going Straight Ahead,Not Entered,North,Gas,2017,NY,1,6,JEEP,HUMAN,Driver Inattention/Distraction*,HUMAN,Following Too Closely,Not Applicable,1C4BJWEGXHL546832
2018,15247332,4 DOOR SEDAN,PASSENGER OR SUBURBAN,Going Straight Ahead,Not Entered,North,Gas,2004,NY,1,4,TOYOT,HUMAN,Not Applicable,HUMAN,Not Applicable,Not Applicable,JTDKB22UX40044074
2018,15247333,4 DOOR SEDAN,PASSENGER OR SUBURBAN,Going Straight Ahead,Not Entered,North,Gas,2017,NY,1,4,CADIL,HUMAN,Unknown,ENVMT,Pavement Slippery,Not Applicable,1G6AG5RX9H0187010
2018,15247335,SUBURBAN,PASSENGER OR SUBURBAN,Going Straight Ahead,Not Entered,South,Gas,2013,NY,1,4,SUBAR,HUMAN,Unknown,ENVMT,Pavement Slippery,Not Applicable,4S4BRBJC0D3217194
2018,15247336,PICKUP TRUCK,PASSENGER OR SUBURBAN,Going Straight Ahead,Not Entered,West,Gas,2015,NY,2,6,FORD,HUMAN,Not Applicable,ENVMT,Animal's Action,Not Applicable,1FTEW1EP9FFB80195
2018,15247342,SUBURBAN,PASSENGER OR SUBURBAN,Slowing or Stopping,Not Entered,North,Gas,2010,NY,1,4,SUZUK,HUMAN,Not Applicable,HUMAN,Not Applicable,Not Applicable,JS3TD0D23A4101994
2018,15247341,4 DOOR SEDAN,PASSENGER OR SUBURBAN,Going Straight Ahead,Not Entered,North,Gas,2017,NY,1,4,TOYOT,HUMAN,Not Applicable,HUMAN,Reaction to Other Uninvolved Vehicle,Not Applicable,2T1BURHE3HC891923
2018,15247344,SUBURBAN,PASSENGER OR SUBURBAN,Stopped in Traffic,Not Entered,East,Gas,2014,NY,1,8,LEXUS,HUMAN,Not Applicable,HUMAN,Not Applicable,Not Applicable,JTJBM7FX1E5073573
2018,15247343,4 DOOR SEDAN,PASSENGER OR SUBURBAN,Going Straight Ahead,Not Entered,East,Gas,2005,NY,1,4,DODGE,HUMAN,Not Applicable,HUMAN,Following Too Closely,Not Applicable,1B3ES56C45D265990
2018,15247355,SUBURBAN,PASSENGER OR SUBURBAN,Slowing or Stopping,Not Entered,South,Gas,2013,NY,1,4,NISSA,HUMAN,Not Applicable,HUMAN,Not Applicable,Not Applicable,JN8AS5MV3DW127169
2018,15247354,SUBURBAN,HAM OPERATOR,Going Straight Ahead,Not Entered,Northeast,Gas,2008,NY,1,6,JEEP,HUMAN,Not Applicable,ENVMT,Pavement Slippery,Not Applicable,1J8GN28KX8W194250
2018,15262417,4 DOOR SEDAN,PASSENGER OR SUBURBAN,Making Left Turn,Not Entered,South,Gas,2017,NY,1,4,FORD,HUMAN,Not Applicable,HUMAN,Not Applicable,Not Entered,3FA6P0G70HR161037
2018,15262416,SUBURBAN,PASSENGER OR SUBURBAN,Going Straight Ahead,Not Entered,North,Gas,2015,NY,1,4,BUICK,HUMAN,Not Applicable,HUMAN,Traffic Control Device Disregarded,Not Entered,KL4CJFSBXFB153374
2018,15247376,SUBURBAN,PASSENGER OR SUBURBAN,Slowing or Stopping,Not Entered,East,Gas,2015,NY,1,6,JEEP,HUMAN,Not Applicable,HUMAN,Reaction to Other Uninvolved Vehicle,Not Applicable,1C4RJFCG4FC130001
2018,15247396,4 DOOR SEDAN,PASSENGER OR SUBURBAN,Making Left Turn,Not Entered,Northwest,Gas,2008,NY,3,4,NISSA,HUMAN,Not Applicable,HUMAN,Driver Inattention/Distraction*,Not Applicable,3N1AB61E18L644815
2018,15247403,SUBURBAN,PASSENGER OR SUBURBAN,Going Straight Ahead,Not Entered,East,Gas,2006,NY,2,4,SUBAR,HUMAN,Not Applicable,HUMAN,Not Applicable,Not Applicable,4S4BP61CX67336511
2018,15247405,SUBURBAN,PASSENGER OR SUBURBAN,Stopped in Traffic,Not Entered,West,Gas,2008,NY,1,6,KIA,HUMAN,Not Applicable,HUMAN,Not Applicable,Not Applicable,KNDMB233186237456
2018,15247404,PICKUP TRUCK,COMMERCIAL,Slowing or Stopping,Not Entered,West,Gas,2012,NY,1,8,DODGE,HUMAN,Following Too Closely,ENVMT,Pavement Slippery,Not Applicable,1C6RD7FP8CS298483
2018,15247409,SUBURBAN,PASSENGER OR SUBURBAN,Going Straight Ahead,Not Entered,South,Gas,2007,NY,1,6,CADIL,HUMAN,Not Applicable,HUMAN,Not Applicable,Not Applicable,1GYEE637270163384
2018,15247408,SUBURBAN,PASSENGER OR SUBURBAN,Starting in Traffic,Not Entered,Southwest,Gas,2004,NY,3,6,NISSA,HUMAN,Not Applicable,HUMAN,Failure to Yield Right-of-Way,Not Applicable,JN8AZ08WX4W325605
2018,15247410,4 DOOR SEDAN,PASSENGER OR SUBURBAN,Going Straight Ahead,Not Entered,South,Gas,2008,NY,1,6,HYUND,HUMAN,Not Applicable,HUMAN,Passing or Lane Usage Improper,Not Applicable,5NPET46F68H324018
2018,15247411,SUBURBAN,PASSENGER OR SUBURBAN,Parked,Not Entered,South,Gas,2007,NY,0,4,CHRYS,HUMAN,Not Applicable,HUMAN,Not Applicable,Not Applicable,3A4FY48B87T585904
2018,15247413,PICKUP TRUCK,COMMERCIAL,Going Straight Ahead,Not Entered,South,Gas,2012,NY,1,8,DODGE,HUMAN,Not Applicable,HUMAN,Not Applicable,Not Applicable,3C6TD5HT1CG315894
2018,15247412,4 DOOR SEDAN,PASSENGER OR SUBURBAN,Going Straight Ahead,Not Entered,South,Gas,2009,NY,2,4,TOYOT,HUMAN,Not Applicable,HUMAN,Passing or Lane Usage Improper,Not Applicable,JTDBL40E799017860
2018,15247417,SUBURBAN,PASSENGER OR SUBURBAN,Stopped in Traffic,Not Entered,South,Gas,2012,NY,5,6,GMC,HUMAN,Not Applicable,HUMAN,Not Applicable,Not Applicable,1GKKVSED9CJ338131
2018,15247419,SUBURBAN,PASSENGER OR SUBURBAN,Backing,Not Entered,South,Gas,2010,NY,3,6,BUICK,HUMAN,Not Applicable,HUMAN,Not Applicable,Not Applicable,5GALVAEDXAJ113547
2018,15247418,PICKUP TRUCK,PASSENGER OR SUBURBAN,Backing,Not Entered,North,Gas,2006,NY,1,8,FORD,HUMAN,Not Applicable,HUMAN,Backing Unsafely,Not Applicable,1FTRX12W16NA12132
2018,15247422,SUBURBAN,PASSENGER OR SUBURBAN,Stopped in Traffic,Not Entered,North,Gas,2008,NY,1,6,JEEP,HUMAN,Not Applicable,HUMAN,Not Applicable,Not Applicable,1J8GN28K38W132446
2018,15247421,4 DOOR SEDAN,PASSENGER OR SUBURBAN,Stopped in Traffic,Not Entered,North,Gas,2015,NY,1,4,NISSA,HUMAN,Not Applicable,HUMAN,Not Applicable,Not Applicable,3N1AB7AP1FL662090
2018,15247420,4 DOOR SEDAN,PASSENGER OR SUBURBAN,Going Straight Ahead,Not Entered,North,Gas,2007,NY,1,8,CADIL,HUMAN,Driver Inattention/Distraction*,HUMAN,Following Too Closely,Not Applicable,1G6KD57Y57U180331
2018,15247435,SUBURBAN,PASSENGER OR SUBURBAN,Going Straight Ahead,Not Entered,Northwest,Gas,2017,NY,2,4,TOYOT,HUMAN,Not Applicable,ENVMT,Obstruction/ Debris,Not Applicable,JTMRFREVXHJ114091
2018,15247436,PICKUP TRUCK,PASSENGER OR SUBURBAN,Going Straight Ahead,Not Entered,Northeast,Gas,2016,NY,1,6,CHEVR,HUMAN,Not Applicable,ENVMT,Animal's Action,Not Applicable,1GCGTDE30G1357263
2018,15247437,4 DOOR SEDAN,PASSENGER OR SUBURBAN,Going Straight Ahead,Not Entered,North,Gas,2012,NY,2,5,VOLKS,HUMAN,Not Applicable,ENVMT,Animal's Action,Not Applicable,3VWDP7AJ8CM316385
2018,15247438,4 DOOR SEDAN,PASSENGER OR SUBURBAN,Going Straight Ahead,Not Entered,Northwest,Gas,2008,NY,2,4,MAZDA,ENVMT,Animal's Action,ENVMT,Pavement Slippery,Not Applicable,JM1BK12G581158486
2018,15247440,VAN TRUCK,AGRICULTURAL TRUCK,Going Straight Ahead,Not Entered,West,Gas,2007,NY,1,8,CHEVR,HUMAN,Not Applicable,ENVMT,Animal's Action,Not Applicable,1GCGG25VX71204402
2018,15247446,PICKUP TRUCK,PASSENGER OR SUBURBAN,Going Straight Ahead,Not Entered,West,Gas,2016,NY,1,6,FORD,HUMAN,Not Applicable,HUMAN,Not Applicable,Not Applicable,1FTEW1EG6GFC81518
2018,15247445,4 DOOR SEDAN,PASSENGER OR SUBURBAN,Backing,Not Entered,South,Gas,2009,NY,1,4,TOYOT,HUMAN,Not Applicable,HUMAN,Backing Unsafely,Not Applicable,JTKKU10459J043514
2018,15247451,SUBURBAN,PASSENGER OR SUBURBAN,Going Straight Ahead,Not Entered,East,Gas,2009,NY,2,6,PONTI,HUMAN,Not Applicable,HUMAN,Not Applicable,Not Applicable,2CKDL43F196226433
2018,15247450,PICKUP TRUCK,COMMERCIAL,Slowing or Stopping,Not Entered,East,Gas,1993,NY,2,8,GMC,HUMAN,Not Applicable,VEHICLE,Brakes Defective,Not Applicable,1GTEK14HXPZ504700
2018,15247462,4 DOOR SEDAN,PASSENGER OR SUBURBAN,Slowing or Stopping,Not Entered,East,Gas,2017,NY,1,4,MAZDA,HUMAN,Not Applicable,HUMAN,Not Applicable,Not Applicable,JM1GL1W52H1124968
2018,15247461,4 DOOR SEDAN,PASSENGER OR SUBURBAN,Slowing or Stopping,Not Entered,East,Gas,2005,NY,1,4,SUBAR,HUMAN,Not Applicable,HUMAN,Driver Inattention/Distraction*,Not Applicable,4S3BL616757214262
2018,15247467,SUBURBAN,PASSENGER OR SUBURBAN,Going Straight Ahead,Not Entered,North,Gas,2014,NY,1,6,MAZDA,HUMAN,Not Applicable,VEHICLE,Other*,Not Applicable,JM3TB3CAXE0446572
2018,15247466,4 DOOR SEDAN,PASSENGER OR SUBURBAN,Going Straight Ahead,Not Entered,West,Gas,2004,NY,2,4,TOYOT,HUMAN,Not Applicable,HUMAN,Outside Car Distraction*,Not Applicable,JTDKB20U440019514
2018,15247470,4 DOOR SEDAN,PASSENGER OR SUBURBAN,Making Right Turn,Not Entered,West,Gas,2010,NY,2,4,TOYOT,HUMAN,Not Applicable,HUMAN,Driver Inattention/Distraction*,Not Applicable,1NXBU4EE0AZ377121
2018,15247471,4 DOOR SEDAN,PASSENGER OR SUBURBAN,Going Straight Ahead,Not Entered,South,Gas,2008,NY,1,6,FORD,HUMAN,Not Applicable,VEHICLE,Other*,Not Applicable,3FAHP08138R187540
2018,15247474,SUBURBAN,PASSENGER OR SUBURBAN,Going Straight Ahead,Not Entered,West,Gas,2004,NY,1,6,SATUR,HUMAN,Not Applicable,HUMAN,Not Applicable,Not Applicable,5GZCZ53444S890266
2018,15247473,4 DOOR SEDAN,PASSENGER OR SUBURBAN,Making Left Turn,Not Entered,Southwest,Gas,2004,NY,1,4,HONDA,HUMAN,Failure to Yield Right-of-Way,ENVMT,Glare,Not Applicable,1HGCM56694A011252
2018,15247477,4 DOOR SEDAN,PASSENGER OR SUBURBAN,Going Straight Ahead,Not Entered,South,Gas,2008,NY,1,4,HYUND,HUMAN,Not Applicable,HUMAN,Not Applicable,Not Applicable,KMHCN46C98U230952
2018,15247476,4 DOOR SEDAN,PASSENGER OR SUBURBAN,Going Straight Ahead,Not Entered,North,Gas,2004,NY,1,6,FORD,HUMAN,Not Applicable,ENVMT,Pavement Slippery,"Earth Embankment/Rock Cut/Ditch, Collision With Fixed Object",1FAHP55S34A164418
2018,15247480,SUBURBAN,PASSENGER OR SUBURBAN,Stopped in Traffic,Not Entered,East,Gas,2004,NY,1,8,GMC,HUMAN,Not Applicable,HUMAN,Not Applicable,Not Applicable,1GKEK13V64J230157
2018,15247479,4 DOOR SEDAN,PASSENGER OR SUBURBAN,Going Straight Ahead,Not Entered,East,Gas,2017,NY,1,4,MAZDA,HUMAN,Not Applicable,HUMAN,Driver Inattention/Distraction*,Not Applicable,3MZBN1U71HM146615
2018,15247484,SUBURBAN,PASSENGER OR SUBURBAN,Parked,Not Entered,Unknown,Gas,2017,NY,0,6,TOYOT,HUMAN,Not Applicable,HUMAN,Not Applicable,Not Applicable,5TDJZRFH2HS480370
2018,15247483,4 DOOR SEDAN,PASSENGER OR SUBURBAN,Backing,Not Entered,Unknown,Gas,2016,NY,1,4,TOYOT,HUMAN,Not Applicable,HUMAN,Backing Unsafely,Not Applicable,4T1BF1FKXGU118643
2018,15247490,4 DOOR SEDAN,PASSENGER OR SUBURBAN,Going Straight Ahead,Not Entered,West,Gas,2005,NY,1,4,TOYOT,HUMAN,Unknown,HUMAN,Driver Inattention/Distraction*,Not Applicable,2T1BR30E45C456883
2018,15247492,PICKUP TRUCK,PASSENGER OR SUBURBAN,Making Left Turn,Not Entered,South,Gas,2004,NY,1,6,FORD,HUMAN,Not Applicable,HUMAN,Not Applicable,Not Applicable,1FTZR45E64PB15157
2018,15247493,SUBURBAN,PASSENGER OR SUBURBAN,Overtaking/Passing,Not Entered,South,Gas,2012,NY,3,6,DODGE,HUMAN,Driver Inexperience*,HUMAN,Passing or Lane Usage Improper,Not Applicable,2C4RDGCGXCR219216
2018,15247495,2 DOOR SEDAN,PASSENGER OR SUBURBAN,Making Left Turn,Not Entered,North,Gas,2006,NY,1,4,TOYOT,HUMAN,Failure to Yield Right-of-Way,HUMAN,Reaction to Other Uninvolved Vehicle,Not Applicable,JTKDE177760139989
2018,15247494,PICKUP TRUCK,PASSENGER OR SUBURBAN,Going Straight Ahead,Not Entered,East,Gas,2011,NY,1,8,CHEVR,HUMAN,Not Applicable,HUMAN,Not Applicable,Not Applicable,3GCPKSE33BG139643
2018,15247500,SUBURBAN,PASSENGER OR SUBURBAN,Going Straight Ahead,Not Entered,East,Gas,2002,NY,2,6,CHEVR,HUMAN,Unsafe Speed,ENVMT,Pavement Slippery,Not Applicable,1GNDX03E52D128810
2018,15247498,SUBURBAN,PASSENGER OR SUBURBAN,Going Straight Ahead,Not Entered,West,Gas,2005,NY,1,6,DODGE,HUMAN,Not Applicable,ENVMT,Animal's Action,Not Applicable,2D4GP44L25R278985
2018,15247499,SUBURBAN,PASSENGER OR SUBURBAN,Going Straight Ahead,Not Entered,South,Gas,2016,NY,1,4,NISSA,HUMAN,Alcohol Involvement,HUMAN,Driver Inattention/Distraction*,"Earth Embankment/Rock Cut/Ditch, Collision With Fixed Object",JN8AT2MV7GW132908
2018,15247501,SUBURBAN,PASSENGER OR SUBURBAN,Going Straight Ahead,Not Entered,South,Gas,2011,NY,1,6,NISSA,HUMAN,Not Applicable,ENVMT,Animal's Action,Not Applicable,JN8AZ1MW6BW186386
2018,15327645,DUMP,POLITICAL SUBDIVISION,Parked,Not Entered,West,Diesel,2004,NY,0,6,INTER,HUMAN,Not Entered,HUMAN,Not Entered,Not Applicable,1HTWEADR64J026664
2018,15327644,SUBURBAN,PASSENGER OR SUBURBAN,Going Straight Ahead,Not Entered,West,Diesel,2016,NY,2,6,ME/BE,HUMAN,Not Applicable,HUMAN,Reaction to Other Uninvolved Vehicle,Not Applicable,WD3FE7CD1GP335217
2018,15247504,PICKUP TRUCK,PASSENGER OR SUBURBAN,Going Straight Ahead,Not Entered,South,Gas,2014,NY,1,8,RAM,HUMAN,Not Applicable,ENVMT,Animal's Action,Not Applicable,1C6RR7FT0ES137904
2018,15247507,SUBURBAN,PASSENGER OR SUBURBAN,Going Straight Ahead,Not Entered,Southwest,Gas,2017,NY,1,6,HYUND,HUMAN,Not Applicable,ENVMT,Animal's Action,Not Applicable,KM8SMDHF3HU170561
2018,15247508,AMBULANCE,POLITICAL SUBDIVISION,Going Straight Ahead,Not Entered,West,Gas,2013,NY,1,10,HORTN,HUMAN,Not Applicable,HUMAN,Unsafe Speed,Not Applicable,1FDXE4FS7DDA84621
2018,15247513,PICKUP TRUCK,PASSENGER OR SUBURBAN,Slowing or Stopping,Not Entered,South,Gas,2014,NY,1,8,RAM,HUMAN,Not Applicable,HUMAN,Not Applicable,Not Applicable,1C6RR7FT5ES468252
2018,15247514,4 DOOR SEDAN,PASSENGER OR SUBURBAN,Going Straight Ahead,Not Entered,South,Gas,2008,NY,1,4,TOYOT,HUMAN,Driver Inattention/Distraction*,HUMAN,Following Too Closely,"Other Motor Vehicle, Collision With",4T1BE46K78U257599
2018,15247522,4 DOOR SEDAN,PASSENGER OR SUBURBAN,Going Straight Ahead,Not Entered,North,Gas,2013,NY,1,4,BMW,HUMAN,Not Applicable,ENVMT,Animal's Action,Not Applicable,WBA3B3C56DF535821
2018,15247527,SUBURBAN,PASSENGER OR SUBURBAN,Going Straight Ahead,Not Entered,South,Gas,2013,NY,2,4,KIA,HUMAN,Not Applicable,ENVMT,Animal's Action,Deer,KNDJT2A54D7521687
2018,15247532,4 DOOR SEDAN,PASSENGER OR SUBURBAN,Going Straight Ahead,Not Entered,East,Gas,2017,NY,1,4,NISSA,HUMAN,Not Applicable,HUMAN,Fell Asleep,Not Applicable,3N1CN7AP7HL887519
2018,15247538,SUBURBAN,PASSENGER OR SUBURBAN,Making Right Turn,Not Entered,Northwest,Gas,2015,NY,1,6,HONDA,HUMAN,Not Applicable,ENVMT,Pavement Slippery,Not Applicable,5FNYF4H97FB070021
2018,15247542,SUBURBAN,OMNIBUS - TAXI,Going Straight Ahead,Not Entered,Southwest,Gas,2013,NY,1,6,NISSA,HUMAN,Not Applicable,ENVMT,Pavement Slippery,Not Applicable,5N1AR2MM6DC636652
2018,15247548,SUBURBAN,PASSENGER OR SUBURBAN,Going Straight Ahead,Not Entered,South,Gas,2016,NY,1,6,CHRYS,HUMAN,Not Applicable,HUMAN,Not Applicable,Not Applicable,2C4RC1BG8GR141865
2018,15247547,SUBURBAN,PASSENGER OR SUBURBAN,Going Straight Ahead,Not Entered,East,Gas,2003,NY,1,6,JEEP,HUMAN,Alcohol Involvement,HUMAN,Traffic Control Device Disregarded,Not Applicable,1J8GL58K93W593845
2018,15247550,SUBURBAN,PASSENGER OR SUBURBAN,Stopped in Traffic,Not Entered,North,Gas,2007,NY,1,6,CHEVR,HUMAN,Not Applicable,HUMAN,Not Applicable,Not Applicable,1GNDT13S272298391
2018,15247549,4 DOOR SEDAN,PASSENGER OR SUBURBAN,Slowing or Stopping,Not Entered,North,Gas,2005,NY,1,6,HYUND,HUMAN,Not Applicable,VEHICLE,Brakes Defective,Not Applicable,KMHWF35H15A115793