Year,Case Vehicle ID,Vehicle Body Type,Registration Class,Action Prior to Accident,Type / Axles of Truck or Bus,Direction of Travel,Fuel Type,Vehicle Year,State of Registration,Number of Occupants,Engine Cylinders,Vehicle Make,Contributing Factor 1,Contributing Factor 1 Description,Contributing Factor 2,Contributing Factor 2 Description,Event Type,Partial VIN
2018,15247555,4 DOOR SEDAN,PASSENGER OR SUBURBAN,Going Straight Ahead,Not Entered,East,Gas,2003,NY,2,6,PONTI,HUMAN,Not Applicable,HUMAN,Not Applicable,Not Applicable,1G2WP52K43F138356
2018,15247554,PICKUP TRUCK,PASSENGER OR SUBURBAN,Going Straight Ahead,Not Entered,West,Gas,2006,NY,1,8,DODGE,HUMAN,Unsafe Speed,ENVMT,Pavement Slippery,Not Applicable,1D7HU18246S648379
2018,15247557,4 DOOR SEDAN,PASSENGER OR SUBURBAN,Going Straight Ahead,Not Entered,North,Gas,2009,NY,1,4,FORD,HUMAN,Unsafe Speed,ENVMT,Pavement Slippery,"Tree, Collision With Fixed Object",1FAHP35N09W244638
2018,15247569,SUBURBAN,PASSENGER OR SUBURBAN,Starting in Traffic,Not Entered,North,Gas,2013,NY,1,6,NISSA,HUMAN,Not Applicable,HUMAN,Following Too Closely,Not Applicable,5N1AR2MMXDC666690
2018,15247570,4 DOOR SEDAN,PASSENGER OR SUBURBAN,Stopped in Traffic,Not Entered,North,Gas,2004,NY,2,4,TOYOT,HUMAN,Not Applicable,HUMAN,Not Applicable,Not Applicable,JTDBR32E242021077
2018,15247577,4 DOOR SEDAN,PASSENGER OR SUBURBAN,Going Straight Ahead,Not Entered,South,Gas,2009,NY,1,4,NISSA,HUMAN,Unsafe Speed,ENVMT,Pavement Slippery,Not Applicable,1N4AL21E69N465406
2018,15247585,SUBURBAN,PASSENGER OR SUBURBAN,Going Straight Ahead,Not Entered,Northeast,Gas,2008,NY,1,6,BUICK,HUMAN,Not Applicable,ENVMT,Animal's Action,Not Applicable,5GAEV23708J142142
2018,15247636,PICKUP TRUCK,PASSENGER OR SUBURBAN,Making Left Turn,Not Entered,Southeast,Gas,2014,NY,1,6,NISSA,HUMAN,Not Applicable,HUMAN,Not Applicable,Not Applicable,1N6AD0EV6EN737403
2018,15247635,4 DOOR SEDAN,PASSENGER OR SUBURBAN,Starting in Traffic,Not Entered,North,Gas,2017,NY,1,4,SUBAR,HUMAN,Driver Inattention/Distraction*,HUMAN,Failure to Yield Right-of-Way,Not Applicable,4S3BNAF62H3013614
2018,15247630,SUBURBAN,PASSENGER OR SUBURBAN,Stopped in Traffic,Not Entered,Northwest,Gas,2015,NY,1,4,SUBAR,HUMAN,Not Applicable,HUMAN,Not Applicable,Not Applicable,JF2SJAGC3FH573966
2018,15247633,4 DOOR SEDAN,PASSENGER OR SUBURBAN,Going Straight Ahead,Not Entered,Northeast,Gas,2006,NY,1,4,FORD,HUMAN,Not Applicable,ENVMT,Pavement Slippery,Not Applicable,1FAFP34NX6W118257
2018,15247639,SUBURBAN,PASSENGER OR SUBURBAN,Going Straight Ahead,Not Entered,South,Gas,2013,NY,1,4,FORD,HUMAN,Driver Inexperience*,ENVMT,Pavement Slippery,Not Applicable,1FMCU0H99DUD25325
2018,15247649,PICKUP TRUCK,PASSENGER OR SUBURBAN,Going Straight Ahead,Not Entered,North,Gas,2007,NY,1,8,CHEVR,HUMAN,Not Applicable,ENVMT,Animal's Action,Not Applicable,2GCEK190971729427
2018,15247651,SUBURBAN,PASSENGER OR SUBURBAN,Going Straight Ahead,Not Entered,Southwest,Gas,2004,NY,1,6,CHEVR,HUMAN,Unsafe Speed,ENVMT,Pavement Slippery,"Tree, Collision With Fixed Object",1GNET16SX46239030
2018,15247650,SUBURBAN,PASSENGER OR SUBURBAN,Going Straight Ahead,Not Entered,East,Gas,2003,NY,1,6,CHEVR,HUMAN,Not Applicable,ENVMT,Animal's Action,Not Applicable,1GNET16S736228338
2018,15247654,4 DOOR SEDAN,PASSENGER OR SUBURBAN,Going Straight Ahead,Not Entered,South,Gas,2012,NY,1,4,HONDA,HUMAN,Not Applicable,HUMAN,Not Applicable,Not Applicable,2HGFB2F50CH326918
2018,15247653,4 DOOR SEDAN,PASSENGER OR SUBURBAN,Going Straight Ahead,Not Entered,West,Gas,2013,NY,1,4,NISSA,HUMAN,Not Applicable,HUMAN,Failure to Yield Right-of-Way,Not Applicable,1N4AL3AP8DC103427
2018,15247659,4 DOOR SEDAN,PASSENGER OR SUBURBAN,Going Straight Ahead,Not Entered,East,Gas,2011,NY,1,4,HYUND,HUMAN,Not Applicable,HUMAN,Passing Too Closely,Not Applicable,5NPEB4AC9BH187471
2018,15247660,SUBURBAN,PASSENGER OR SUBURBAN,Stopped in Traffic,Not Entered,East,Gas,2017,NY,1,4,SUBAR,HUMAN,Not Applicable,VEHICLE,Other*,Not Applicable,4S3GTAK6XH3714483
2018,15247662,PICKUP TRUCK,PASSENGER OR SUBURBAN,Slowing or Stopping,Not Entered,South,Gas,2011,NY,1,4,TOYOT,HUMAN,Not Applicable,HUMAN,Not Applicable,Not Applicable,5TFUX4EN7BX004503
2018,15247661,4 DOOR SEDAN,PASSENGER OR SUBURBAN,Going Straight Ahead,Not Entered,South,Gas,2006,NY,1,4,NISSA,HUMAN,Following Too Closely,ENVMT,Pavement Slippery,Not Applicable,3N1CB51D26L581280
2018,15247665,4 DOOR SEDAN,PASSENGER OR SUBURBAN,Going Straight Ahead,Not Entered,Southeast,Gas,2014,NY,1,4,HONDA,HUMAN,Not Applicable,HUMAN,Not Applicable,Not Applicable,1HGCR2F76EA178839
2018,15247664,SUBURBAN,PASSENGER OR SUBURBAN,Going Straight Ahead,Not Entered,Southeast,Gas,2015,NY,1,4,SUBAR,HUMAN,Not Applicable,HUMAN,Following Too Closely,"Other Motor Vehicle, Collision With",JF1GPAC64FH313004
2018,15247663,4 DOOR SEDAN,PASSENGER OR SUBURBAN,Going Straight Ahead,Not Entered,Southeast,Gas,2015,NY,1,4,HONDA,HUMAN,Following Too Closely,ENVMT,Glare,Not Applicable,19XFB4F27FE200524
2018,15247668,4 DOOR SEDAN,PASSENGER OR SUBURBAN,Going Straight Ahead,Not Entered,North,Gas,2008,NY,1,4,MAZDA,HUMAN,Not Applicable,HUMAN,Reaction to Other Uninvolved Vehicle,Not Applicable,JM1BK32G181829132
2018,15247670,BUS (OMNIBUS),POLITICAL SUBDIVISION,Going Straight Ahead,Not Entered,East,Diesel,2009,NY,16,6,THOMA,HUMAN,Not Applicable,HUMAN,Not Applicable,Not Applicable,4UZABRDT19CAJ8394
2018,15247669,SUBURBAN,PASSENGER OR SUBURBAN,Backing,Not Entered,North,Gas,2017,NY,1,4,KIA,HUMAN,Backing Unsafely,HUMAN,Failure to Yield Right-of-Way,Not Applicable,KNDPMCACXH7246120
2018,15247672,SUBURBAN,PASSENGER OR SUBURBAN,Going Straight Ahead,Not Entered,East,Gas,2002,NY,1,4,SUBAR,HUMAN,Not Applicable,HUMAN,Not Applicable,Not Applicable,JF1SF63502G703566
2018,15247671,4 DOOR SEDAN,PASSENGER OR SUBURBAN,Making Right Turn,Not Entered,East,Gas,2010,NY,2,4,TOYOT,HUMAN,Not Applicable,HUMAN,Driver Inattention/Distraction*,Not Applicable,JTDKN3DU2A0108436
2018,15247679,4 DOOR SEDAN,PASSENGER OR SUBURBAN,Stopped in Traffic,Not Entered,East,Gas,2013,NY,1,4,HONDA,HUMAN,Not Applicable,HUMAN,Not Applicable,Not Applicable,1HGCR2F84DA063910
2018,15247678,SUBURBAN,PASSENGER OR SUBURBAN,Slowing or Stopping,Not Entered,East,Gas,2017,NY,1,4,CHEVR,HUMAN,Not Applicable,HUMAN,Not Applicable,Not Applicable,2GNALCEK4H6270902
2018,15247677,4 DOOR SEDAN,PASSENGER OR SUBURBAN,Going Straight Ahead,Not Entered,East,Gas,2010,NY,1,6,CADIL,HUMAN,Not Applicable,HUMAN,Following Too Closely,Not Applicable,1G6DP5EV5A0142184
2018,15247676,2 DOOR SEDAN,PASSENGER OR SUBURBAN,Slowing or Stopping,Not Entered,South,Gas,2006,NY,2,4,HONDA,HUMAN,Not Applicable,HUMAN,Not Applicable,Not Applicable,2HGFG126X6H537686
2018,15247675,4 DOOR SEDAN,PASSENGER OR SUBURBAN,Slowing or Stopping,Not Entered,South,Gas,2016,NY,1,4,NISSA,HUMAN,Not Applicable,HUMAN,Following Too Closely,Not Applicable,1N4AL3AP3GN313913
2018,15247690,4 DOOR SEDAN,PASSENGER OR SUBURBAN,Slowing or Stopping,Not Entered,West,Gas,2007,NY,1,4,KIA,HUMAN,Not Applicable,HUMAN,Not Applicable,Not Applicable,KNAGE123575146952
2018,15247689,SUBURBAN,OMNIBUS - LIVERY,Going Straight Ahead,Not Entered,West,Gas,2012,NY,1,8,GMC,HUMAN,Not Applicable,HUMAN,Following Too Closely,Not Applicable,1GKS2KE75CR197790
2018,15247695,BUS (OMNIBUS),OMNIBUS - REGULAR,Stopped in Traffic,Not Entered,South,Gas,2017,NY,3,10,FORD,HUMAN,Not Applicable,HUMAN,Not Applicable,Not Applicable,1FDFE4FS6HDC28452
2018,15247694,4 DOOR SEDAN,PASSENGER OR SUBURBAN,Slowing or Stopping,Not Entered,South,Gas,2017,NY,1,4,NISSA,HUMAN,Unsafe Speed,ENVMT,Pavement Slippery,Not Applicable,3N1AB7AP4HY291142
2018,15247696,4 DOOR SEDAN,PASSENGER OR SUBURBAN,Going Straight Ahead,Not Entered,Southeast,Gas,2004,NY,1,6,HYUND,HUMAN,Not Applicable,ENVMT,Animal's Action,Not Applicable,KMHWF35H54A938886
2018,15247698,PICKUP TRUCK,AGRICULTURAL TRUCK,Going Straight Ahead,Not Entered,East,Gas,2016,NY,1,8,CHEVR,HUMAN,Not Applicable,HUMAN,Not Applicable,"Other Fixed Object*, Collision With Fixed Object",1GC1KVEGXGF244764
2018,15247697,DUMP,AGRICULTURAL TRUCK,Making Left Turn,Not Entered,Southeast,Diesel,2011,NY,1,6,MACK,HUMAN,Passing or Lane Usage Improper,HUMAN,Turning Improperly,Not Applicable,1M2AV02C0BM007860
2018,15247700,SUBURBAN,PASSENGER OR SUBURBAN,Stopped in Traffic,Not Entered,East,Gas,2017,NY,1,4,SUBAR,HUMAN,Not Applicable,HUMAN,Not Applicable,Not Applicable,4S4BSACC2H3289208
2018,15247699,SUBURBAN,PASSENGER OR SUBURBAN,Going Straight Ahead,Not Entered,East,Gas,2011,NY,1,4,KIA,HUMAN,Not Applicable,HUMAN,Driver Inattention/Distraction*,Not Applicable,5XYKT3A18BG096451
2018,15247702,4 DOOR SEDAN,PASSENGER OR SUBURBAN,Going Straight Ahead,Not Entered,West,Gas,2015,NY,1,4,BUICK,HUMAN,Not Applicable,HUMAN,Not Applicable,Not Applicable,1G4PS5SK3F4134955
2018,15247701,SUBURBAN,PASSENGER OR SUBURBAN,Starting in Traffic,Not Entered,South,Gas,2017,NY,1,6,INFIN,HUMAN,Not Applicable,HUMAN,Failure to Yield Right-of-Way,Not Applicable,5N1DL0MM0HC546051
2018,15247706,4 DOOR SEDAN,PASSENGER OR SUBURBAN,Going Straight Ahead,Not Entered,East,Gas,2009,NY,1,6,TOYOT,HUMAN,Not Applicable,HUMAN,Not Applicable,Not Applicable,4T1BK46K59U081307
2018,15247705,PICKUP TRUCK,COMMERCIAL,Making Left Turn,Not Entered,South,Gas,2017,NY,1,8,CHEVR,HUMAN,Not Applicable,HUMAN,Failure to Yield Right-of-Way,Not Applicable,1GC2KVEG8HZ344690
2018,15247704,SUBURBAN,PASSENGER OR SUBURBAN,Stopped in Traffic,Not Entered,West,Gas,2014,NY,2,4,FORD,HUMAN,Not Applicable,HUMAN,Not Applicable,Not Applicable,1FMCU9G98EUC48745
2018,15247703,4 DOOR SEDAN,PASSENGER OR SUBURBAN,Slowing or Stopping,Not Entered,West,Gas,2015,NY,1,4,FORD,HUMAN,Not Applicable,HUMAN,Following Too Closely,Not Applicable,1FADP3K26FL267122
2018,15247708,4 DOOR SEDAN,PASSENGER OR SUBURBAN,Going Straight Ahead,Not Entered,South,Gas,2010,NY,1,4,TOYOT,HUMAN,Not Applicable,HUMAN,Not Applicable,Not Applicable,JTDKN3DU0A0013597
2018,15247707,SUBURBAN,PASSENGER OR SUBURBAN,Making Right Turn,Not Entered,South,Gas,2014,NY,2,4,SUBAR,HUMAN,Not Applicable,HUMAN,Failure to Yield Right-of-Way,Not Applicable,JF2SJAJC5EH510181
2018,15247711,CONVERTIBLE,PASSENGER OR SUBURBAN,Going Straight Ahead,Not Entered,Northwest,Gas,2003,NY,1,6,AUDI,HUMAN,Not Applicable,ENVMT,Pavement Slippery,Not Applicable,WAUAT48H73K016814
2018,15247715,SUBURBAN,PASSENGER OR SUBURBAN,Slowing or Stopping,Not Entered,East,Gas,2013,NY,1,6,BUICK,HUMAN,Not Applicable,HUMAN,Reaction to Other Uninvolved Vehicle,Not Applicable,5GAKVCKD5DJ118784
2018,15247714,4 DOOR SEDAN,PASSENGER OR SUBURBAN,Going Straight Ahead,Not Entered,East,Gas,2008,NY,1,4,HONDA,HUMAN,Following Too Closely,ENVMT,Pavement Slippery,Not Applicable,2HGFA16818H328577
2018,15247717,PICKUP TRUCK,COMMERCIAL,Parked,Not Entered,Southeast,Gas,2007,NY,0,8,CHEVR,HUMAN,Not Applicable,HUMAN,Not Applicable,Not Applicable,1GCHK29K17E600276
2018,15247716,4 DOOR SEDAN,SPECIAL PASSENGER,Going Straight Ahead,Not Entered,East,Gas,2012,NY,1,4,HONDA,HUMAN,Unsafe Speed,ENVMT,Pavement Slippery,"Other Motor Vehicle, Collision With",1HGCP2F68CA179789
2018,15247718,DUMP,POLITICAL SUBDIVISION,Going Straight Ahead,Not Entered,West,Diesel,2008,NY,2,6,INTER,HUMAN,Not Applicable,HUMAN,Not Applicable,Not Applicable,1HTWYAHT78J669379
2018,15247725,4 DOOR SEDAN,PASSENGER OR SUBURBAN,Making Left Turn,Not Entered,West,Gas,2000,NY,1,6,ACURA,HUMAN,Unknown,HUMAN,Driver Inattention/Distraction*,Not Applicable,19UUA5670YA033457
2018,15247724,SUBURBAN,PASSENGER OR SUBURBAN,Going Straight Ahead,Not Entered,East,Gas,2015,NY,1,4,TOYOT,HUMAN,Not Applicable,HUMAN,Not Applicable,Not Applicable,2T3DFREV0FW230652
2018,15247731,DUMP,COMMERCIAL,Stopped in Traffic,Not Entered,West,Diesel,2007,NY,1,6,AMERI,HUMAN,Not Applicable,HUMAN,Not Applicable,Not Applicable,5SXHANCY87RY66428
2018,15247730,SUBURBAN,PASSENGER OR SUBURBAN,Going Straight Ahead,Not Entered,West,Gas,2003,NY,1,4,SUBAR,HUMAN,Following Too Closely,ENVMT,Pavement Slippery,Not Applicable,JF1SG65643G756307
2018,15247732,4 DOOR SEDAN,PASSENGER OR SUBURBAN,Making Right Turn,Not Entered,West,Gas,2008,NY,1,6,BUICK,HUMAN,Not Applicable,HUMAN,Turning Improperly,Not Applicable,1G4HP57298U183577
2018,15247733,4 DOOR SEDAN,PASSENGER OR SUBURBAN,Slowing or Stopping,Not Entered,South,Gas,2004,NY,1,6,PONTI,HUMAN,Not Applicable,HUMAN,Not Applicable,Not Applicable,2G2WS542641301304
2018,15247735,SUBURBAN,PASSENGER OR SUBURBAN,Going Straight Ahead,Not Entered,East,Gas,2014,NY,2,6,LA/RO,HUMAN,Not Applicable,HUMAN,Not Applicable,Not Applicable,SALWR2WF4EA381630
2018,15247736,VAN TRUCK,COMMERCIAL,Making Right Turn,Not Entered,North,Gas,2005,NY,1,6,CHEVR,HUMAN,Not Applicable,HUMAN,Unknown,Not Applicable,1GCFG15X951246502
2018,15247737,SUBURBAN,PASSENGER OR SUBURBAN,Backing,Not Entered,West,Gas,2009,NY,1,6,FORD,HUMAN,Backing Unsafely,HUMAN,Driver Inattention/Distraction*,Not Applicable,1FMCU93GX9KA12006
2018,15247744,DELIVERY TRUCK,AGRICULTURAL TRUCK,Stopped in Traffic,Not Entered,West,Gas,2006,NY,1,8,FORD,HUMAN,Not Applicable,HUMAN,Not Applicable,Not Applicable,1FDWE35L56DA17230
2018,15247743,4 DOOR SEDAN,PASSENGER OR SUBURBAN,Making Left Turn,Not Entered,Southeast,Gas,2011,NY,1,6,CHEVR,HUMAN,Unknown,HUMAN,Unknown,"Other Motor Vehicle, Collision With",2G1WC5EM9B1235751
2018,15247742,4 DOOR SEDAN,PASSENGER OR SUBURBAN,Going Straight Ahead,Not Entered,North,Gas,2005,NY,1,6,HYUND,HUMAN,Unknown,HUMAN,Unknown,Not Applicable,KMHWF35H05A145903
2018,15247758,SUBURBAN,PASSENGER OR SUBURBAN,Making Right Turn,Not Entered,Northeast,Gas,2006,NY,4,4,DODGE,HUMAN,Not Applicable,HUMAN,Not Applicable,Not Entered,1D4GP25B46B532836
2018,15247757,4 DOOR SEDAN,PASSENGER OR SUBURBAN,Other,Not Entered,Northeast,Gas,2006,NY,1,6,MERCU,HUMAN,Driver Inattention/Distraction*,HUMAN,Failure to Yield Right-of-Way,"Other Motor Vehicle, Collision With",1MEFM40116G603035
2018,15247761,SUBURBAN,PASSENGER OR SUBURBAN,Going Straight Ahead,Not Entered,West,Gas,2010,NY,1,4,SUBAR,HUMAN,Not Applicable,ENVMT,Animal's Action,Not Applicable,JF2SH6CC0AH726245
2018,15247769,4 DOOR SEDAN,PASSENGER OR SUBURBAN,Starting in Traffic,Not Entered,East,Gas,2001,NY,1,4,HONDA,HUMAN,Driver Inattention/Distraction*,HUMAN,Following Too Closely,Not Entered,3HGCG665X1G712108
2018,15247768,SUBURBAN,POLITICAL SUBDIVISION,Stopped in Traffic,Not Entered,East,Diesel,2016,NY,1,8,STARC,HUMAN,Not Applicable,HUMAN,Not Applicable,Not Entered,1GB3G2BL9F1248220
2018,15247770,SUBURBAN,PASSENGER OR SUBURBAN,Going Straight Ahead,Not Entered,North,Gas,2007,NY,1,6,DODGE,HUMAN,Not Applicable,ENVMT,Animal's Action,Not Applicable,2D4GP44L37R111473
2018,15247777,SUBURBAN,PASSENGER OR SUBURBAN,Going Straight Ahead,Not Entered,East,Gas,2016,NY,1,6,FORD,HUMAN,Not Applicable,ENVMT,Animal's Action,Not Applicable,1FM5K8D80GGA63692
2018,15247786,PICKUP TRUCK,ORGANIZATIONAL,Going Straight Ahead,Not Entered,North,Gas,2017,NY,1,8,CHEVR,HUMAN,Not Applicable,ENVMT,Animal's Action,Not Applicable,1GCVKREC2HZ377699
2018,15247787,PICKUP TRUCK,PASSENGER OR SUBURBAN,Going Straight Ahead,Not Entered,West,Gas,2011,NY,1,4,FORD,HUMAN,Not Applicable,ENVMT,Animal's Action,Not Applicable,1FTKR1AD1BPA79131
2018,15247795,4 DOOR SEDAN,PASSENGER OR SUBURBAN,Slowing or Stopping,Not Entered,West,Gas,2006,NY,1,6,CHRYS,HUMAN,Not Applicable,ENVMT,Pavement Slippery,Not Applicable,2C3KA53G56H257921
2018,15247796,4 DOOR SEDAN,PASSENGER OR SUBURBAN,Stopped in Traffic,Not Entered,West,Gas,2009,NY,2,4,FORD,HUMAN,Not Applicable,HUMAN,Not Applicable,Not Applicable,1FAHP35N79W114050
2018,15247815,PICKUP TRUCK,PASSENGER OR SUBURBAN,Making Right Turn,Not Entered,North,Gas,2008,NY,2,6,CHEVR,HUMAN,Not Applicable,ENVMT,Lane Marking Improper/Inadequate,Not Applicable,1GCEC14X58Z225855
2018,15247814,SUBURBAN,PASSENGER OR SUBURBAN,Going Straight Ahead,Not Entered,North,Gas,2016,NY,1,6,JEEP,HUMAN,Not Applicable,ENVMT,Lane Marking Improper/Inadequate,Not Applicable,1C4RJFAG9GC304505
2018,15247819,4 DOOR SEDAN,PASSENGER OR SUBURBAN,Going Straight Ahead,Not Entered,South,Gas,2013,NY,1,4,HONDA,HUMAN,Not Applicable,HUMAN,Not Applicable,Not Applicable,19XFB2F93DE278104
2018,15247821,SUBURBAN,PASSENGER OR SUBURBAN,Stopped in Traffic,Not Entered,East,Gas,2017,NY,1,4,SUBAR,HUMAN,Not Applicable,HUMAN,Not Applicable,Not Applicable,JF2GPABC0HH243877
2018,15247820,4 DOOR SEDAN,PASSENGER OR SUBURBAN,Slowing or Stopping,Not Entered,East,Gas,2002,NY,1,6,TOYOT,HUMAN,Not Applicable,HUMAN,Following Too Closely,Not Applicable,4T1BF32KX2U024997
2018,15247830,SUBURBAN,PASSENGER OR SUBURBAN,Stopped in Traffic,Not Entered,Northeast,Gas,2015,NY,1,4,TOYOT,HUMAN,Not Applicable,HUMAN,Not Applicable,Not Applicable,2T3BFREV7FW349290
2018,15247829,UTILITY,COMMERCIAL,Making Right Turn,Not Entered,Northeast,Diesel,2017,NY,1,6,FREIG,HUMAN,Not Applicable,HUMAN,Driver Inattention/Distraction*,Not Applicable,1FVACXDT8HHJA7884
2018,15247832,SUBURBAN,PASSENGER OR SUBURBAN,Slowing or Stopping,Not Entered,East,Gas,2015,NY,1,4,SUBAR,HUMAN,Not Applicable,HUMAN,Not Applicable,Not Applicable,JF2SJADC1FH538086
2018,15247831,4 DOOR SEDAN,PASSENGER OR SUBURBAN,Going Straight Ahead,Not Entered,East,Gas,2004,NY,1,4,HONDA,HUMAN,Not Applicable,ENVMT,Pavement Slippery,Not Applicable,1HGES163X4L000861
2018,15247834,4 DOOR SEDAN,PASSENGER OR SUBURBAN,Going Straight Ahead,Not Entered,East,Gas,2005,NY,1,4,NISSA,HUMAN,Not Applicable,HUMAN,Not Applicable,Not Applicable,1N4AL11DX5C340206
2018,15247833,4 DOOR SEDAN,PASSENGER OR SUBURBAN,Backing,Not Entered,North,Gas,2014,NY,1,4,FORD,HUMAN,Not Applicable,HUMAN,Driver Inattention/Distraction*,Not Applicable,1FA6P0G72E5394612
2018,15247836,SUBURBAN,PASSENGER OR SUBURBAN,Making Right Turn,Not Entered,Northeast,Gas,2017,NY,1,6,FORD,HUMAN,Not Applicable,HUMAN,Not Applicable,Not Applicable,2FMPK4K8XHBB86350
2018,15247835,4 DOOR SEDAN,PASSENGER OR SUBURBAN,Making Right Turn,Not Entered,Northeast,Gas,2004,NY,1,6,HONDA,HUMAN,Not Applicable,HUMAN,Driver Inattention/Distraction*,Not Applicable,1HGCM665X4A054818
2018,15247838,SUBURBAN,PASSENGER OR SUBURBAN,Parked,Not Entered,West,Gas,2004,NY,0,6,MAZDA,HUMAN,Not Applicable,HUMAN,Not Applicable,Not Applicable,JM3LW28A840519993
2018,15247837,SUBURBAN,PASSENGER OR SUBURBAN,Going Straight Ahead,Not Entered,South,Gas,2008,NY,1,6,SATUR,HUMAN,Not Applicable,ENVMT,Pavement Slippery,Not Applicable,3GSDL43N38S648206
2018,15247844,PICKUP TRUCK,PASSENGER OR SUBURBAN,Going Straight Ahead,Not Entered,Northeast,Gas,2011,NY,1,8,CHEVR,HUMAN,Not Applicable,ENVMT,Animal's Action,Not Applicable,1GCPKSE39BF143391
2018,15247849,SUBURBAN,PASSENGER OR SUBURBAN,Going Straight Ahead,Not Entered,Northwest,Gas,2017,NY,1,4,JEEP,HUMAN,Not Applicable,ENVMT,Animal's Action,Not Applicable,1C4PJMCB9HW655900
2018,15247860,4 DOOR SEDAN,PASSENGER OR SUBURBAN,Parked,Not Entered,South,Gas,2011,NY,0,4,CHRYS,HUMAN,Not Applicable,HUMAN,Not Applicable,Not Applicable,1C3BC1FB9BN593110
2018,15247863,SUBURBAN,PASSENGER OR SUBURBAN,Going Straight Ahead,Not Entered,West,Gas,2016,NY,1,4,FORD,HUMAN,Not Applicable,HUMAN,Not Applicable,Not Applicable,1FMCU9JX7GUC03791
2018,15247862,SUBURBAN,PASSENGER OR SUBURBAN,Going Straight Ahead,Not Entered,East,Gas,2003,NY,1,6,CHEVR,HUMAN,Not Applicable,ENVMT,Pavement Slippery,Not Applicable,1GNDT13S632223798
2018,15247871,SUBURBAN,PASSENGER OR SUBURBAN,Stopped in Traffic,Not Entered,North,Gas,2009,NY,2,6,JEEP,HUMAN,Not Applicable,HUMAN,Not Applicable,Not Applicable,1J8GR48K39C514625
2018,15247870,SUBURBAN,PASSENGER OR SUBURBAN,Going Straight Ahead,Not Entered,North,Gas,2014,NY,1,4,HONDA,HUMAN,Not Applicable,HUMAN,Following Too Closely,Not Applicable,2HKRM4H38EH653316
2018,15247873,4 DOOR SEDAN,PASSENGER OR SUBURBAN,Stopped in Traffic,Not Entered,West,Gas,2009,NY,1,6,CHEVR,HUMAN,Not Applicable,HUMAN,Not Applicable,Not Applicable,2G1WT57N791203946
2018,15247872,2 DOOR SEDAN,PASSENGER OR SUBURBAN,Slowing or Stopping,Not Entered,West,Gas,2003,NY,1,6,HONDA,HUMAN,Not Applicable,HUMAN,Unsafe Speed,Not Applicable,1HGCM82653A031911
2018,15247874,SUBURBAN,PASSENGER OR SUBURBAN,Going Straight Ahead,Not Entered,South,Gas,2014,NY,1,6,NISSA,HUMAN,Not Applicable,ENVMT,Pavement Slippery,Not Applicable,5N1AR2MM4EC667772
2018,15247878,PICKUP TRUCK,PASSENGER OR SUBURBAN,Stopped in Traffic,Not Entered,South,Gas,2016,NY,2,8,RAM,HUMAN,Not Applicable,HUMAN,Not Applicable,Not Applicable,1C6RR7LTXGS146939
2018,15247877,SUBURBAN,PASSENGER OR SUBURBAN,Making Right Turn,Not Entered,Northwest,Gas,2006,NY,1,8,FORD,HUMAN,Not Applicable,ENVMT,Pavement Slippery,Not Applicable,1FBNE31L66DA42597
2018,15247881,4 DOOR SEDAN,PASSENGER OR SUBURBAN,Going Straight Ahead,Not Entered,South,Gas,2013,NY,1,4,FORD,HUMAN,Following Too Closely,HUMAN,Unsafe Speed,Not Applicable,1FADP3F29DL257630
2018,15247882,SUBURBAN,PASSENGER OR SUBURBAN,Slowing or Stopping,Not Entered,South,Gas,2015,NY,1,6,JEEP,HUMAN,Not Applicable,HUMAN,Not Applicable,Not Applicable,1C4RJFAG6FC226537
2018,15247891,PICKUP TRUCK,COMMERCIAL,Going Straight Ahead,Not Entered,East,Gas,2017,NY,1,6,FORD,HUMAN,Passing or Lane Usage Improper,HUMAN,Unsafe Speed,Not Applicable,1FTEW1EP8HFB82216
2018,15247894,VAN TRUCK,COMMERCIAL,Going Straight Ahead,Not Entered,West,Gas,2003,NY,3,8,FORD,HUMAN,Not Applicable,ENVMT,Pavement Slippery,"Tree, Collision With Fixed Object",1FTSS34L53HA48804
2018,15247896,4 DOOR SEDAN,PASSENGER OR SUBURBAN,Going Straight Ahead,Not Entered,North,Gas,2009,NY,1,6,BMW,HUMAN,Not Applicable,HUMAN,Not Applicable,Not Applicable,WBAPM73589E194793
2018,15247895,SUBURBAN,PASSENGER OR SUBURBAN,Going Straight Ahead,Not Entered,South,Gas,2004,NY,1,6,TOYOT,HUMAN,Not Applicable,HUMAN,Failure to Yield Right-of-Way,Not Applicable,5TDZA23C74S080034
2018,15247901,SUBURBAN,PASSENGER OR SUBURBAN,Going Straight Ahead,Not Entered,North,Gas,2015,NY,1,6,JEEP,HUMAN,Not Applicable,ENVMT,Pavement Slippery,"Other Motor Vehicle, Collision With",1C4RJFBG8FC725127
2018,15247899,SUBURBAN,PASSENGER OR SUBURBAN,Going Straight Ahead,Not Entered,North,Gas,2007,NY,1,6,NISSA,HUMAN,Following Too Closely,ENVMT,Pavement Slippery,"Other Motor Vehicle, Collision With",JN8AZ08WX7W611068
2018,15247903,TANK TRUCK,COMMERCIAL,Slowing or Stopping,Not Entered,North,Diesel,2017,NY,1,6,FREIG,HUMAN,Not Applicable,HUMAN,Not Applicable,Not Applicable,3ALHC5DV8HDJD0771