Year,Case Vehicle ID,Vehicle Body Type,Registration Class,Action Prior to Accident,Type / Axles of Truck or Bus,Direction of Travel,Fuel Type,Vehicle Year,State of Registration,Number of Occupants,Engine Cylinders,Vehicle Make,Contributing Factor 1,Contributing Factor 1 Description,Contributing Factor 2,Contributing Factor 2 Description,Event Type,Partial VIN
2018,15247902,SUBURBAN,OMNIBUS - TAXI,Going Straight Ahead,Not Entered,North,Gas,2015,NY,1,8,CHEVR,HUMAN,Not Applicable,HUMAN,Following Too Closely,Not Applicable,1GNSKKKC5FR641758
2018,15247904,4 DOOR SEDAN,PASSENGER OR SUBURBAN,Going Straight Ahead,Not Entered,East,Gas,2007,NY,1,4,HONDA,ENVMT,Pavement Slippery,ENVMT,View Obstructed/Limited,"Curbing, Collision With Fixed Object",JHMFA36247S008939
2018,15247914,SUBURBAN,PASSENGER OR SUBURBAN,Stopped in Traffic,Not Entered,North,Gas,2000,NY,1,6,JEEP,HUMAN,Not Applicable,HUMAN,Not Applicable,Not Applicable,1J4GW48S0YC382559
2018,15247913,SUBURBAN,PASSENGER OR SUBURBAN,Going Straight Ahead,Not Entered,North,Gas,2010,NY,1,8,LEXUS,HUMAN,Not Applicable,HUMAN,Driver Inattention/Distraction*,Not Applicable,JTJBM7FX4A5001972
2018,15247915,4 DOOR SEDAN,SPECIAL PASSENGER,Slowing or Stopping,Not Entered,East,Gas,2008,NY,2,6,ACURA,HUMAN,Following Too Closely,ENVMT,Pavement Slippery,Not Applicable,19UUA66268A025003
2018,15247916,4 DOOR SEDAN,PASSENGER OR SUBURBAN,Stopped in Traffic,Not Entered,East,Gas,2006,NY,1,6,CHRYS,HUMAN,Not Applicable,HUMAN,Not Applicable,Not Applicable,2C3LA53G46H206950
2018,15262901,SUBURBAN,PASSENGER OR SUBURBAN,Going Straight Ahead,Not Entered,West,Gas,2004,NY,1,4,SUBAR,HUMAN,Not Applicable,HUMAN,Not Applicable,"Other Motor Vehicle, Collision With",4S3BH675847626530
2018,15262900,SUBURBAN,PASSENGER OR SUBURBAN,Changing Lanes,Not Entered,West,Gas,2004,NY,1,6,PONTI,HUMAN,Unknown,HUMAN,Failure to Yield Right-of-Way,"Median - Not At End, Collision With Fixed Object",3G7DB03EX4S506919
2018,15262902,VAN TRUCK,COMMERCIAL,Going Straight Ahead,Not Entered,West,Gas,2004,NY,2,8,GMC,HUMAN,Not Applicable,HUMAN,Not Applicable,Not Applicable,1GDJG31UX41194678
2018,15247921,SUBURBAN,PASSENGER OR SUBURBAN,Going Straight Ahead,Not Entered,North,Gas,2014,NY,2,6,JEEP,HUMAN,Not Applicable,ENVMT,Pavement Slippery,Not Applicable,1C4RJFBG9EC549879
2018,15247924,SUBURBAN,OMNIBUS - TAXI,Going Straight Ahead,Not Entered,East,Gas,2016,NY,1,6,TOYOT,HUMAN,Reaction to Other Uninvolved Vehicle,ENVMT,Pavement Slippery,Not Applicable,5TDJKRFH2GS347093
2018,15247928,SUBURBAN,PASSENGER OR SUBURBAN,Going Straight Ahead,Not Entered,West,Gas,2007,NY,1,6,HONDA,HUMAN,Not Applicable,HUMAN,Not Applicable,Not Applicable,2HKYF18787H502826
2018,15247927,4 DOOR SEDAN,PASSENGER OR SUBURBAN,Making Left Turn,Not Entered,Northeast,Gas,2015,NY,1,4,DODGE,HUMAN,Not Applicable,HUMAN,Failure to Yield Right-of-Way,Not Applicable,1C3CDFBB2FD373954
2018,15247925,PICKUP TRUCK,PASSENGER OR SUBURBAN,Backing,Not Entered,East,Gas,1997,NY,1,8,CHEVR,HUMAN,Not Applicable,HUMAN,Backing Unsafely,Not Applicable,1GCGK24R7VE110115
2018,15247932,PICKUP TRUCK,AGRICULTURAL TRUCK,Parked,Not Entered,West,Gas,2013,NY,0,4,TOYOT,HUMAN,Not Applicable,HUMAN,Not Applicable,Not Applicable,5TFPX4EN1DX016078
2018,15247931,BUS (OMNIBUS),POLITICAL SUBDIVISION,Making Left Turn,Not Entered,Northwest,Diesel,2011,NY,7,8,INTER,HUMAN,Not Applicable,ENVMT,Pavement Slippery,Not Applicable,1HVBTSKM0BH322549
2018,15247937,SUBURBAN,PASSENGER OR SUBURBAN,Going Straight Ahead,Not Entered,West,Gas,2003,NY,1,6,FORD,HUMAN,Driver Inattention/Distraction*,HUMAN,Cell Phone (hand held),Not Applicable,1FMDU73K43UB69491
2018,15247944,SUBURBAN,PASSENGER OR SUBURBAN,Going Straight Ahead,Not Entered,West,Gas,2014,NY,1,4,MAZDA,HUMAN,Not Applicable,HUMAN,Following Too Closely,Not Applicable,JM3KE4CY7E0345155
2018,15247943,4 DOOR SEDAN,PASSENGER OR SUBURBAN,Making Right Turn,Not Entered,Northwest,Gas,2000,NY,1,6,NISSA,HUMAN,Not Applicable,HUMAN,Failure to Yield Right-of-Way,Not Applicable,JN1CA31D1YT765826
2018,15247952,DUMP,COMMERCIAL,Going Straight Ahead,Not Entered,North,Gas,2017,NY,1,8,FORD,HUMAN,Traffic Control Device Disregarded,HUMAN,Unsafe Speed,Not Applicable,1FD8X3H65HEC11472
2018,15247951,4 DOOR SEDAN,PASSENGER OR SUBURBAN,Going Straight Ahead,Not Entered,West,Gas,2016,NY,1,4,ME/BE,HUMAN,Not Applicable,HUMAN,Not Applicable,Not Applicable,55SWF4KB8GU116233
2018,15247958,4 DOOR SEDAN,PASSENGER OR SUBURBAN,Starting in Traffic,Not Entered,South,Electric,2015,NY,1,0,TESLA,HUMAN,Driver Inattention/Distraction*,ENVMT,Glare,Not Applicable,5YJSA1H2XFFP77930
2018,15247957,SUBURBAN,PASSENGER OR SUBURBAN,Stopped in Traffic,Not Entered,South,Gas,2015,NY,1,6,BMW,HUMAN,Not Applicable,HUMAN,Not Applicable,Not Applicable,5UXKR0C5XF0K70897
2018,15247962,4 DOOR SEDAN,PASSENGER OR SUBURBAN,Going Straight Ahead,Not Entered,West,Gas,2008,NY,1,4,HYUND,HUMAN,Not Applicable,HUMAN,Unsafe Speed,Not Entered,KMHDU46D38U405566
2018,15247964,4 DOOR SEDAN,PASSENGER OR SUBURBAN,Parked,Not Entered,West,Gas,2017,NY,0,6,INFIN,HUMAN,Not Applicable,HUMAN,Not Applicable,Not Applicable,JN1FV7AR9HM870340
2018,15247966,4 DOOR SEDAN,PASSENGER OR SUBURBAN,Going Straight Ahead,Not Entered,South,Gas,2005,NY,1,4,HONDA,HUMAN,Following Too Closely,ENVMT,Glare,Not Applicable,2HGES16585H526860
2018,15247967,SUBURBAN,PASSENGER OR SUBURBAN,Stopped in Traffic,Not Entered,South,Gas,2018,NY,1,4,VOLVO,HUMAN,Not Applicable,HUMAN,Not Applicable,Not Applicable,YV4A22PL3J1211129
2018,15247968,SUBURBAN,PASSENGER OR SUBURBAN,Going Straight Ahead,Not Entered,West,Gas,2016,NY,1,4,ME/BE,HUMAN,Not Applicable,HUMAN,Not Applicable,Not Applicable,WDC0G4KB0GF106483
2018,15247969,SUBURBAN,PASSENGER OR SUBURBAN,Backing,Not Entered,South,Gas,2008,NY,1,4,TOYOT,HUMAN,Not Applicable,HUMAN,Backing Unsafely,Not Applicable,JTMZD33VX85079339
2018,15247973,SUBURBAN,PASSENGER OR SUBURBAN,Going Straight Ahead,Not Entered,Southeast,Gas,2014,NY,1,4,LA/RO,HUMAN,Not Applicable,HUMAN,Unsafe Speed,Not Applicable,SALVP2BG7EH949232
2018,15247972,PICKUP TRUCK,AGRICULTURAL TRUCK,Other,Not Entered,East,Gas,2010,NY,1,8,FORD,HUMAN,Not Applicable,HUMAN,Not Applicable,Not Applicable,1FTNF2B5XAEA40230
2018,15247974,DUMP,AGRICULTURAL TRUCK,Parked,Not Entered,East,Diesel,2004,NY,0,8,FORD,HUMAN,Not Applicable,HUMAN,Following Too Closely,Not Applicable,3FRMX65L04V684454
2018,15247975,4 DOOR SEDAN,PASSENGER OR SUBURBAN,Going Straight Ahead,Not Entered,East,Gas,2006,NY,1,5,VOLKS,HUMAN,Not Applicable,HUMAN,Following Too Closely,Not Applicable,3VWSF71K96M710789
2018,15247980,CONVERTIBLE,PASSENGER OR SUBURBAN,Merging,Not Entered,Southwest,Gas,2008,NY,1,4,VOLKS,HUMAN,Not Applicable,HUMAN,Following Too Closely,Not Applicable,WVWBA71F18V012805
2018,15247978,4 DOOR SEDAN,PASSENGER OR SUBURBAN,Merging,Not Entered,Southwest,Gas,2013,NY,1,4,HONDA,HUMAN,Not Applicable,HUMAN,Not Applicable,Not Applicable,1HGCR2F39DA204717
2018,15247979,SUBURBAN,PASSENGER OR SUBURBAN,Merging,Not Entered,Southwest,Gas,2007,NY,1,6,DODGE,HUMAN,Not Applicable,HUMAN,Following Too Closely,"Other Motor Vehicle, Collision With",2D4GP44L37R339716
2018,15247986,4 DOOR SEDAN,SPORTS,Going Straight Ahead,Not Entered,West,Gas,2015,NY,1,4,VOLKS,HUMAN,Not Applicable,HUMAN,Not Applicable,Not Applicable,1VWAT7A37FC098994
2018,15247985,SUBURBAN,PASSENGER OR SUBURBAN,Changing Lanes,Not Entered,West,Gas,2015,NY,1,6,JEEP,HUMAN,Not Applicable,HUMAN,Unsafe Lane Changing,Not Applicable,1C4PJMCS5FW615052
2018,15247987,4 DOOR SEDAN,PASSENGER OR SUBURBAN,Going Straight Ahead,Not Entered,North,Gas,2005,NY,3,4,NISSA,HUMAN,Failure to Yield Right-of-Way,HUMAN,Turning Improperly,Not Applicable,1N4AL11D85C259494
2018,15247988,2 DOOR SEDAN,PASSENGER OR SUBURBAN,Going Straight Ahead,Not Entered,South,Gas,2001,NY,2,4,MITSU,HUMAN,Not Applicable,HUMAN,Not Applicable,Not Applicable,4A3AC44GX1E191826
2018,15247990,PICKUP TRUCK,PASSENGER OR SUBURBAN,Going Straight Ahead,Not Entered,North,Gas,2017,NY,3,8,CHEVR,HUMAN,Unsafe Speed,ENVMT,Pavement Slippery,Not Applicable,1GCVKREC5HZ362288
2018,15247989,SUBURBAN,PASSENGER OR SUBURBAN,Going Straight Ahead,Not Entered,East,Gas,2015,NY,1,6,JEEP,HUMAN,Not Applicable,HUMAN,Not Applicable,Not Applicable,1C4RJFBG3FC216255
2018,15247991,4 DOOR SEDAN,PASSENGER OR SUBURBAN,Going Straight Ahead,Not Entered,South,Gas,2010,NY,1,4,HONDA,HUMAN,Not Applicable,HUMAN,Unsafe Speed,Not Applicable,2HGFA1F53AH545320
2018,15247998,4 DOOR SEDAN,PASSENGER OR SUBURBAN,Slowing or Stopping,Not Entered,West,Gas,2016,NY,1,4,HYUND,HUMAN,Not Applicable,HUMAN,Following Too Closely,"Other Motor Vehicle, Collision With",5NPE24AF0GH279635
2018,15247997,SUBURBAN,PASSENGER OR SUBURBAN,Slowing or Stopping,Not Entered,West,Gas,2018,NY,1,6,HONDA,HUMAN,Not Applicable,HUMAN,Following Too Closely,"Other Motor Vehicle, Collision With",5FNRL6H95JB016685
2018,15247996,PICKUP TRUCK,PASSENGER OR SUBURBAN,Slowing or Stopping,Not Entered,West,Gas,2005,NY,1,5,CHEVR,HUMAN,Not Applicable,HUMAN,Not Applicable,Not Applicable,1GCDT196158176294
2018,15247999,4 DOOR SEDAN,PASSENGER OR SUBURBAN,Slowing or Stopping,Not Entered,West,Gas,2011,NY,1,4,TOYOT,HUMAN,Not Applicable,HUMAN,Following Too Closely,"Other Motor Vehicle, Collision With",JTDBU4EE0BJ102629
2018,15248002,SUBURBAN,PASSENGER OR SUBURBAN,Going Straight Ahead,Not Entered,East,Gas,2004,NY,1,6,FORD,HUMAN,Driver Inattention/Distraction*,ENVMT,Pavement Slippery,Not Applicable,2FMDA58284BB00462
2018,15248001,SUBURBAN,PASSENGER OR SUBURBAN,Making Left Turn,Not Entered,North,Gas,2015,NY,1,4,MITSU,HUMAN,Driver Inattention/Distraction*,ENVMT,Pavement Slippery,Not Applicable,4A4AR3AW9FE042167
2018,15248055,SUBURBAN,PASSENGER OR SUBURBAN,Going Straight Ahead,Not Entered,North,Gas,2017,NY,1,8,NISSA,HUMAN,Not Applicable,HUMAN,Driver Inattention/Distraction*,Not Applicable,JN8AY2NE3H9702161
2018,15248054,4 DOOR SEDAN,PASSENGER OR SUBURBAN,Slowing or Stopping,Not Entered,North,Gas,2007,NY,1,4,NISSA,HUMAN,Not Applicable,HUMAN,Not Applicable,Not Applicable,1N4AL21E17N453886
2018,15248053,PICKUP TRUCK,COMMERCIAL,Going Straight Ahead,Not Entered,North,Gas,2015,NY,1,8,FORD,ENVMT,Pavement Slippery,ENVMT,View Obstructed/Limited,Not Applicable,1FTBF2B66FEA06496
2018,15248057,SUBURBAN,PASSENGER OR SUBURBAN,Making Left Turn,Not Entered,East,Gas,2004,NY,1,8,DODGE,HUMAN,Not Applicable,HUMAN,Turning Improperly,Not Applicable,1D8HB48N54F126962
2018,15248056,SUBURBAN,PASSENGER OR SUBURBAN,Parked,Not Entered,West,Gas,2005,NY,0,4,SUBAR,HUMAN,Not Applicable,HUMAN,Not Applicable,Not Applicable,4S4BP61CX57346387
2018,15248059,4 DOOR SEDAN,PASSENGER OR SUBURBAN,Going Straight Ahead,Not Entered,East,Gas,2016,NY,1,4,VOLKS,HUMAN,Driver Inattention/Distraction*,HUMAN,Traffic Control Device Disregarded,Not Applicable,3VW267AJ6GM279725
2018,15248058,4 DOOR SEDAN,PASSENGER OR SUBURBAN,Going Straight Ahead,Not Entered,South,Gas,2007,NY,1,6,CHEVR,HUMAN,Not Applicable,HUMAN,Not Applicable,Not Applicable,2G1WT58K679205397
2018,15248061,SUBURBAN,PASSENGER OR SUBURBAN,Going Straight Ahead,Not Entered,West,Gas,2008,NY,1,4,NISSA,HUMAN,Not Applicable,HUMAN,Driver Inattention/Distraction*,Not Applicable,JN8AS58V18W104196
2018,15248066,SUBURBAN,PASSENGER OR SUBURBAN,Going Straight Ahead,Not Entered,North,Gas,2013,NY,1,4,FORD,HUMAN,Not Applicable,HUMAN,Driver Inattention/Distraction*,Not Applicable,1FMCU9J98DUB49365
2018,15248065,4 DOOR SEDAN,PASSENGER OR SUBURBAN,Going Straight Ahead,Not Entered,East,Gas,2004,NY,1,6,BMW,HUMAN,Not Applicable,HUMAN,Not Applicable,Not Applicable,WBAEU33494PR12730
2018,15248093,BUS (OMNIBUS),OMNIBUS - REGULAR,Going Straight Ahead,Not Entered,South,Diesel,2014,NY,12,6,IC,HUMAN,Not Applicable,HUMAN,Driver Inattention/Distraction*,Not Entered,4DRBUAAN2EB793550
2018,15248092,4 DOOR SEDAN,PASSENGER OR SUBURBAN,Going Straight Ahead,Not Entered,West,Gas,2013,NY,1,4,HYUND,HUMAN,Not Applicable,HUMAN,Not Applicable,"Tree, Collision With Fixed Object",5NPDH4AEXDH264623
2018,15248095,4 DOOR SEDAN,PASSENGER OR SUBURBAN,Making Left Turn,Not Entered,South,Gas,2013,NY,3,6,NISSA,HUMAN,Failure to Yield Right-of-Way,HUMAN,Traffic Control Device Disregarded,Not Applicable,1N4AA5AP2DC823047
2018,15248094,SUBURBAN,PASSENGER OR SUBURBAN,Going Straight Ahead,Not Entered,East,Gas,2002,NY,1,8,CHEVR,HUMAN,Not Applicable,HUMAN,Not Applicable,Not Applicable,1GNEK13ZX2J253038
2018,15248100,SUBURBAN,PASSENGER OR SUBURBAN,Going Straight Ahead,Not Entered,West,Gas,2016,NY,1,4,BMW,HUMAN,Not Applicable,ENVMT,Pavement Slippery,Not Applicable,5UXWX9C54G0D63012
2018,15248101,4 DOOR SEDAN,PASSENGER OR SUBURBAN,Going Straight Ahead,Not Entered,West,Gas,2012,NY,1,6,NISSA,HUMAN,Unsafe Speed,ENVMT,Pavement Slippery,Not Applicable,1N4BL2AP5CC133451
2018,15248103,4 DOOR SEDAN,PASSENGER OR SUBURBAN,Going Straight Ahead,Not Entered,East,Gas,2008,NY,1,4,NISSA,HUMAN,Driver Inattention/Distraction*,ENVMT,Pavement Slippery,Not Applicable,3N1BC11E18L461936
2018,15248102,SUBURBAN,PASSENGER OR SUBURBAN,Other,Not Entered,East,Gas,2011,NY,2,8,FORD,HUMAN,Not Applicable,VEHICLE,Other*,Not Applicable,1FBNE3BL8BDA94788
2018,15248104,SUBURBAN,PASSENGER OR SUBURBAN,Going Straight Ahead,Not Entered,West,Gas,2017,NY,1,6,ACURA,HUMAN,Not Applicable,HUMAN,Not Applicable,Not Applicable,5J8TB4H32HL038192
2018,15248105,SUBURBAN,PASSENGER OR SUBURBAN,Other,Not Entered,West,Gas,2000,NY,1,6,FORD,HUMAN,Driver Inexperience*,HUMAN,Failure to Yield Right-of-Way,Not Applicable,1FMZU72X2YZC35548
2018,15248106,4 DOOR SEDAN,PASSENGER OR SUBURBAN,Going Straight Ahead,Not Entered,East,Gas,2013,NY,1,4,HYUND,HUMAN,Not Applicable,HUMAN,Fell Asleep,Not Applicable,5NPEC4AC1DH640658
2018,15248110,PICKUP TRUCK,STATE,Other,Not Entered,East,Gas,2009,NY,1,6,FORD,HUMAN,Not Applicable,VEHICLE,Other*,Not Entered,1FTYR14E19PA16197
2018,15248107,SUBURBAN,PASSENGER OR SUBURBAN,Going Straight Ahead,Not Entered,West,Gas,2016,NY,1,6,JEEP,HUMAN,Unsafe Speed,ENVMT,Pavement Slippery,Not Applicable,1C4AJWAG4GL286797
2018,15248109,4 DOOR SEDAN,PASSENGER OR SUBURBAN,Going Straight Ahead,Not Entered,West,Gas,2004,NY,1,8,ME/BE,HUMAN,Not Applicable,ENVMT,Pavement Slippery,Not Applicable,WDBNG70J24A418156
2018,15248112,SUBURBAN,PASSENGER OR SUBURBAN,Going Straight Ahead,Not Entered,West,Gas,1996,NY,2,6,CHEVR,ENVMT,Pavement Slippery,ENVMT,View Obstructed/Limited,Not Applicable,1GNDT13W5T2224279
2018,15248118,4 DOOR SEDAN,SPECIAL PASSENGER,Going Straight Ahead,Not Entered,East,Gas,2012,NY,1,6,NISSA,HUMAN,Unsafe Speed,ENVMT,Pavement Slippery,Not Applicable,1N4AA5AP4CC837739
2018,15248117,PICKUP TRUCK,PASSENGER OR SUBURBAN,Going Straight Ahead,Not Entered,East,Gas,2015,NY,1,8,RAM,HUMAN,Not Applicable,HUMAN,Not Applicable,Not Applicable,1C6RR7FT4FS733258
2018,15248140,4 DOOR SEDAN,PASSENGER OR SUBURBAN,Overtaking/Passing,Not Entered,North,Gas,2007,NY,1,4,HYUND,HUMAN,Not Applicable,HUMAN,Passing Too Closely,Not Applicable,5NPET46C27H288204
2018,15248145,SUBURBAN,PASSENGER OR SUBURBAN,Making Left Turn,Not Entered,Northwest,Gas,2005,NY,1,6,JEEP,VEHICLE,Steering Failure,ENVMT,Pavement Slippery,Not Applicable,1J4FA44S85P368171
2018,15248144,SUBURBAN,PASSENGER OR SUBURBAN,Going Straight Ahead,Not Entered,Southwest,Gas,2013,NY,1,8,CHEVR,HUMAN,Not Applicable,HUMAN,Not Applicable,Not Applicable,1GNSKHE75DR266839
2018,15248170,4 DOOR SEDAN,PASSENGER OR SUBURBAN,Going Straight Ahead,Not Entered,West,Gas,2012,NY,1,4,NISSA,HUMAN,Not Applicable,HUMAN,Unknown,Not Applicable,3N1CN7AP3CL845325
2018,15248169,4 DOOR SEDAN,PASSENGER OR SUBURBAN,Making Left Turn,Not Entered,West,Gas,2016,NY,2,4,NISSA,HUMAN,Not Applicable,HUMAN,Unknown,Not Applicable,3N1AB7AP8GY214837
2018,15248192,4 DOOR SEDAN,PASSENGER OR SUBURBAN,Going Straight Ahead,Not Entered,South,Gas,2017,NY,1,4,HONDA,HUMAN,Not Applicable,HUMAN,Not Applicable,Not Applicable,1HGCR2F19HA283648
2018,15248211,SUBURBAN,PASSENGER OR SUBURBAN,Stopped in Traffic,Not Entered,North,Gas,2016,NY,1,6,CHEVR,HUMAN,Not Applicable,HUMAN,Driver Inattention/Distraction*,Not Applicable,2GNFLFE30G6158631
2018,15248212,SUBURBAN,PASSENGER OR SUBURBAN,Not Applicable,Not Entered,North,Gas,2001,NY,1,4,HONDA,HUMAN,Not Applicable,HUMAN,Not Applicable,Not Applicable,JHLRD18631C053594
2018,15248230,4 DOOR SEDAN,PASSENGER OR SUBURBAN,Making Left Turn,Not Entered,Southwest,Gas,2012,NY,2,6,CADIL,HUMAN,Not Applicable,HUMAN,Not Applicable,Not Applicable,1G6DE5E55C0154974
2018,15248229,SUBURBAN,PASSENGER OR SUBURBAN,Going Straight Ahead,Not Entered,West,Gas,2015,NY,1,4,CHEVR,HUMAN,Not Applicable,HUMAN,Driver Inattention/Distraction*,Not Applicable,2GNALCEK5F6305511
2018,15248242,SUBURBAN,PASSENGER OR SUBURBAN,Going Straight Ahead,Not Entered,West,Gas,2016,NY,1,4,SUBAR,HUMAN,Not Applicable,HUMAN,Not Applicable,Not Applicable,JF2SJADC6GH532303
2018,15248241,SUBURBAN,PASSENGER OR SUBURBAN,Parked,Not Entered,Unknown,Gas,2008,NY,0,6,CHEVR,HUMAN,Not Applicable,HUMAN,Not Applicable,"Other Motor Vehicle, Collision With",1GNDT13S682220598
2018,15248240,SUBURBAN,PASSENGER OR SUBURBAN,Making Right Turn,Not Entered,West,Gas,2016,NY,2,3,MINI,HUMAN,Unknown,HUMAN,Lost Consciousness,"Other Motor Vehicle, Collision With",WMWLN5C52G2E29366
2018,15248247,SUBURBAN,PASSENGER OR SUBURBAN,Going Straight Ahead,Not Entered,West,Gas,2008,NY,1,4,TOYOT,HUMAN,Drugs (Illegal),HUMAN,Following Too Closely,Not Applicable,JTLKE50E481038019
2018,15248246,SUBURBAN,PASSENGER OR SUBURBAN,Going Straight Ahead,Not Entered,West,Gas,2005,NY,1,6,KIA,HUMAN,Not Applicable,HUMAN,Not Applicable,Not Applicable,KNDJC733655369241
2018,15248250,4 DOOR SEDAN,PASSENGER OR SUBURBAN,Making Left Turn,Not Entered,East,Gas,2007,NY,2,4,FORD,HUMAN,Failure to Yield Right-of-Way,ENVMT,Pavement Slippery,Not Applicable,1FAHP34N17W363183
2018,15248249,PICKUP TRUCK,COMMERCIAL,Going Straight Ahead,Not Entered,North,Gas,2014,NY,1,8,CHEVR,HUMAN,Not Applicable,HUMAN,Unknown,"Light Support/Utility Pole, Collision With Fixed Object",1GC1KVCG5EF191858
2018,15248252,SUBURBAN,PASSENGER OR SUBURBAN,Stopped in Traffic,Not Entered,North,Gas,2007,NY,2,6,DODGE,HUMAN,Not Applicable,HUMAN,Not Applicable,Not Applicable,1D4GP24R27B257306
2018,15248254,SUBURBAN,PASSENGER OR SUBURBAN,Going Straight Ahead,Not Entered,East,Gas,2017,NY,1,4,NISSA,HUMAN,Not Applicable,HUMAN,Unknown,Not Applicable,JN8AT2MV6HW025401
2018,15248259,SUBURBAN,PASSENGER OR SUBURBAN,Slowing or Stopping,Not Entered,East,Gas,2012,NY,1,8,CHEVR,HUMAN,Not Applicable,HUMAN,Not Applicable,Not Applicable,1GNSKBE05CR172054
2018,15248257,PICKUP TRUCK,PASSENGER OR SUBURBAN,Stopped in Traffic,Not Entered,East,Gas,2005,NY,1,6,NISSA,HUMAN,Not Applicable,HUMAN,Not Applicable,Not Applicable,1N6AD07W95C443754
2018,15248256,4 DOOR SEDAN,PASSENGER OR SUBURBAN,Going Straight Ahead,Not Entered,East,Gas,2007,NY,1,4,MAZDA,HUMAN,Following Too Closely,ENVMT,Glare,Not Applicable,1YVHP80C575M45624
2018,15248258,2 DOOR SEDAN,PASSENGER OR SUBURBAN,Going Straight Ahead,Not Entered,East,Gas,2007,NY,1,4,HONDA,HUMAN,Following Too Closely,ENVMT,Glare,Not Applicable,2HGFG12857H506123
2018,15248261,SUBURBAN,PASSENGER OR SUBURBAN,Going Straight Ahead,Not Entered,East,Gas,2015,NY,1,4,SUBAR,HUMAN,Not Applicable,HUMAN,Not Applicable,Not Applicable,4S4BSANC6F3338775
2018,15248260,PICKUP TRUCK,PASSENGER OR SUBURBAN,Making Left Turn,Not Entered,South,Gas,1997,NY,1,4,FORD,HUMAN,Not Applicable,HUMAN,Failure to Yield Right-of-Way,Not Applicable,1FTCR10A4VTA85867
2018,15248263,SUBURBAN,PASSENGER OR SUBURBAN,Going Straight Ahead,Not Entered,West,Gas,2016,NY,2,4,JEEP,HUMAN,Not Applicable,HUMAN,Not Applicable,Not Applicable,1C4NJDEBXGD542455
2018,15248262,SUBURBAN,PASSENGER OR SUBURBAN,Making Left Turn,Not Entered,Northwest,Gas,2016,NY,2,4,MAZDA,HUMAN,Driver Inattention/Distraction*,HUMAN,Turning Improperly,Not Applicable,JM3KE4DY1G0889491
2018,15248269,SUBURBAN,PASSENGER OR SUBURBAN,Going Straight Ahead,Not Entered,East,Gas,2015,NY,1,6,GMC,HUMAN,Not Applicable,HUMAN,Not Applicable,Not Applicable,1GKKRPKD0FJ314908
2018,15248268,4 DOOR SEDAN,PASSENGER OR SUBURBAN,Going Straight Ahead,Not Entered,Southeast,Gas,2009,NY,1,4,HONDA,HUMAN,Unsafe Speed,ENVMT,Pavement Slippery,Not Applicable,2HGFA16599H326616
2018,15248273,SUBURBAN,PASSENGER OR SUBURBAN,Going Straight Ahead,Not Entered,East,Gas,2017,NY,1,4,SUBAR,HUMAN,Not Applicable,HUMAN,Not Applicable,Not Applicable,JF2SJAGC1HH539091
2018,15248272,4 DOOR SEDAN,PASSENGER OR SUBURBAN,Making Left Turn,Not Entered,West,Gas,2009,NY,1,4,PONTI,HUMAN,Not Applicable,HUMAN,Failure to Yield Right-of-Way,Not Applicable,1G2ZG57B394178650
2018,15248277,SUBURBAN,PASSENGER OR SUBURBAN,Going Straight Ahead,Not Entered,East,Gas,2017,NY,1,4,FORD,HUMAN,Not Applicable,HUMAN,Not Applicable,Not Applicable,1FMCU9J9XHUD06772
2018,15248276,4 DOOR SEDAN,PASSENGER OR SUBURBAN,Making Left Turn,Not Entered,Northwest,Gas,2002,NY,1,4,DODGE,HUMAN,Not Applicable,HUMAN,Turning Improperly,Not Applicable,1B3EL46X52N196078
2018,15248279,4 DOOR SEDAN,PASSENGER OR SUBURBAN,Stopped in Traffic,Not Entered,West,Gas,2007,NY,1,6,PONTI,HUMAN,Not Applicable,HUMAN,Not Applicable,Not Applicable,2G2WP552271133696
2018,15248288,4 DOOR SEDAN,PASSENGER OR SUBURBAN,Stopped in Traffic,Not Entered,South,Gas,2005,NY,1,6,HONDA,HUMAN,Not Applicable,HUMAN,Not Applicable,Not Applicable,1HGCM66565A038312
2018,15248287,SUBURBAN,SPECIAL PASSENGER,Slowing or Stopping,Not Entered,South,Gas,2013,NY,1,5,VOLKS,HUMAN,Unsafe Speed,ENVMT,View Obstructed/Limited,Not Applicable,3VWPP7AJ6DM693165
2018,15248283,SUBURBAN,PASSENGER OR SUBURBAN,Going Straight Ahead,Not Entered,North,Gas,2006,NY,3,6,CHEVR,HUMAN,Not Applicable,HUMAN,Not Applicable,Not Applicable,2CNDL63F666061229
2018,15248284,PICKUP TRUCK,COMMERCIAL,Stopped in Traffic,Not Entered,West,Gas,1988,NY,1,8,GMC,HUMAN,Not Applicable,HUMAN,Not Applicable,Not Applicable,1GTHR33N6JJ507711
2018,15248286,4 DOOR SEDAN,PASSENGER OR SUBURBAN,Going Straight Ahead,Not Entered,South,Gas,2015,NY,1,4,NISSA,HUMAN,Not Applicable,HUMAN,Not Applicable,Not Applicable,3N1AB7AP0FY275596
2018,15248285,4 DOOR SEDAN,PASSENGER OR SUBURBAN,Making Left Turn,Not Entered,North,Gas,2007,NY,1,6,FORD,HUMAN,Not Applicable,HUMAN,Failure to Yield Right-of-Way,Not Applicable,1FAFP24147G120959
2018,15248290,4 DOOR SEDAN,PASSENGER OR SUBURBAN,Going Straight Ahead,Not Entered,West,Gas,2014,NY,1,4,BUICK,HUMAN,Not Applicable,HUMAN,Not Applicable,Not Applicable,1G4PP5SK4E4189852