Year,Case Vehicle ID,Vehicle Body Type,Registration Class,Action Prior to Accident,Type / Axles of Truck or Bus,Direction of Travel,Fuel Type,Vehicle Year,State of Registration,Number of Occupants,Engine Cylinders,Vehicle Make,Contributing Factor 1,Contributing Factor 1 Description,Contributing Factor 2,Contributing Factor 2 Description,Event Type,Partial VIN
2018,15248289,4 DOOR SEDAN,PASSENGER OR SUBURBAN,Changing Lanes,Not Entered,West,Gas,2010,NY,1,4,FORD,HUMAN,Not Applicable,HUMAN,Unsafe Lane Changing,Not Applicable,1FAHP3FNXAW157932
2018,15248292,VAN TRUCK,POLITICAL SUBDIVISION,Going Straight Ahead,Not Entered,East,Gas,2012,NY,1,8,FORD,ENVMT,Animal's Action,ENVMT,Pavement Slippery,Not Applicable,1FTNE2EW9CDB08470
2018,15248295,4 DOOR SEDAN,PASSENGER OR SUBURBAN,Slowing or Stopping,Not Entered,East,Gas,2010,NY,1,4,MAZDA,HUMAN,Not Applicable,HUMAN,Not Applicable,Not Applicable,JM1BL1SG7A1227309
2018,15248294,4 DOOR SEDAN,PASSENGER OR SUBURBAN,Going Straight Ahead,Not Entered,East,Gas,2014,NY,1,4,TOYOT,HUMAN,Not Applicable,HUMAN,Unsafe Speed,Not Applicable,2T1BURHE7EC156888
2018,15248293,4 DOOR SEDAN,PASSENGER OR SUBURBAN,Going Straight Ahead,Not Entered,East,Gas,2005,NY,1,6,CHEVR,HUMAN,Reaction to Other Uninvolved Vehicle,ENVMT,Pavement Slippery,Not Applicable,2G1WH52K059224972
2018,15248296,4 DOOR SEDAN,PASSENGER OR SUBURBAN,Going Straight Ahead,Not Entered,North,Gas,2006,NY,3,6,AUDI,HUMAN,Reaction to Other Uninvolved Vehicle,ENVMT,Pavement Slippery,Not Applicable,WAUDH74F36N114150
2018,15248298,4 DOOR SEDAN,PASSENGER OR SUBURBAN,Going Straight Ahead,Not Entered,West,Gas,2004,NY,4,4,CHEVR,HUMAN,Not Applicable,HUMAN,Not Applicable,Not Applicable,1G1ZS52F94F135800
2018,15248297,4 DOOR SEDAN,PASSENGER OR SUBURBAN,Making Left Turn,Not Entered,Southeast,Gas,2009,NY,1,4,CHEVR,HUMAN,Not Applicable,HUMAN,Following Too Closely,Not Applicable,1G1ZH57B09F257652
2018,15248300,4 DOOR SEDAN,PASSENGER OR SUBURBAN,Going Straight Ahead,Not Entered,West,Gas,2012,NY,1,4,AUDI,HUMAN,Not Applicable,HUMAN,Not Applicable,Not Applicable,WAUBFAFLXCA064881
2018,15248301,4 DOOR SEDAN,PASSENGER OR SUBURBAN,Slowing or Stopping,Not Entered,West,Gas,2013,NY,1,4,NISSA,HUMAN,Not Applicable,HUMAN,Not Applicable,Not Applicable,1N4AL3AP9DN448714
2018,15248299,4 DOOR SEDAN,PASSENGER OR SUBURBAN,Going Straight Ahead,Not Entered,West,Gas,2012,NY,1,4,SUBAR,HUMAN,Following Too Closely,HUMAN,Unsafe Lane Changing,"Other Motor Vehicle, Collision With",JF1GJAC6XCH028241
2018,15248304,SUBURBAN,PASSENGER OR SUBURBAN,Stopped in Traffic,Not Entered,North,Gas,2014,NY,1,4,NISSA,HUMAN,Not Applicable,HUMAN,Not Applicable,Not Applicable,JN8AS5MV9EW721850
2018,15248303,SUBURBAN,PASSENGER OR SUBURBAN,Stopped in Traffic,Not Entered,North,Gas,2003,NY,1,6,TOYOT,HUMAN,Not Applicable,HUMAN,Not Applicable,"Other Motor Vehicle, Collision With",JTEHF21A630156712
2018,15248302,4 DOOR SEDAN,PASSENGER OR SUBURBAN,Going Straight Ahead,Not Entered,North,Gas,2017,NY,1,4,TOYOT,HUMAN,Not Applicable,HUMAN,Driver Inattention/Distraction*,Not Applicable,4T1BD1FK4HU202173
2018,15248307,SUBURBAN,PASSENGER OR SUBURBAN,Going Straight Ahead,Not Entered,Northwest,Gas,2010,NY,1,6,FORD,HUMAN,Not Applicable,HUMAN,Not Applicable,Not Applicable,1FMCU9DG0AKB08889
2018,15248306,4 DOOR SEDAN,PASSENGER OR SUBURBAN,Going Straight Ahead,Not Entered,Southeast,Gas,2010,NY,1,6,MERCU,HUMAN,Traffic Control Device Disregarded,HUMAN,Failure to Keep Right,Not Applicable,3MEHM0JG4AR648296
2018,15248308,PICKUP TRUCK,COMMERCIAL,Going Straight Ahead,Not Entered,East,Gas,2016,NY,2,6,FORD,HUMAN,Not Applicable,ENVMT,Animal's Action,Not Applicable,1FTEW1EG4GFB35652
2018,15248311,2 DOOR SEDAN,PASSENGER OR SUBURBAN,Making Left Turn,Not Entered,North,Gas,2015,NY,1,4,MINI,HUMAN,Not Applicable,HUMAN,Driver Inattention/Distraction*,Not Applicable,WMWXP7C5XF2A60567
2018,15248312,4 DOOR SEDAN,PASSENGER OR SUBURBAN,Making Right Turn,Not Entered,South,Gas,2013,NY,1,4,FORD,HUMAN,Not Applicable,HUMAN,Driver Inattention/Distraction*,Not Applicable,1FADP3J24DL182410
2018,15248314,PICKUP TRUCK,PASSENGER OR SUBURBAN,Going Straight Ahead,Not Entered,East,Gas,1997,NY,1,6,GMC,HUMAN,Driver Inattention/Distraction*,ENVMT,Pavement Slippery,Not Applicable,1GTCS19X8V8517116
2018,15248313,2 DOOR SEDAN,SPECIAL PASSENGER,Stopped in Traffic,Not Entered,East,Gas,2002,NY,1,6,ME/BE,HUMAN,Not Applicable,HUMAN,Not Applicable,Not Applicable,WDBLJ65G72T125645
2018,15248324,4 DOOR SEDAN,PASSENGER OR SUBURBAN,Going Straight Ahead,Not Entered,West,Gas,2012,NY,2,4,HONDA,HUMAN,Unknown,HUMAN,Driver Inattention/Distraction*,Not Applicable,2HGFB2F8XCH305522
2018,15248323,SUBURBAN,PASSENGER OR SUBURBAN,Stopped in Traffic,Not Entered,West,Gas,2007,NY,1,6,FORD,HUMAN,Not Applicable,HUMAN,Unknown,Not Applicable,1FMDK06177GA20786
2018,15248353,4 DOOR SEDAN,PASSENGER OR SUBURBAN,Going Straight Ahead,Not Entered,West,Gas,2008,NY,2,6,CHEVR,HUMAN,Alcohol Involvement,HUMAN,Driver Inattention/Distraction*,Not Entered,1G1ZK57758F264060
2018,15248354,SUBURBAN,PASSENGER OR SUBURBAN,Stopped in Traffic,Not Entered,West,Gas,2008,NY,1,6,DODGE,HUMAN,Not Applicable,HUMAN,Not Applicable,Not Entered,1D8HN44H08B150798
2018,15248373,VAN TRUCK,OMNIBUS - LIVERY,Backing,Not Entered,Northeast,Gas,2006,NY,3,8,FORD,HUMAN,Not Applicable,ENVMT,Pavement Slippery,Not Applicable,1FTSS34L86DB30425
2018,15248374,4 DOOR SEDAN,PASSENGER OR SUBURBAN,Parked,Not Entered,West,Gas,2005,NY,0,6,CHEVR,HUMAN,Not Applicable,HUMAN,Not Applicable,Not Applicable,1G1ZT62835F297914
2018,15248375,4 DOOR SEDAN,PASSENGER OR SUBURBAN,Slowing or Stopping,Not Entered,South,Gas,2011,NY,1,6,TOYOT,HUMAN,Driver Inattention/Distraction*,HUMAN,Following Too Closely,Not Applicable,4T1BK3EK2BU627403
2018,15248376,BUS (OMNIBUS),POLITICAL SUBDIVISION,Stopped in Traffic,Not Entered,South,Diesel,2005,NY,1,6,GILLI,HUMAN,Not Applicable,HUMAN,Not Applicable,Not Applicable,15GGD291651076360
2018,15248379,4 DOOR SEDAN,SPECIAL PASSENGER,Overtaking/Passing,Not Entered,East,Gas,2011,NY,1,4,CHEVR,HUMAN,Passing or Lane Usage Improper,HUMAN,Traffic Control Device Disregarded,Not Applicable,1G1ZC5E15BF268970
2018,15248380,VAN TRUCK,AMBULANCE,Making Left Turn,Not Entered,North,Diesel,2013,NY,2,8,CHEVR,HUMAN,Not Applicable,HUMAN,Not Applicable,Not Applicable,1GBZGUCL7D1162289
2018,15248383,4 DOOR SEDAN,PASSENGER OR SUBURBAN,Going Straight Ahead,Not Entered,West,Gas,2014,NY,2,6,CHRYS,HUMAN,Not Applicable,HUMAN,Not Applicable,"Other Motor Vehicle, Collision With",1C3CCBAG7EN178868
2018,15248381,4 DOOR SEDAN,PASSENGER OR SUBURBAN,Going Straight Ahead,Not Entered,West,Gas,2002,NY,1,6,FORD,HUMAN,Following Too Closely,HUMAN,Unsafe Speed,Not Applicable,1FAHP56S22A256468
2018,15248382,4 DOOR SEDAN,PASSENGER OR SUBURBAN,Making Left Turn,Not Entered,North,Gas,2007,NY,2,6,CHEVR,HUMAN,Not Applicable,HUMAN,Failure to Yield Right-of-Way,Not Applicable,2G1WB58K779361029
2018,15248393,SUBURBAN,PASSENGER OR SUBURBAN,Stopped in Traffic,Not Entered,North,Gas,2016,NY,1,4,TOYOT,HUMAN,Not Applicable,HUMAN,Not Applicable,Not Applicable,JTMRFREV0GJ062100
2018,15248394,4 DOOR SEDAN,PASSENGER OR SUBURBAN,Going Straight Ahead,Not Entered,West,Gas,2005,NY,1,4,CHEVR,HUMAN,Unsafe Speed,HUMAN,Failure to Keep Right,Not Applicable,1G1AL52FX57520241
2018,15248398,SUBURBAN,PASSENGER OR SUBURBAN,Going Straight Ahead,Not Entered,South,Gas,2017,NY,1,6,ACURA,HUMAN,Not Applicable,HUMAN,Not Applicable,Not Applicable,5J8TB4H38HL012048
2018,15248397,SUBURBAN,PASSENGER OR SUBURBAN,Going Straight Ahead,Not Entered,South,Gas,2004,NY,1,6,JEEP,HUMAN,Not Applicable,HUMAN,Following Too Closely,Not Applicable,1J4GL48K04W135057
2018,15248399,4 DOOR SEDAN,PASSENGER OR SUBURBAN,Going Straight Ahead,Not Entered,South,Gas,2016,NY,1,4,CHEVR,HUMAN,Unsafe Speed,ENVMT,Pavement Slippery,Not Applicable,1G1PE5SB9G7164921
2018,15248400,SUBURBAN,PASSENGER OR SUBURBAN,Going Straight Ahead,Not Entered,East,Gas,2015,NY,1,4,HONDA,HUMAN,Not Applicable,ENVMT,Animal's Action,Not Applicable,5J6RM4H9XFL078325
2018,15248401,SUBURBAN,SPECIAL PASSENGER,Going Straight Ahead,Not Entered,South,Gas,2007,NY,2,6,HYUND,HUMAN,Not Applicable,ENVMT,Animal's Action,Not Applicable,KM8NU73C37U005703
2018,15248403,SUBURBAN,PASSENGER OR SUBURBAN,Going Straight Ahead,Not Entered,West,Gas,2013,NY,1,6,HONDA,HUMAN,Unsafe Speed,ENVMT,Pavement Slippery,Not Applicable,5FNYF4H21DB053392
2018,15248405,SUBURBAN,PASSENGER OR SUBURBAN,Going Straight Ahead,Not Entered,West,Gas,2015,NY,1,4,NISSA,HUMAN,Not Applicable,HUMAN,Not Applicable,Not Applicable,JN8AS5MV0FW761218
2018,15248404,SUBURBAN,PASSENGER OR SUBURBAN,Going Straight Ahead,Not Entered,West,Gas,2009,NY,1,6,MAZDA,HUMAN,Unsafe Speed,ENVMT,Pavement Slippery,Not Applicable,JM3TB38V590166334
2018,15248412,4 DOOR SEDAN,PASSENGER OR SUBURBAN,Slowing or Stopping,Not Entered,East,Gas,2011,NY,1,4,HONDA,HUMAN,Not Applicable,HUMAN,Not Applicable,Not Applicable,1HGCP2F6XBA088764
2018,15248411,4 DOOR SEDAN,PASSENGER OR SUBURBAN,Going Straight Ahead,Not Entered,East,Gas,1998,NY,1,4,NISSA,HUMAN,Not Applicable,HUMAN,Following Too Closely,Not Applicable,1N4DL01DXWC198173
2018,15248413,2 DOOR SEDAN,PASSENGER OR SUBURBAN,Slowing or Stopping,Not Entered,North,Gas,1998,NY,1,4,HONDA,HUMAN,Following Too Closely,HUMAN,Unsafe Speed,Not Applicable,2HGEJ6340WH103672
2018,15248414,4 DOOR SEDAN,PASSENGER OR SUBURBAN,Slowing or Stopping,Not Entered,North,Gas,2016,NY,1,4,TOYOT,HUMAN,Not Applicable,HUMAN,Not Applicable,Not Applicable,JTDKARFU6G3015423
2018,15248418,SUBURBAN,PASSENGER OR SUBURBAN,Going Straight Ahead,Not Entered,East,Gas,2011,NY,1,4,KIA,HUMAN,Not Applicable,HUMAN,Not Applicable,Not Applicable,KNDPBCA26B7171338
2018,15248417,SUBURBAN,PASSENGER OR SUBURBAN,Changing Lanes,Not Entered,East,Gas,2008,NY,1,6,MERCU,HUMAN,Not Applicable,HUMAN,Unsafe Lane Changing,Not Applicable,4M2CU911X8KJ16202
2018,15248420,2 DOOR SEDAN,PASSENGER OR SUBURBAN,Slowing or Stopping,Not Entered,East,Gas,2003,NY,1,6,HONDA,HUMAN,Not Applicable,HUMAN,Following Too Closely,Not Applicable,1HGCM82633A033463
2018,15248421,SUBURBAN,PASSENGER OR SUBURBAN,Stopped in Traffic,Not Entered,East,Gas,2018,NY,1,4,ME/BE,HUMAN,Not Applicable,HUMAN,Not Applicable,Not Applicable,WDC0G4KB6JV022763
2018,15248422,4 DOOR SEDAN,PASSENGER OR SUBURBAN,Going Straight Ahead,Not Entered,West,Gas,2003,NY,1,4,SATUR,HUMAN,Following Too Closely,HUMAN,Unsafe Lane Changing,Not Applicable,1G8JU54F73Y546959
2018,15248424,4 DOOR SEDAN,PASSENGER OR SUBURBAN,Stopped in Traffic,Not Entered,North,Gas,2015,NY,1,4,NISSA,HUMAN,Not Applicable,HUMAN,Not Applicable,Not Applicable,1N4AL3AP8FC575551
2018,15248423,VAN TRUCK,COMMERCIAL,Backing,Not Entered,North,Gas,2005,NY,1,6,CHEVR,HUMAN,Not Applicable,HUMAN,Backing Unsafely,Not Applicable,1GCFG15XX51215548
2018,15248432,4 DOOR SEDAN,PASSENGER OR SUBURBAN,Slowing or Stopping,Not Entered,East,Gas,2010,NY,1,6,FORD,HUMAN,Following Too Closely,HUMAN,Unsafe Speed,"Other Motor Vehicle, Collision With",3FAHP0KC0AR211910
2018,15248431,4 DOOR SEDAN,PASSENGER OR SUBURBAN,Slowing or Stopping,Not Entered,East,Gas,2012,NY,1,5,VOLKS,HUMAN,Not Applicable,HUMAN,Not Applicable,Not Applicable,3VWDP7AJ8CM416180
2018,15248430,4 DOOR SEDAN,PASSENGER OR SUBURBAN,Slowing or Stopping,Not Entered,East,Gas,2017,NY,1,4,TOYOT,HUMAN,Following Too Closely,HUMAN,Unsafe Speed,"Other Motor Vehicle, Collision With",2T1BURHE2HC947530
2018,15248434,SUBURBAN,PASSENGER OR SUBURBAN,Going Straight Ahead,Not Entered,East,Gas,2012,NY,1,4,JEEP,HUMAN,Unsafe Speed,HUMAN,Reaction to Other Uninvolved Vehicle,Not Applicable,1C4NJRFB8CD604392
2018,15248435,VAN TRUCK,COMMERCIAL,Going Straight Ahead,Not Entered,South,Gas,2006,NY,2,8,FORD,HUMAN,Unsafe Speed,ENVMT,Pavement Slippery,Not Applicable,1FTRE14W06HA56897
2018,15248440,4 DOOR SEDAN,PASSENGER OR SUBURBAN,Going Straight Ahead,Not Entered,East,Gas,2002,NY,1,4,HONDA,HUMAN,Unsafe Speed,ENVMT,Pavement Slippery,Not Applicable,2HGES25722H556313
2018,15248445,4 DOOR SEDAN,PASSENGER OR SUBURBAN,Going Straight Ahead,Not Entered,North,Gas,2017,NY,1,4,HYUND,HUMAN,Not Applicable,HUMAN,Unsafe Speed,Not Applicable,5NPD84LF1HH097094
2018,15248454,4 DOOR SEDAN,PASSENGER OR SUBURBAN,Going Straight Ahead,Not Entered,North,Gas,2012,NY,1,6,CHEVR,HUMAN,Not Applicable,HUMAN,Passing or Lane Usage Improper,Not Applicable,2G1WF5E30C1320252
2018,15248455,4 DOOR SEDAN,PASSENGER OR SUBURBAN,Making Left Turn,Not Entered,North,Gas,2012,NY,1,4,FORD,HUMAN,Not Applicable,HUMAN,Not Applicable,Not Applicable,3FADP4EJ4CM110448
2018,15248456,PICKUP TRUCK,COMMERCIAL,Going Straight Ahead,Not Entered,East,Gas,2017,NY,1,8,FORD,HUMAN,Not Applicable,ENVMT,Animal's Action,Not Applicable,1FTEW1EF5HFB72444
2018,15248459,SUBURBAN,PASSENGER OR SUBURBAN,Going Straight Ahead,Not Entered,North,Gas,1998,NY,1,6,CHRYS,HUMAN,Not Applicable,ENVMT,Animal's Action,Not Applicable,1C4GP64L3WB636216
2018,15248458,4 DOOR SEDAN,PASSENGER OR SUBURBAN,Going Straight Ahead,Not Entered,North,Gas,2017,NY,1,3,FORD,HUMAN,Unsafe Speed,ENVMT,Pavement Slippery,"Tree, Collision With Fixed Object",1FADP3FE4HL240525
2018,15248461,DUMP,AGRICULTURAL TRUCK,Parked,Not Entered,South,Diesel,2002,NY,1,6,MACK,HUMAN,Not Applicable,HUMAN,Not Applicable,Not Applicable,1M2AC07C22M005624
2018,15248460,SUBURBAN,PASSENGER OR SUBURBAN,Going Straight Ahead,Not Entered,South,Gas,2016,NY,1,6,DODGE,HUMAN,Following Too Closely,ENVMT,Glare,Not Applicable,3C4PDDBGXGT159996
2018,15248462,4 DOOR SEDAN,PASSENGER OR SUBURBAN,Going Straight Ahead,Not Entered,South,Gas,2018,NY,1,4,MAZDA,HUMAN,Unsafe Speed,ENVMT,Pavement Slippery,Not Applicable,3MZBN1U72JM162943
2018,15248463,PICKUP TRUCK,PASSENGER OR SUBURBAN,Going Straight Ahead,Not Entered,East,Gas,2007,NY,1,8,DODGE,HUMAN,Not Applicable,ENVMT,Animal's Action,Not Applicable,1D7HW48N87S103891
2018,15248464,SUBURBAN,PASSENGER OR SUBURBAN,Going Straight Ahead,Not Entered,North,Gas,2016,NY,1,6,FORD,HUMAN,Not Applicable,ENVMT,Animal's Action,Not Applicable,2FMPK4J81GBB55603
2018,15248465,4 DOOR SEDAN,PASSENGER OR SUBURBAN,Going Straight Ahead,Not Entered,Northwest,Gas,2015,NY,1,4,DODGE,HUMAN,Not Applicable,ENVMT,Animal's Action,Not Applicable,1C3CDFBB4FD380422
2018,15248466,4 DOOR SEDAN,PASSENGER OR SUBURBAN,Going Straight Ahead,Not Entered,East,Gas,2005,NY,1,4,SATUR,HUMAN,Unsafe Speed,ENVMT,Pavement Slippery,Not Applicable,1G8AW14F45Z172312
2018,15248471,SUBURBAN,PASSENGER OR SUBURBAN,Going Straight Ahead,Not Entered,North,Gas,2014,NY,2,6,DODGE,HUMAN,Fell Asleep,HUMAN,Passing or Lane Usage Improper,"Other Object (Not Fixed)*, Collision With",2C4RDGEG4ER182034
2018,15248467,PICKUP TRUCK,PASSENGER OR SUBURBAN,Slowing or Stopping,Not Entered,North,Gas,2015,NY,1,8,RAM,HUMAN,Passing or Lane Usage Improper,HUMAN,Aggressive Driving/Road Rage,Not Applicable,1C6RR6LT0FS668956
2018,15248475,4 DOOR SEDAN,PASSENGER OR SUBURBAN,Stopped in Traffic,Not Entered,East,Gas,1998,NY,1,4,HONDA,HUMAN,Not Applicable,HUMAN,Not Applicable,Not Applicable,1HGCG5642WA116305
2018,15248474,PICKUP TRUCK,COMMERCIAL,Going Straight Ahead,Not Entered,West,Diesel,2016,NY,2,8,FORD,HUMAN,Driver Inattention/Distraction*,HUMAN,Failure to Keep Right,Not Applicable,1FT8W3BT7GEC28052
2018,15248477,4 DOOR SEDAN,PASSENGER OR SUBURBAN,Going Straight Ahead,Not Entered,North,Gas,2013,NY,1,4,SUBAR,HUMAN,Not Applicable,ENVMT,Animal's Action,Not Applicable,JF1GJAD64DH012844
2018,15248481,4 DOOR SEDAN,PASSENGER OR SUBURBAN,Going Straight Ahead,Not Entered,East,Gas,2014,NY,2,4,SUBAR,HUMAN,Unsafe Speed,ENVMT,Pavement Slippery,Not Applicable,JF1GV7F64EG002813
2018,15248484,SUBURBAN,PASSENGER OR SUBURBAN,Going Straight Ahead,Not Entered,East,Gas,2009,NY,2,6,HYUND,HUMAN,Not Applicable,HUMAN,Not Applicable,Not Applicable,5NMSG73D49H326456
2018,15248483,4 DOOR SEDAN,PASSENGER OR SUBURBAN,Going Straight Ahead,Not Entered,South,Gas,2017,NY,1,4,TOYOT,HUMAN,Unsafe Speed,ENVMT,Pavement Slippery,Not Applicable,3MYDLBYV4HY167775
2018,15248482,PICKUP TRUCK,PASSENGER OR SUBURBAN,Going Straight Ahead,Not Entered,South,Gas,2015,NY,1,6,FORD,HUMAN,Not Applicable,ENVMT,Animal's Action,Not Applicable,1FTEX1EP2FKD92912
2018,15248491,SUBURBAN,PASSENGER OR SUBURBAN,Slowing or Stopping,Not Entered,East,Gas,2006,NY,1,6,FORD,HUMAN,Not Applicable,HUMAN,Not Applicable,Not Applicable,1FMEU73E66UA01290
2018,15248490,4 DOOR SEDAN,PASSENGER OR SUBURBAN,Going Straight Ahead,Not Entered,East,Gas,2000,NY,2,4,NISSA,HUMAN,Following Too Closely,HUMAN,Unsafe Speed,Not Applicable,1N4DL01DXYC152877
2018,15248499,4 DOOR SEDAN,PASSENGER OR SUBURBAN,Going Straight Ahead,Not Entered,West,Gas,2013,NY,1,4,CHEVR,HUMAN,Unsafe Speed,ENVMT,Pavement Slippery,Not Applicable,1G11C5SA3DF320892
2018,15248503,REFRIGERATOR TRUCK,AGRICULTURAL TRUCK,Going Straight Ahead,Not Entered,West,Diesel,2018,NY,1,6,FREIG,HUMAN,Turning Improperly,HUMAN,Failure to Keep Right,"Overturned, Non-Collision",3ALACWFC7JDJK8233
2018,15248504,2 DOOR SEDAN,PASSENGER OR SUBURBAN,Going Straight Ahead,Not Entered,Southeast,Gas,2007,NY,1,4,PONTI,HUMAN,Not Applicable,HUMAN,Passing or Lane Usage Improper,"Building/Wall, Collision With Fixed Object",1G2AL15F977351154
2018,15248505,4 DOOR SEDAN,PASSENGER OR SUBURBAN,Going Straight Ahead,Not Entered,South,Gas,2013,NY,1,6,DODGE,HUMAN,Not Applicable,ENVMT,Animal's Action,Not Applicable,2C3CDXHG7DH571020
2018,15248508,4 DOOR SEDAN,PASSENGER OR SUBURBAN,Going Straight Ahead,Not Entered,East,Gas,2007,NY,1,4,HYUND,HUMAN,Not Applicable,ENVMT,Animal's Action,Not Applicable,KMHDU46D07U251199
2018,15248512,PICKUP TRUCK,PASSENGER OR SUBURBAN,Slowing or Stopping,Not Entered,East,Gas,2012,NY,1,8,CHEVR,HUMAN,Not Applicable,HUMAN,Not Applicable,Not Applicable,1GCRKSE73CZ140580
2018,15248511,4 DOOR SEDAN,PASSENGER OR SUBURBAN,Going Straight Ahead,Not Entered,East,Gas,2005,NY,1,6,TOYOT,HUMAN,Not Applicable,HUMAN,Following Too Closely,Not Applicable,4T1BA32K25U508925
2018,15248513,2 DOOR SEDAN,PASSENGER OR SUBURBAN,Going Straight Ahead,Not Entered,East,Gas,2006,NY,1,8,FORD,HUMAN,Not Applicable,HUMAN,Unsafe Speed,Not Applicable,1ZVFT82H965196662
2018,15248514,4 DOOR SEDAN,PASSENGER OR SUBURBAN,Going Straight Ahead,Not Entered,East,Gas,2004,NY,1,4,HONDA,HUMAN,Not Applicable,HUMAN,Unsafe Lane Changing,Not Applicable,2HGES16574H601952
2018,15248517,4 DOOR SEDAN,PASSENGER OR SUBURBAN,Merging,Not Entered,North,Gas,2009,NY,1,4,HONDA,HUMAN,Not Applicable,HUMAN,Unsafe Speed,Not Applicable,1HGFA16979L014039
2018,15248518,4 DOOR SEDAN,PASSENGER OR SUBURBAN,Changing Lanes,Not Entered,East,Gas,2006,NY,1,4,NISSA,HUMAN,Unsafe Speed,HUMAN,Unsafe Lane Changing,Not Applicable,3N1CB51D16L621316
2018,15248524,PICKUP TRUCK,AGRICULTURAL TRUCK,Stopped in Traffic,Not Entered,South,Gas,2011,NY,1,8,FORD,HUMAN,Not Applicable,HUMAN,Reaction to Other Uninvolved Vehicle,Not Applicable,1FTBF2A69BEB91381
2018,15248520,SUBURBAN,PASSENGER OR SUBURBAN,Slowing or Stopping,Not Entered,East,Gas,2014,NY,2,6,LEXUS,HUMAN,Not Applicable,HUMAN,Not Applicable,Not Applicable,JTJBK1BAXE2035247
2018,15248519,4 DOOR SEDAN,PASSENGER OR SUBURBAN,Slowing or Stopping,Not Entered,East,Gas,2007,NY,3,4,FORD,HUMAN,Not Applicable,HUMAN,Following Too Closely,Not Applicable,1FAFP34N37W134527
2018,15248530,PICKUP TRUCK,PASSENGER OR SUBURBAN,Slowing or Stopping,Not Entered,North,Gas,2016,NY,1,8,CHEVR,HUMAN,Not Applicable,HUMAN,Not Applicable,Not Applicable,1GCVKREC6GZ385707
2018,15248529,SUBURBAN,PASSENGER OR SUBURBAN,Going Straight Ahead,Not Entered,North,Gas,2011,NY,2,4,TOYOT,HUMAN,Following Too Closely,HUMAN,Unsafe Speed,Not Applicable,2T3DF4DV0BW158334
2018,15248531,4 DOOR SEDAN,PASSENGER OR SUBURBAN,Going Straight Ahead,Not Entered,South,Gas,2014,NY,1,4,NISSA,HUMAN,Not Applicable,HUMAN,Unsafe Speed,Not Applicable,1N4AL3AP0EC325588
2018,15248532,4 DOOR SEDAN,PASSENGER OR SUBURBAN,Going Straight Ahead,Not Entered,South,Gas,2008,NY,1,4,TOYOT,HUMAN,Not Applicable,HUMAN,Unsafe Speed,Not Applicable,4T1BE46K38U259429
2018,15248533,4 DOOR SEDAN,PASSENGER OR SUBURBAN,Stopped in Traffic,Not Entered,South,Gas,2006,NY,1,6,TOYOT,HUMAN,Not Applicable,HUMAN,Not Applicable,Not Applicable,4T1BK36B76U117942
2018,15248535,PICKUP TRUCK,COMMERCIAL,Making Left Turn,Not Entered,West,Gas,2014,NY,1,6,FORD,HUMAN,Failure to Yield Right-of-Way,HUMAN,Turning Improperly,Not Applicable,1FTMF1CM8EKE15860
2018,15248534,4 DOOR SEDAN,PASSENGER OR SUBURBAN,Going Straight Ahead,Not Entered,South,Gas,2013,NY,1,4,FORD,HUMAN,Not Applicable,HUMAN,Not Applicable,Not Applicable,1FADP5BUXDL552612
2018,15248538,PICKUP TRUCK,PASSENGER OR SUBURBAN,Going Straight Ahead,Not Entered,North,Gas,2003,NY,1,8,DODGE,HUMAN,Unsafe Speed,ENVMT,Pavement Slippery,Not Applicable,1D7HU18D83J595463
2018,15248543,4 DOOR SEDAN,PASSENGER OR SUBURBAN,Going Straight Ahead,Not Entered,North,Gas,2011,NY,1,4,CHEVR,HUMAN,Not Applicable,HUMAN,Not Applicable,Not Applicable,1G1PF5S95B7219240
2018,15248542,UTILITY,AGRICULTURAL TRUCK,Going Straight Ahead,Not Entered,North,Diesel,2004,NY,2,4,ISUZU,HUMAN,Not Applicable,HUMAN,Not Applicable,Not Applicable,JALC4B14847009572
2018,15248541,SUBURBAN,PASSENGER OR SUBURBAN,Going Straight Ahead,Not Entered,North,Gas,2010,NY,1,4,FORD,HUMAN,Not Applicable,HUMAN,Not Applicable,Not Applicable,1FMCU9D79AKC30585
2018,15248540,SUBURBAN,PASSENGER OR SUBURBAN,Making Left Turn,Not Entered,South,Gas,2017,NY,1,4,NISSA,HUMAN,Not Applicable,HUMAN,Not Applicable,Not Applicable,JN8AT2MV0HW256875
2018,15248539,SUBURBAN,PASSENGER OR SUBURBAN,Going Straight Ahead,Not Entered,South,Gas,2008,NY,1,6,FORD,HUMAN,Not Applicable,HUMAN,Following Too Closely,"Other Motor Vehicle, Collision With",2FMDK48C88BA87380
2018,15248548,4 DOOR SEDAN,PASSENGER OR SUBURBAN,Going Straight Ahead,Not Entered,East,Gas,2004,NY,1,4,NISSA,HUMAN,Unsafe Speed,ENVMT,Pavement Slippery,Not Applicable,3N1CB51D24L478020
2018,15248547,SUBURBAN,PASSENGER OR SUBURBAN,Going Straight Ahead,Not Entered,West,Gas,2005,NY,2,6,CHRYS,HUMAN,Not Applicable,HUMAN,Not Applicable,Not Entered,2C8GP54L25R130496
2018,15248546,4 DOOR SEDAN,PASSENGER OR SUBURBAN,Changing Lanes,Not Entered,West,Gas,2009,NY,1,4,TOYOT,HUMAN,Not Applicable,HUMAN,Unsafe Lane Changing,Not Entered,4T4BE46K99R087169
2018,15248551,SUBURBAN,PASSENGER OR SUBURBAN,Going Straight Ahead,Not Entered,South,Gas,2017,NY,1,4,SUBAR,HUMAN,Not Applicable,HUMAN,Not Applicable,"Snow Embankment, Collision With Fixed Object",4S4BSAKC1H3385784