Year,Case Vehicle ID,Vehicle Body Type,Registration Class,Action Prior to Accident,Type / Axles of Truck or Bus,Direction of Travel,Fuel Type,Vehicle Year,State of Registration,Number of Occupants,Engine Cylinders,Vehicle Make,Contributing Factor 1,Contributing Factor 1 Description,Contributing Factor 2,Contributing Factor 2 Description,Event Type,Partial VIN
2018,15248550,4 DOOR SEDAN,PASSENGER OR SUBURBAN,Starting in Traffic,Not Entered,East,Gas,2007,NY,1,4,FORD,HUMAN,Not Applicable,HUMAN,Failure to Yield Right-of-Way,Not Applicable,3FAHP06Z07R178527
2018,15248555,SUBURBAN,PASSENGER OR SUBURBAN,Going Straight Ahead,Not Entered,South,Gas,2015,NY,1,4,CHEVR,HUMAN,Not Applicable,ENVMT,Animal's Action,Not Entered,2GNFLFEK3F6115553
2018,15248558,4 DOOR SEDAN,PASSENGER OR SUBURBAN,Stopped in Traffic,Not Entered,South,Gas,2008,NY,1,4,NISSA,HUMAN,Not Applicable,HUMAN,Not Applicable,Not Applicable,1N4AL21E98C244148
2018,15248557,4 DOOR SEDAN,PASSENGER OR SUBURBAN,Slowing or Stopping,Not Entered,South,Gas,2013,NY,1,4,FORD,HUMAN,Not Applicable,HUMAN,Following Too Closely,"Other Motor Vehicle, Collision With",3FA6P0G79DR294759
2018,15248556,4 DOOR SEDAN,PASSENGER OR SUBURBAN,Slowing or Stopping,Not Entered,South,Gas,2002,NY,1,4,TOYOT,HUMAN,Following Too Closely,HUMAN,Unsafe Speed,Not Applicable,JTDBT123220225553
2018,15248562,4 DOOR SEDAN,PASSENGER OR SUBURBAN,Going Straight Ahead,Not Entered,North,Gas,2012,NY,1,5,VOLKS,HUMAN,Alcohol Involvement,HUMAN,Unsafe Speed,Not Applicable,1VWCP7A38CC024816
2018,15248566,SUBURBAN,PASSENGER OR SUBURBAN,Overtaking/Passing,Not Entered,West,Gas,2005,NY,2,6,KIA,HUMAN,Passing or Lane Usage Improper,HUMAN,Unsafe Speed,Not Applicable,KNDJE723657062992
2018,15248567,PICKUP TRUCK,PASSENGER OR SUBURBAN,Making Left Turn,Not Entered,Southwest,Gas,2014,NY,1,6,CHEVR,HUMAN,Not Applicable,HUMAN,Not Applicable,Not Applicable,3GCUKPEH5EG242966
2018,15248571,SUBURBAN,PASSENGER OR SUBURBAN,Going Straight Ahead,Not Entered,West,Gas,2004,NY,4,6,CHRYS,HUMAN,Not Applicable,ENVMT,Animal's Action,Not Applicable,1C4GP45R04B591594
2018,15248572,4 DOOR SEDAN,PASSENGER OR SUBURBAN,Going Straight Ahead,Not Entered,East,Gas,2017,NY,1,3,MITSU,HUMAN,Not Applicable,ENVMT,Animal's Action,Not Applicable,ML32F3FJ0HHF10926
2018,15248578,SUBURBAN,PASSENGER OR SUBURBAN,Going Straight Ahead,Not Entered,South,Gas,2006,NY,4,6,DODGE,HUMAN,Not Applicable,ENVMT,Animal's Action,Not Applicable,1D4GP45R06B505593
2018,15248579,SUBURBAN,PASSENGER OR SUBURBAN,Going Straight Ahead,Not Entered,North,Gas,1987,NY,1,8,MERCU,HUMAN,Not Applicable,ENVMT,Animal's Action,Not Applicable,2MEBM79F4HX615370
2018,15248580,SUBURBAN,PASSENGER OR SUBURBAN,Going Straight Ahead,Not Entered,East,Gas,2010,NY,1,6,DODGE,HUMAN,Not Applicable,ENVMT,Animal's Action,Not Applicable,2D4RN5D10AR318039
2018,15248583,SUBURBAN,PASSENGER OR SUBURBAN,Starting from Parking,Not Entered,South,Gas,2012,NY,1,4,HONDA,HUMAN,Not Applicable,HUMAN,Unsafe Speed,Not Applicable,2HKRM4H55CH621762
2018,15248582,SUBURBAN,PASSENGER OR SUBURBAN,Going Straight Ahead,Not Entered,East,Gas,2015,NY,1,4,CHEVR,HUMAN,Unsafe Speed,ENVMT,Pavement Slippery,"Guide Rail - Not At End, Collision With Fixed Object",2GNFLEEK2F6435795
2018,15248590,4 DOOR SEDAN,PASSENGER OR SUBURBAN,Going Straight Ahead,Not Entered,West,Gas,2013,NY,1,4,FORD,HUMAN,Not Applicable,ENVMT,Animal's Action,Not Applicable,3FA6P0D98DR211263
2018,15248598,PICKUP TRUCK,PASSENGER OR SUBURBAN,Parked,Not Entered,West,Gas,2002,NY,0,8,DODGE,HUMAN,Not Applicable,HUMAN,Not Applicable,Not Applicable,1B7GL32N22S526279
2018,15248597,4 DOOR SEDAN,PASSENGER OR SUBURBAN,Going Straight Ahead,Not Entered,West,Gas,2011,NY,3,4,DODGE,HUMAN,Driver Inattention/Distraction*,ENVMT,Obstruction/ Debris,Not Applicable,1B3CB5HA4BD153107
2018,15248600,SUBURBAN,PASSENGER OR SUBURBAN,Going Straight Ahead,Not Entered,South,Gas,2013,NY,1,6,DODGE,HUMAN,Unsafe Speed,ENVMT,Pavement Slippery,Not Applicable,3C4PDDBGXDT507405
2018,15248602,4 DOOR SEDAN,PASSENGER OR SUBURBAN,Slowing or Stopping,Not Entered,East,Gas,2016,NY,2,4,TOYOT,HUMAN,Not Applicable,HUMAN,Not Applicable,Not Applicable,3MYDLBZV3GY107192
2018,15248601,4 DOOR SEDAN,PASSENGER OR SUBURBAN,Making Right Turn,Not Entered,West,Gas,2008,NY,1,4,TOYOT,HUMAN,Unsafe Speed,HUMAN,Failure to Keep Right,Not Applicable,4T1BE46K58U195927
2018,15248606,2 DOOR SEDAN,PASSENGER OR SUBURBAN,Going Straight Ahead,Not Entered,West,Gas,2005,NY,1,6,PONTI,HUMAN,Not Applicable,ENVMT,Animal's Action,Not Applicable,1G2NV12E05M125073
2018,15248611,PICKUP TRUCK,PASSENGER OR SUBURBAN,Going Straight Ahead,Not Entered,North,Gas,2004,NY,1,8,CHEVR,HUMAN,Not Applicable,HUMAN,Not Applicable,Not Applicable,2GCEK19T841341269
2018,15248610,SUBURBAN,PASSENGER OR SUBURBAN,Making Left Turn,Not Entered,South,Gas,2011,NY,1,4,HONDA,HUMAN,Not Applicable,HUMAN,Failure to Yield Right-of-Way,Not Applicable,5J6RE4H41BL102586
2018,15248609,SUBURBAN,PASSENGER OR SUBURBAN,Making Left Turn,Not Entered,Northwest,Gas,2011,NY,1,6,GMC,HUMAN,Not Applicable,HUMAN,Not Applicable,Not Applicable,2CTFLXE51B6222222
2018,15248608,SUBURBAN,PASSENGER OR SUBURBAN,Going Straight Ahead,Not Entered,Northwest,Gas,2017,NY,1,4,NISSA,HUMAN,Following Too Closely,HUMAN,Unsafe Speed,Not Applicable,5N1AT2MV7HC873263
2018,15248612,SUBURBAN,PASSENGER OR SUBURBAN,Going Straight Ahead,Not Entered,West,Gas,2014,NY,5,6,HONDA,HUMAN,Not Applicable,ENVMT,Animal's Action,Not Applicable,5FNRL5H4XEB061576
2018,15248613,SUBURBAN,PASSENGER OR SUBURBAN,Going Straight Ahead,Not Entered,South,Gas,2011,NY,1,4,SUBAR,HUMAN,Unsafe Speed,ENVMT,Pavement Slippery,"Light Support/Utility Pole, Collision With Fixed Object",JF1GH6D69BH830012
2018,15248614,PICKUP TRUCK,PASSENGER OR SUBURBAN,Going Straight Ahead,Not Entered,East,Gas,2000,NY,1,8,GMC,HUMAN,Not Applicable,ENVMT,Animal's Action,Not Applicable,1GTEK14T8YZ326968
2018,15248615,SUBURBAN,PASSENGER OR SUBURBAN,Going Straight Ahead,Not Entered,South,Gas,2014,NY,1,4,TOYOT,HUMAN,Not Applicable,ENVMT,Animal's Action,Not Applicable,JTMBFREV0ED076477
2018,15248617,4 DOOR SEDAN,PASSENGER OR SUBURBAN,Going Straight Ahead,Not Entered,North,Gas,2005,NY,2,4,AUDI,HUMAN,Not Applicable,ENVMT,Animal's Action,Not Applicable,WAULC68E35A122860
2018,15248631,4 DOOR SEDAN,PASSENGER OR SUBURBAN,Slowing or Stopping,Not Entered,East,Gas,2014,NY,2,4,DODGE,HUMAN,Unsafe Speed,ENVMT,Pavement Slippery,Not Applicable,1C3CDZAB7EN111259
2018,15248632,4 DOOR SEDAN,PASSENGER OR SUBURBAN,Changing Lanes,Not Entered,Northwest,Gas,2007,NY,1,4,FORD,HUMAN,Not Applicable,HUMAN,Unsafe Lane Changing,Not Applicable,1FAFP34N57W264163
2018,15248639,4 DOOR SEDAN,PASSENGER OR SUBURBAN,Stopped in Traffic,Not Entered,North,Gas,2015,NY,1,4,KIA,HUMAN,Not Applicable,HUMAN,Not Applicable,Not Applicable,5XXGM4A7XFG375018
2018,15248638,4 DOOR SEDAN,PASSENGER OR SUBURBAN,Going Straight Ahead,Not Entered,East,Gas,1997,NY,2,8,BMW,HUMAN,Not Applicable,HUMAN,Failure to Keep Right,Not Applicable,WBADE5326VBV91943
2018,15248637,4 DOOR SEDAN,PASSENGER OR SUBURBAN,Going Straight Ahead,Not Entered,North,Gas,2008,NY,1,6,CHEVR,HUMAN,Not Applicable,HUMAN,Unsafe Speed,Not Applicable,2G1WB58K381283932
2018,15248642,PICKUP TRUCK,PASSENGER OR SUBURBAN,Entering Parked Position,Not Entered,East,Gas,2009,NY,1,8,CHEVR,HUMAN,Unsafe Speed,ENVMT,Pavement Slippery,Not Applicable,3GCEK23399G274307
2018,14378647,SUBURBAN,PASSENGER OR SUBURBAN,Slowing or Stopping,Not Entered,Northeast,Gas,1999,NY,1,8,DODGE,VEHICLE,Tire Failure/Inadequate,ENVMT,Pavement Slippery,Not Applicable,1B4HS28Y2XF655798
2018,15231379,4 DOOR SEDAN,PASSENGER OR SUBURBAN,Making Right Turn,Not Entered,South,Gas,2012,NY,1,6,DODGE,HUMAN,Alcohol Involvement,HUMAN,Turning Improperly,Not Applicable,2C3CDXBG0CH298171
2018,15232103,4 DOOR SEDAN,PASSENGER OR SUBURBAN,Stopped in Traffic,Not Entered,South,Gas,2012,NY,1,4,HONDA,HUMAN,Not Entered,HUMAN,Not Entered,Not Entered,JHMGE8H58CC012087
2018,15232104,4 DOOR SEDAN,PASSENGER OR SUBURBAN,Going Straight Ahead,Not Entered,South,Gas,2004,NY,1,6,LEXUS,HUMAN,Not Entered,HUMAN,Driver Inattention/Distraction*,Not Entered,JTHBA30G845007239
2018,15232111,SUBURBAN,PASSENGER OR SUBURBAN,Going Straight Ahead,Not Entered,East,Gas,2007,NY,1,8,JEEP,HUMAN,Not Entered,HUMAN,Following Too Closely,Not Entered,1J8HR58257C590628
2018,15232114,SUBURBAN,PASSENGER OR SUBURBAN,Stopped in Traffic,Not Entered,East,Gas,2014,NY,1,4,HONDA,HUMAN,Not Entered,HUMAN,Not Entered,Not Entered,2HKRM4H31EH724808
2018,15232112,4 DOOR SEDAN,PASSENGER OR SUBURBAN,Going Straight Ahead,Not Entered,East,Gas,2006,NY,1,6,INFIN,HUMAN,Not Entered,HUMAN,Following Too Closely,"Other Motor Vehicle, Collision With",JNKCV51F46M604701
2018,15232113,4 DOOR SEDAN,PASSENGER OR SUBURBAN,Going Straight Ahead,Not Entered,East,Gas,2004,NY,1,4,HONDA,HUMAN,Not Entered,HUMAN,Following Too Closely,"Other Motor Vehicle, Collision With",1HGCM55864A032692
2018,15232119,SUBURBAN,PASSENGER OR SUBURBAN,Parked,Not Entered,North,Gas,2002,NY,0,6,JEEP,HUMAN,Not Entered,HUMAN,Not Entered,Not Entered,1J8GW48S52C128853
2018,15233394,4 DOOR SEDAN,PASSENGER OR SUBURBAN,Stopped in Traffic,Not Entered,North,Gas,2004,NY,1,6,DODGE,HUMAN,Not Applicable,HUMAN,Not Applicable,Not Applicable,1B3EL36R94N358468
2018,15233393,SUBURBAN,PASSENGER OR SUBURBAN,Slowing or Stopping,Not Entered,North,Gas,2011,NY,1,6,MITSU,HUMAN,Following Too Closely,ENVMT,Pavement Slippery,Not Applicable,4A4JN2AS7BE034260
2018,15233400,SUBURBAN,PASSENGER OR SUBURBAN,Making Left Turn,Not Entered,North,Gas,2010,NY,1,6,ACURA,HUMAN,Not Applicable,HUMAN,Failure to Yield Right-of-Way,Not Applicable,2HNYD2H24AH519214
2018,15233401,4 DOOR SEDAN,PASSENGER OR SUBURBAN,Going Straight Ahead,Not Entered,West,Gas,2016,NY,1,4,ACURA,HUMAN,Not Applicable,HUMAN,Not Applicable,Not Applicable,19UDE2F32GA017954
2018,15233406,4 DOOR SEDAN,PASSENGER OR SUBURBAN,Going Straight Ahead,Not Entered,South,Gas,2013,NY,1,4,MAZDA,HUMAN,Not Applicable,HUMAN,Not Applicable,Not Applicable,1YVHZ8BH5D5M06451
2018,15233405,SUBURBAN,PASSENGER OR SUBURBAN,Making Right Turn,Not Entered,Southeast,Gas,2016,NY,1,4,MAZDA,HUMAN,Not Applicable,HUMAN,Failure to Yield Right-of-Way,Not Applicable,JM3KE4BY4G0741922
2018,15233421,SUBURBAN,PASSENGER OR SUBURBAN,Slowing or Stopping,Not Entered,West,Gas,2016,NY,2,4,HONDA,HUMAN,Not Applicable,HUMAN,Not Applicable,Not Applicable,3CZRU6H75GM742766
2018,15233420,SUBURBAN,PASSENGER OR SUBURBAN,Slowing or Stopping,Not Entered,West,Gas,2015,NY,1,4,LEXUS,HUMAN,Failure to Yield Right-of-Way,HUMAN,Following Too Closely,Not Applicable,JTJBARBZ7F2042472
2018,15233429,4 DOOR SEDAN,PASSENGER OR SUBURBAN,Going Straight Ahead,Not Entered,North,Gas,2009,NY,1,4,AUDI,HUMAN,Not Applicable,HUMAN,Not Applicable,"Other Motor Vehicle, Collision With",WAUSF78K09N029825
2018,15233430,SUBURBAN,PASSENGER OR SUBURBAN,Parked,Not Entered,North,Gas,2003,NY,0,4,HONDA,HUMAN,Not Applicable,HUMAN,Not Applicable,"Other Motor Vehicle, Collision With",SHSRD77893U138313
2018,15233428,PICKUP TRUCK,PASSENGER OR SUBURBAN,Going Straight Ahead,Not Entered,West,Gas,2004,NY,2,8,CHEVR,HUMAN,Not Applicable,HUMAN,Failure to Yield Right-of-Way,Not Applicable,2GCEK13T341366993
2018,15233431,SUBURBAN,PASSENGER OR SUBURBAN,Parked,Not Entered,North,Gas,2002,NY,0,8,CHEVR,HUMAN,Not Applicable,HUMAN,Not Applicable,Not Applicable,1GBGG29R821181678
2018,15233440,SUBURBAN,PASSENGER OR SUBURBAN,Making Left Turn,Not Entered,South,Gas,2010,NY,2,6,PORSC,HUMAN,Failure to Yield Right-of-Way,HUMAN,Reaction to Other Uninvolved Vehicle,Not Applicable,WP1AA2AP6ALA02472
2018,15233441,4 DOOR SEDAN,PASSENGER OR SUBURBAN,Going Straight Ahead,Not Entered,East,Gas,2011,NY,1,4,HYUND,HUMAN,Not Applicable,HUMAN,Not Applicable,Not Applicable,5NPEB4AC8BH152985
2018,15233447,SUBURBAN,PASSENGER OR SUBURBAN,Stopped in Traffic,Not Entered,North,Gas,2011,NY,2,6,KIA,HUMAN,Not Applicable,HUMAN,Not Applicable,Not Applicable,5XYKTDA20BG093087
2018,15233446,2 DOOR SEDAN,PASSENGER OR SUBURBAN,Slowing or Stopping,Not Entered,North,Gas,2015,NY,2,4,HONDA,HUMAN,Not Applicable,HUMAN,Following Too Closely,Not Applicable,1HGCT1B7XFA006848
2018,15233498,SUBURBAN,PASSENGER OR SUBURBAN,Going Straight Ahead,Not Entered,West,Gas,2017,NY,1,6,CHRYS,HUMAN,Not Applicable,HUMAN,Not Applicable,Not Applicable,2C4RC1BG4HR634010
2018,15233551,4 DOOR SEDAN,PASSENGER OR SUBURBAN,Going Straight Ahead,Not Entered,North,Gas,2017,NY,1,4,NISSA,HUMAN,Not Applicable,ENVMT,Animal's Action,Not Entered,3N1AB7AP8HY312929
2018,15233624,SUBURBAN,PASSENGER OR SUBURBAN,Going Straight Ahead,Not Entered,North,Gas,2004,NY,5,8,DODGE,HUMAN,Not Applicable,HUMAN,Not Applicable,Not Applicable,1D4HB48D84F195914
2018,15233625,PICKUP TRUCK,PASSENGER OR SUBURBAN,Making Left Turn,Not Entered,South,Gas,2010,NY,3,8,DODGE,HUMAN,Not Applicable,ENVMT,Glare,Not Applicable,1D7RV1GT9AS218741
2018,15233654,VAN TRUCK,PASSENGER OR SUBURBAN,Going Straight Ahead,Not Entered,South,Gas,2005,NY,4,6,CHRYS,HUMAN,Not Applicable,HUMAN,Driver Inexperience*,Not Entered,2C4GP64L85R339166
2018,15248643,SUBURBAN,PASSENGER OR SUBURBAN,Entering Parked Position,Not Entered,East,Gas,2012,NY,1,6,HONDA,HUMAN,Not Applicable,HUMAN,Not Applicable,Not Applicable,5FNRL5H65CB092703
2018,15248645,4 DOOR SEDAN,PASSENGER OR SUBURBAN,Going Straight Ahead,Not Entered,East,Gas,2015,NY,1,4,CHRYS,HUMAN,Not Applicable,HUMAN,Not Applicable,Not Applicable,1C3CCCAB8FN659742
2018,15248644,SUBURBAN,PASSENGER OR SUBURBAN,Slowing or Stopping,Not Entered,South,Gas,2004,NY,2,6,JEEP,HUMAN,Not Applicable,HUMAN,Failure to Yield Right-of-Way,Not Applicable,1J4GW48S24C201214
2018,15248647,PICKUP TRUCK,PASSENGER OR SUBURBAN,Going Straight Ahead,Not Entered,South,Gas,2006,NY,1,8,CHEVR,HUMAN,Not Applicable,HUMAN,Not Applicable,Not Applicable,3GNEK12Z06G103402
2018,15248646,4 DOOR SEDAN,PASSENGER OR SUBURBAN,Making Left Turn,Not Entered,East,Gas,2011,NY,2,4,AUDI,HUMAN,Not Applicable,HUMAN,Failure to Yield Right-of-Way,Not Applicable,WAUHFAFL0BN017635
2018,15295067,SUBURBAN,PASSENGER OR SUBURBAN,Going Straight Ahead,Not Entered,East,Gas,2004,NY,1,6,NISSA,HUMAN,Unsafe Speed,ENVMT,Pavement Slippery,Not Applicable,JN8DR09Y44W902058
2018,15248658,BUS (OMNIBUS),POLITICAL SUBDIVISION,Stopped in Traffic,Not Entered,West,Propane,2016,NY,10,10,BL/BI,HUMAN,Not Applicable,HUMAN,Not Applicable,Not Applicable,1BAKGCBA5GF319858
2018,15248657,4 DOOR SEDAN,PASSENGER OR SUBURBAN,Going Straight Ahead,Not Entered,West,Gas,2005,NY,2,4,HONDA,HUMAN,Not Applicable,HUMAN,Following Too Closely,Not Applicable,2HGES15565H628823
2018,15248696,2 DOOR SEDAN,PASSENGER OR SUBURBAN,Going Straight Ahead,Not Entered,North,Gas,2007,NY,1,4,CHEVR,HUMAN,Not Applicable,HUMAN,Unsafe Speed,Not Applicable,1G1AL18F577352740
2018,15248701,SUBURBAN,PASSENGER OR SUBURBAN,Going Straight Ahead,Not Entered,South,Gas,2003,NY,1,4,TOYOT,HUMAN,Not Applicable,HUMAN,Unsafe Speed,Not Applicable,JTEHH20VX36074624
2018,15248702,PICKUP TRUCK,PASSENGER OR SUBURBAN,Going Straight Ahead,Not Entered,East,Gas,2005,NY,1,6,NISSA,HUMAN,Not Applicable,ENVMT,Animal's Action,Not Applicable,1N6AD06W35C407950
2018,15248703,SUBURBAN,PASSENGER OR SUBURBAN,Going Straight Ahead,Not Entered,South,Gas,2004,NY,2,8,DODGE,HUMAN,Unsafe Lane Changing,VEHICLE,Steering Failure,Not Applicable,1D4HB48D54F195546
2018,15248708,4 DOOR SEDAN,PASSENGER OR SUBURBAN,Parked,Not Entered,East,Gas,1998,NY,0,4,DODGE,HUMAN,Not Applicable,HUMAN,Not Applicable,Not Applicable,1B3ES47C9WD523219
2018,15248707,4 DOOR SEDAN,PASSENGER OR SUBURBAN,Going Straight Ahead,Not Entered,East,Gas,2006,NY,1,6,INFIN,HUMAN,Not Applicable,HUMAN,Unsafe Speed,Not Applicable,JNKCV51F96M606587
2018,15248709,SUBURBAN,PASSENGER OR SUBURBAN,Going Straight Ahead,Not Entered,East,Gas,2000,NY,3,8,MERCU,HUMAN,Not Applicable,HUMAN,Unsafe Speed,Not Applicable,4M2ZU86P7YUJ45484
2018,15248712,4 DOOR SEDAN,PASSENGER OR SUBURBAN,Going Straight Ahead,Not Entered,East,Gas,1998,NY,1,4,DODGE,HUMAN,Not Applicable,HUMAN,Unsafe Speed,Not Applicable,1B3ES47C9WD523219
2018,15248710,SUBURBAN,PASSENGER OR SUBURBAN,Stopped in Traffic,Not Entered,East,Gas,1997,NY,1,6,JEEP,HUMAN,Not Applicable,HUMAN,Unsafe Speed,Not Applicable,1J4GZ58S7VC654713
2018,15248714,PICKUP TRUCK,PASSENGER OR SUBURBAN,Going Straight Ahead,Not Entered,North,Gas,2017,NY,1,6,HONDA,HUMAN,Not Applicable,HUMAN,Not Applicable,Not Entered,5FPYK3F80HB014092
2018,15248715,4 DOOR SEDAN,PASSENGER OR SUBURBAN,Going Straight Ahead,Not Entered,North,Gas,2009,NY,1,4,TOYOT,HUMAN,Unsafe Speed,ENVMT,Pavement Slippery,"Barrier, Collision With Fixed Object",JTDBL40E099092657
2018,15248717,SUBURBAN,PASSENGER OR SUBURBAN,Going Straight Ahead,Not Entered,East,Gas,2016,NY,1,4,MAZDA,HUMAN,Not Applicable,HUMAN,Unsafe Speed,Not Applicable,JM3KE4BY6G0634869
2018,15248719,4 DOOR SEDAN,PASSENGER OR SUBURBAN,Changing Lanes,Not Entered,North,Gas,2006,NY,1,4,NISSA,HUMAN,Unsafe Speed,HUMAN,Unsafe Lane Changing,"Barrier, Collision With Fixed Object",1N4AL11D86C151829
2018,15248721,SUBURBAN,PASSENGER OR SUBURBAN,Going Straight Ahead,Not Entered,South,Gas,2011,NY,1,4,SUBAR,HUMAN,Not Applicable,HUMAN,Unsafe Speed,Not Applicable,JF1GH6B62BH811630
2018,15248722,SUBURBAN,PASSENGER OR SUBURBAN,Going Straight Ahead,Not Entered,South,Gas,2018,NY,4,6,JEEP,HUMAN,Not Applicable,HUMAN,Not Applicable,Not Applicable,1C4BJWEG4JL801240
2018,15248728,SUBURBAN,PASSENGER OR SUBURBAN,Going Straight Ahead,Not Entered,South,Gas,2009,NY,1,6,FORD,HUMAN,Not Applicable,ENVMT,Animal's Action,Not Applicable,1FMEU51E49UA22991
2018,15248729,SUBURBAN,PASSENGER OR SUBURBAN,Going Straight Ahead,Not Entered,North,Gas,2012,NY,2,4,HONDA,HUMAN,Not Applicable,ENVMT,Animal's Action,Not Applicable,JHLRM4H79CC024310
2018,15248731,SUBURBAN,PASSENGER OR SUBURBAN,Going Straight Ahead,Not Entered,East,Gas,2017,NY,1,6,DODGE,HUMAN,Not Applicable,ENVMT,Animal's Action,Not Applicable,3C4PDDAGXHT583911
2018,15248732,PICKUP TRUCK,COMMERCIAL,Going Straight Ahead,Not Entered,East,Gas,2001,NY,1,6,CHEVR,HUMAN,Unsafe Speed,ENVMT,Pavement Slippery,"Snow Embankment, Collision With Fixed Object",1GCDT13W71K204508
2018,15248735,SUBURBAN,PASSENGER OR SUBURBAN,Going Straight Ahead,Not Entered,Southeast,Gas,2014,NY,1,4,VOLKS,HUMAN,Not Applicable,ENVMT,Animal's Action,Not Applicable,WVGBV3AX3EW577029
2018,15248736,PICKUP TRUCK,PASSENGER OR SUBURBAN,Going Straight Ahead,Not Entered,South,Gas,1995,NY,2,8,FORD,HUMAN,Unsafe Lane Changing,ENVMT,Pavement Slippery,Not Applicable,1FTEX14N3SKB15194
2018,15248737,SUBURBAN,PASSENGER OR SUBURBAN,Going Straight Ahead,Not Entered,Southwest,Gas,2012,NY,1,4,JEEP,HUMAN,Not Applicable,ENVMT,Animal's Action,Not Applicable,1C4NJRFB2CD638182
2018,15248746,BUS (OMNIBUS),POLITICAL SUBDIVISION,Going Straight Ahead,Not Entered,West,Diesel,2017,NY,17,6,IC,HUMAN,Not Applicable,HUMAN,Not Applicable,Not Applicable,4DRBUC8N7HB378519
2018,15248745,4 DOOR SEDAN,PASSENGER OR SUBURBAN,Slowing or Stopping,Not Entered,South,Gas,2010,NY,1,4,FORD,HUMAN,Unsafe Speed,ENVMT,Pavement Slippery,Not Applicable,1FAHP3FN3AW247133
2018,15248747,PICKUP TRUCK,PASSENGER OR SUBURBAN,Going Straight Ahead,Not Entered,Northwest,Gas,2004,NY,1,8,DODGE,HUMAN,Not Applicable,ENVMT,Animal's Action,Not Applicable,1D7HU18DX4S681773
2018,15248751,4 DOOR SEDAN,PASSENGER OR SUBURBAN,Stopped in Traffic,Not Entered,South,Gas,2006,NY,1,6,CHEVR,HUMAN,Not Applicable,HUMAN,Not Applicable,Not Applicable,2G1WB58K069305514
2018,15248750,SUBURBAN,PASSENGER OR SUBURBAN,Making Left Turn,Not Entered,Northeast,Gas,2014,NY,1,4,JEEP,HUMAN,Not Applicable,HUMAN,Turning Improperly,Not Applicable,1C4NJDEB1ED885913
2018,15248749,4 DOOR SEDAN,PASSENGER OR SUBURBAN,Making Right Turn,Not Entered,North,Gas,2017,NY,1,4,ACURA,HUMAN,Not Applicable,HUMAN,Not Applicable,Not Applicable,19UDE2F36HA015786
2018,15248748,4 DOOR SEDAN,PASSENGER OR SUBURBAN,Slowing or Stopping,Not Entered,East,Gas,2013,NY,2,4,NISSA,HUMAN,Traffic Control Device Disregarded,ENVMT,Pavement Slippery,Not Applicable,1N4AB7AP4DN905570
2018,15248756,SUBURBAN,PASSENGER OR SUBURBAN,Slowing or Stopping,Not Entered,South,Gas,2016,NY,1,4,TOYOT,HUMAN,Not Applicable,HUMAN,Not Applicable,Not Applicable,2T3RFREV9GW491849
2018,15248755,4 DOOR SEDAN,PASSENGER OR SUBURBAN,Going Straight Ahead,Not Entered,South,Gas,2005,NY,1,4,NISSA,HUMAN,Not Applicable,HUMAN,Following Too Closely,Not Applicable,1N4AL11D25N932574
2018,15248754,4 DOOR SEDAN,PASSENGER OR SUBURBAN,Stopped in Traffic,Not Entered,West,Gas,2011,NY,1,6,FORD,HUMAN,Not Applicable,HUMAN,Not Applicable,Not Applicable,1FAHP2EW8BG117476
2018,15248753,SUBURBAN,PASSENGER OR SUBURBAN,Stopped in Traffic,Not Entered,West,Gas,2012,NY,1,4,TOYOT,HUMAN,Not Applicable,HUMAN,Not Applicable,"Other Motor Vehicle, Collision With",2T3BF4DV9CW202114
2018,15248757,4 DOOR SEDAN,PASSENGER OR SUBURBAN,Going Straight Ahead,Not Entered,North,Gas,2008,NY,1,6,CHEVR,HUMAN,Not Applicable,HUMAN,Passing or Lane Usage Improper,"Snow Embankment, Collision With Fixed Object",2G1WB58K089150689
2018,15248760,PICKUP TRUCK,COMMERCIAL,Parked,Not Entered,North,Gas,2011,NY,2,8,FORD,HUMAN,Not Applicable,HUMAN,Not Applicable,Not Applicable,1FDRF3G66BEB57387
2018,15248759,SUBURBAN,PASSENGER OR SUBURBAN,Going Straight Ahead,Not Entered,North,Gas,2012,NY,3,6,MITSU,HUMAN,Unsafe Speed,ENVMT,Pavement Slippery,Not Applicable,JA4JT5AX0CU005260
2018,15248766,SUBURBAN,PASSENGER OR SUBURBAN,Going Straight Ahead,Not Entered,East,Gas,2002,NY,1,4,HONDA,HUMAN,Not Applicable,HUMAN,Following Too Closely,Not Applicable,JHLRD78862C056432
2018,15248767,4 DOOR SEDAN,PASSENGER OR SUBURBAN,Stopped in Traffic,Not Entered,East,Gas,2017,NY,1,4,FORD,HUMAN,Not Applicable,HUMAN,Not Applicable,Not Applicable,3FA6P0T97HR217451
2018,15264876,SUBURBAN,PASSENGER OR SUBURBAN,Stopped in Traffic,Not Entered,East,Gas,2010,NY,2,6,TOYOT,HUMAN,Not Applicable,HUMAN,Not Applicable,Not Entered,5TDJK3EH0AS029415
2018,15264742,SUBURBAN,PASSENGER OR SUBURBAN,Stopped in Traffic,Not Entered,East,Gas,2017,NY,2,4,CHEVR,HUMAN,Not Applicable,HUMAN,Following Too Closely,"Other Motor Vehicle, Collision With",2GNFLEEKXH6205716
2018,15248775,PICKUP TRUCK,PASSENGER OR SUBURBAN,Going Straight Ahead,Not Entered,North,Gas,2013,NY,1,8,RAM,HUMAN,Unsafe Speed,ENVMT,Pavement Slippery,Not Applicable,1C6RR7LT8DS673079