Year,Case Vehicle ID,Vehicle Body Type,Registration Class,Action Prior to Accident,Type / Axles of Truck or Bus,Direction of Travel,Fuel Type,Vehicle Year,State of Registration,Number of Occupants,Engine Cylinders,Vehicle Make,Contributing Factor 1,Contributing Factor 1 Description,Contributing Factor 2,Contributing Factor 2 Description,Event Type,Partial VIN
2018,15248776,4 DOOR SEDAN,PASSENGER OR SUBURBAN,Making Left Turn,Not Entered,North,Gas,2015,NY,1,4,NISSA,HUMAN,Not Applicable,HUMAN,Not Applicable,Not Applicable,3N1AB7AP0FY375116
2018,15248777,SUBURBAN,PASSENGER OR SUBURBAN,Going Straight Ahead,Not Entered,West,Gas,1998,NY,1,6,TOYOT,HUMAN,Unsafe Speed,ENVMT,Pavement Slippery,Not Applicable,JT3HN87R4W0173458
2018,15248778,4 DOOR SEDAN,PASSENGER OR SUBURBAN,Making Left Turn,Not Entered,East,Gas,2017,NY,1,4,HYUND,HUMAN,Unsafe Speed,ENVMT,Pavement Slippery,Not Applicable,5NPE34AF7HH449178
2018,15248781,2 DOOR SEDAN,PASSENGER OR SUBURBAN,Slowing or Stopping,Not Entered,South,Gas,2003,NY,1,4,ACURA,HUMAN,Not Applicable,HUMAN,Following Too Closely,Not Applicable,JH4DC53803C005336
2018,15248780,4 DOOR SEDAN,PASSENGER OR SUBURBAN,Slowing or Stopping,Not Entered,South,Gas,2000,NY,1,4,TOYOT,HUMAN,Not Applicable,HUMAN,Not Applicable,Not Applicable,2T1BR12E3YC341567
2018,15248783,SUBURBAN,PASSENGER OR SUBURBAN,Stopped in Traffic,Not Entered,North,Gas,2011,NY,1,4,TOYOT,HUMAN,Not Applicable,HUMAN,Not Applicable,Not Applicable,2T3BF4DV4BW109175
2018,15248782,4 DOOR SEDAN,PASSENGER OR SUBURBAN,Going Straight Ahead,Not Entered,North,Gas,2015,NY,1,4,TOYOT,HUMAN,Not Applicable,HUMAN,Following Too Closely,Not Applicable,4T4BF1FK3FR471973
2018,15248784,SUBURBAN,PASSENGER OR SUBURBAN,Going Straight Ahead,Not Entered,East,Gas,2011,NY,1,4,HONDA,HUMAN,Not Applicable,ENVMT,Animal's Action,"Guide Rail - Not At End, Collision With Fixed Object",5J6RE4H53BL095505
2018,15248788,DUMP,STATE,Going Straight Ahead,Not Entered,East,Diesel,2013,NY,2,6,DODGE,HUMAN,Not Applicable,HUMAN,Not Applicable,Not Applicable,3C7WRKEL2DG567961
2018,15248787,4 DOOR SEDAN,PASSENGER OR SUBURBAN,Changing Lanes,Not Entered,East,Gas,2017,NY,1,6,HYNDA,HUMAN,Not Applicable,HUMAN,Unsafe Lane Changing,Not Applicable,KMHGN4JE6HU177296
2018,15248790,4 DOOR SEDAN,PASSENGER OR SUBURBAN,Slowing or Stopping,Not Entered,South,Gas,2008,NY,2,4,DODGE,HUMAN,Not Applicable,HUMAN,Not Applicable,Not Applicable,1B3LC56J78N217823
2018,15248789,SUBURBAN,PASSENGER OR SUBURBAN,Slowing or Stopping,Not Entered,South,Gas,1999,NY,2,8,CHEVR,HUMAN,Following Too Closely,HUMAN,Reaction to Other Uninvolved Vehicle,Not Applicable,1GNEK13R7XJ447288
2018,15248792,4 DOOR SEDAN,PASSENGER OR SUBURBAN,Stopped in Traffic,Not Entered,South,Gas,2008,NY,1,6,BMW,HUMAN,Not Applicable,HUMAN,Not Applicable,Not Applicable,WBAVC73538KX90517
2018,15248791,4 DOOR SEDAN,PASSENGER OR SUBURBAN,Going Straight Ahead,Not Entered,South,Gas,2005,NY,1,4,CHEVR,HUMAN,Following Too Closely,HUMAN,Unsafe Speed,Not Applicable,KL1TD52645B320344
2018,15248797,SUBURBAN,PASSENGER OR SUBURBAN,Going Straight Ahead,Not Entered,East,Gas,2016,NY,1,4,SUBAR,HUMAN,Following Too Closely,ENVMT,Pavement Slippery,Not Applicable,JF2GPAAC0G9306583
2018,15248800,4 DOOR SEDAN,PASSENGER OR SUBURBAN,Going Straight Ahead,Not Entered,North,Gas,2010,NY,1,4,CHEVR,HUMAN,Driver Inattention/Distraction*,HUMAN,Following Too Closely,Not Applicable,KL1TD5DE2AB104877
2018,15248799,SUBURBAN,REGIONAL,Slowing or Stopping,Not Entered,North,Gas,2014,NY,2,6,DODGE,HUMAN,Not Applicable,HUMAN,Not Applicable,Not Applicable,1C4RDJEGXEC524866
2018,15248805,SUBURBAN,PASSENGER OR SUBURBAN,Going Straight Ahead,Not Entered,South,Gas,2013,NY,1,4,SUBAR,HUMAN,Not Applicable,HUMAN,Not Applicable,"Guide Rail - Not At End, Collision With Fixed Object",JF1GPAA60D1888841
2018,15248806,PICKUP TRUCK,PASSENGER OR SUBURBAN,Going Straight Ahead,Not Entered,South,Gas,2010,NY,1,4,FORD,HUMAN,Not Applicable,ENVMT,Animal's Action,Not Applicable,1FTKR1ED4APA29672
2018,15248809,4 DOOR SEDAN,PASSENGER OR SUBURBAN,Going Straight Ahead,Not Entered,East,Gas,2005,NY,1,4,TOYOT,HUMAN,Fell Asleep,HUMAN,Unsafe Lane Changing,Not Entered,2T1BR32EX5C332744
2018,15248810,SUBURBAN,PASSENGER OR SUBURBAN,Going Straight Ahead,Not Entered,East,Gas,2016,NY,1,4,TOYOT,HUMAN,Following Too Closely,ENVMT,Pavement Slippery,Not Applicable,JTMRJREV1GD033993
2018,15248811,4 DOOR SEDAN,PASSENGER OR SUBURBAN,Stopped in Traffic,Not Entered,East,Gas,2015,NY,3,4,BMW,HUMAN,Not Applicable,HUMAN,Not Applicable,Not Applicable,WBA3B5G53FNS17590
2018,15248813,VAN TRUCK,PASSENGER OR SUBURBAN,Making Left Turn,Not Entered,East,Gas,2005,NY,1,6,DODGE,HUMAN,Not Applicable,HUMAN,Not Applicable,Not Applicable,2D4GP44L45R557595
2018,15248821,4 DOOR SEDAN,PASSENGER OR SUBURBAN,Going Straight Ahead,Not Entered,East,Gas,2013,NY,1,6,CADIL,HUMAN,Not Applicable,HUMAN,Not Applicable,Not Applicable,1G6AH5R30D0175820
2018,15248823,4 DOOR SEDAN,PASSENGER OR SUBURBAN,Going Straight Ahead,Not Entered,East,Gas,2010,NY,2,4,HONDA,HUMAN,Unsafe Speed,ENVMT,Pavement Slippery,"Guide Rail - Not At End, Collision With Fixed Object",1HGCP2F83AA036411
2018,15248824,SUBURBAN,PASSENGER OR SUBURBAN,Going Straight Ahead,Not Entered,South,Gas,2015,NY,1,4,NISSA,HUMAN,Unsafe Speed,ENVMT,Pavement Slippery,Not Applicable,KNMAT2MVXFP573405
2018,15248826,SUBURBAN,PASSENGER OR SUBURBAN,Going Straight Ahead,Not Entered,South,Gas,2012,NY,1,4,HONDA,HUMAN,Unsafe Speed,ENVMT,Pavement Slippery,Not Applicable,5J6RM4H55CL069976
2018,15248827,SUBURBAN,PASSENGER OR SUBURBAN,Going Straight Ahead,Not Entered,North,Gas,2013,NY,1,6,JEEP,HUMAN,Unsafe Speed,ENVMT,Pavement Slippery,Not Applicable,1C4BJWDG8DL618672
2018,15248828,SUBURBAN,PASSENGER OR SUBURBAN,Going Straight Ahead,Not Entered,North,Gas,2015,NY,2,4,SUBAR,HUMAN,Not Applicable,HUMAN,Unsafe Speed,Not Entered,JF1GPAA66FH282373
2018,15248830,SUBURBAN,PASSENGER OR SUBURBAN,Going Straight Ahead,Not Entered,South,Gas,2014,NY,4,6,DODGE,HUMAN,Not Applicable,HUMAN,Not Applicable,Not Applicable,2C4RDGBG4ER308526
2018,15248832,SUBURBAN,PASSENGER OR SUBURBAN,Slowing or Stopping,Not Entered,South,Gas,2010,NY,1,4,NISSA,HUMAN,Not Applicable,HUMAN,Not Applicable,Not Applicable,JN8AZ2KR6AT170742
2018,15248835,4 DOOR SEDAN,PASSENGER OR SUBURBAN,Going Straight Ahead,Not Entered,West,Gas,2009,NY,1,4,CHEVR,HUMAN,Unsafe Speed,ENVMT,Pavement Slippery,Not Applicable,1G1ZG57B89F238320
2018,15248838,SUBURBAN,PASSENGER OR SUBURBAN,Slowing or Stopping,Not Entered,West,Gas,2017,NY,2,4,ME/BE,HUMAN,Not Applicable,HUMAN,Not Applicable,Not Applicable,WDC0G4KB1HF149652
2018,15248839,SUBURBAN,PASSENGER OR SUBURBAN,Going Straight Ahead,Not Entered,West,Gas,2013,NY,1,4,JEEP,HUMAN,Not Applicable,HUMAN,Following Too Closely,Not Applicable,1C4NJRFB8DD180682
2018,15248840,SUBURBAN,PASSENGER OR SUBURBAN,Going Straight Ahead,Not Entered,East,Gas,2014,NY,1,6,FORD,HUMAN,Not Applicable,ENVMT,Pavement Slippery,Not Applicable,1FM5K8GT1EGA84192
2018,15248854,SUBURBAN,PASSENGER OR SUBURBAN,Parked,Not Entered,West,Gas,2015,NY,0,6,ME/BE,HUMAN,Not Applicable,HUMAN,Not Applicable,Not Applicable,4JGDA5HB9FA547154
2018,15248853,SAND OR AGRICULTURAL,POLITICAL SUBDIVISION,Backing,Not Entered,West,Diesel,2001,NY,1,6,MACK,HUMAN,Not Applicable,HUMAN,Backing Unsafely,Not Applicable,1M2K195C51M016858
2018,15248858,VAN TRUCK,AGRICULTURAL TRUCK,Going Straight Ahead,Not Entered,South,Gas,2013,NY,1,8,FORD,HUMAN,Not Applicable,HUMAN,Not Applicable,Not Applicable,1FTNE2EW5DDA66008
2018,15248857,2 DOOR SEDAN,PASSENGER OR SUBURBAN,Going Straight Ahead,Not Entered,West,Gas,2006,NY,1,4,TOYOT,HUMAN,Traffic Control Device Disregarded,ENVMT,Pavement Slippery,Not Entered,JTKDE177560107882
2018,15248891,SUBURBAN,PASSENGER OR SUBURBAN,Parked,Not Entered,South,Gas,2015,NY,0,8,TOYOT,HUMAN,Not Applicable,HUMAN,Not Applicable,Not Applicable,5TDDY5G19FS122884
2018,15248890,PICKUP TRUCK,POLITICAL SUBDIVISION,Slowing or Stopping,Not Entered,North,Diesel,2004,NY,1,8,CHEVR,HUMAN,Not Applicable,ENVMT,Pavement Slippery,Not Applicable,1GCHK29234E330107
2018,15248902,POLICE VEHICLE,PASSENGER OR SUBURBAN,Stopped in Traffic,Not Entered,South,Gas,2013,NY,1,6,FORD,HUMAN,Not Applicable,HUMAN,Not Applicable,Not Applicable,1FM5K8AR8DGB21184
2018,15248901,4 DOOR SEDAN,AGRICULTURAL TRUCK,Going Straight Ahead,Not Entered,South,Gas,2005,NY,1,8,GMC,HUMAN,Not Applicable,HUMAN,Following Too Closely,Not Applicable,1GTEK19BX5Z266347
2018,15248909,SUBURBAN,PASSENGER OR SUBURBAN,Going Straight Ahead,Not Entered,South,Gas,2000,NY,1,6,NISSA,HUMAN,Not Applicable,HUMAN,Not Applicable,Not Applicable,5N1ED28Y6YC609485
2018,15248908,SUBURBAN,PASSENGER OR SUBURBAN,Making Left Turn,Not Entered,North,Gas,2005,NY,1,6,CHEVR,HUMAN,Not Applicable,HUMAN,Failure to Yield Right-of-Way,Not Applicable,2CNDL73FX56051386
2018,15248911,SUBURBAN,PASSENGER OR SUBURBAN,Going Straight Ahead,Not Entered,South,Gas,2007,NY,1,6,CHRYS,HUMAN,Not Applicable,HUMAN,Unsafe Speed,Not Applicable,2A4GP54L37R274508
2018,15248910,4 DOOR SEDAN,PASSENGER OR SUBURBAN,Backing,Not Entered,East,Gas,1998,NY,1,6,TOYOT,HUMAN,Not Applicable,HUMAN,Backing Unsafely,Not Applicable,4T1BF18B4WU275659
2018,15248920,4 DOOR SEDAN,PASSENGER OR SUBURBAN,Slowing or Stopping,Not Entered,Northwest,Gas,2015,NY,2,4,KIA,HUMAN,Not Applicable,ENVMT,Pavement Slippery,"Other Motor Vehicle, Collision With",5XXGM4A76FG480557
2018,15248919,PICKUP TRUCK,PASSENGER OR SUBURBAN,Stopped in Traffic,Not Entered,Northwest,Gas,2009,NY,1,6,GMC,HUMAN,Not Applicable,HUMAN,Reaction to Other Uninvolved Vehicle,Not Applicable,1GTEC14X09Z107164
2018,15248921,SUBURBAN,PASSENGER OR SUBURBAN,Slowing or Stopping,Not Entered,Northwest,Gas,2007,NY,2,6,JEEP,HUMAN,Not Applicable,ENVMT,Pavement Slippery,Not Applicable,1J4GL48K87W519656
2018,15248922,SUBURBAN,PASSENGER OR SUBURBAN,Making Left Turn,Not Entered,Northwest,Gas,2017,NY,1,4,BMW,HUMAN,Failure to Yield Right-of-Way,ENVMT,Pavement Slippery,Not Applicable,WBXHT3C39H5F69838
2018,15248918,PICKUP TRUCK,PASSENGER OR SUBURBAN,Going Straight Ahead,Not Entered,West,Gas,2017,NY,1,8,RAM,HUMAN,Not Applicable,HUMAN,Not Applicable,Not Applicable,1C6RR7GT5HS502550
2018,15248917,PICKUP TRUCK,PASSENGER OR SUBURBAN,Backing,Not Entered,North,Gas,2005,NY,1,8,CHEVR,HUMAN,Not Applicable,HUMAN,Backing Unsafely,Not Applicable,1GCHK29U95E249440
2018,15248928,SUBURBAN,PASSENGER OR SUBURBAN,Going Straight Ahead,Not Entered,East,Gas,2004,NY,1,6,BUICK,HUMAN,Not Applicable,HUMAN,Failure to Yield Right-of-Way,Not Applicable,3G5DA03E84S510933
2018,15248937,SUBURBAN,PASSENGER OR SUBURBAN,Going Straight Ahead,Not Entered,West,Gas,2011,NY,1,4,SUBAR,HUMAN,Not Applicable,ENVMT,Animal's Action,Not Applicable,JF2SHADC5BH779848
2018,15248944,VAN TRUCK,AGRICULTURAL TRUCK,Starting in Traffic,Not Entered,East,Gas,2011,NY,1,8,CHEVR,HUMAN,Not Applicable,HUMAN,Failure to Yield Right-of-Way,Not Applicable,1GCZGTBG3B1155136
2018,15248945,PICKUP TRUCK,PASSENGER OR SUBURBAN,Going Straight Ahead,Not Entered,East,Gas,2005,NY,2,5,CHEVR,HUMAN,Not Applicable,HUMAN,Not Applicable,Not Applicable,1GCDT136158241850
2018,15248946,SUBURBAN,PASSENGER OR SUBURBAN,Going Straight Ahead,Not Entered,East,Gas,2013,NY,1,6,TOYOT,HUMAN,Not Applicable,ENVMT,Animal's Action,Not Applicable,5TDZK3DCXDS306228
2018,15248947,SUBURBAN,PASSENGER OR SUBURBAN,Going Straight Ahead,Not Entered,North,Gas,2006,NY,1,6,KIA,HUMAN,Not Applicable,HUMAN,Unsafe Speed,Not Applicable,KNDJC733865648577
2018,15248948,4 DOOR SEDAN,PASSENGER OR SUBURBAN,Making Right Turn,Not Entered,South,Gas,2016,NY,1,4,CHEVR,HUMAN,Not Applicable,ENVMT,Pavement Slippery,Not Applicable,1G1PC5SG7G7145303
2018,15248951,4 DOOR SEDAN,PASSENGER OR SUBURBAN,Going Straight Ahead,Not Entered,Northwest,Gas,2016,NY,1,4,CHEVR,HUMAN,Not Applicable,ENVMT,Animal's Action,Not Applicable,1G1PE5SB2G7117858
2018,15248954,4 DOOR SEDAN,PASSENGER OR SUBURBAN,Going Straight Ahead,Not Entered,West,Gas,2004,NY,1,6,CHEVR,HUMAN,Not Applicable,HUMAN,Following Too Closely,Not Applicable,2G1WF52E749133079
2018,15248955,SUBURBAN,PASSENGER OR SUBURBAN,Making Right Turn,Not Entered,West,Gas,2007,NY,1,6,FORD,HUMAN,Not Applicable,HUMAN,Not Applicable,Not Applicable,2FMDK48C27BA21597
2018,15248956,4 DOOR SEDAN,OMNIBUS - LIVERY,Going Straight Ahead,Not Entered,South,Gas,2008,NY,1,4,TOYOT,HUMAN,Unsafe Speed,ENVMT,Pavement Slippery,Not Applicable,4T1BE46K88U203728
2018,15248959,PICKUP TRUCK,PASSENGER OR SUBURBAN,Parked,Not Entered,Northeast,Gas,2002,NY,0,8,DODGE,HUMAN,Not Applicable,HUMAN,Not Applicable,"Other Fixed Object*, Collision With Fixed Object",3D7HU18N12G165525
2018,15248958,4 DOOR SEDAN,PASSENGER OR SUBURBAN,Going Straight Ahead,Not Entered,North,Gas,2001,NY,1,6,CHRYS,HUMAN,Driver Inattention/Distraction*,ENVMT,Pavement Slippery,"Other Motor Vehicle, Collision With",2C3HD46R71H558840
2018,15248961,SUBURBAN,PASSENGER OR SUBURBAN,Going Straight Ahead,Not Entered,North,Gas,2007,NY,1,4,SATUR,HUMAN,Driver Inattention/Distraction*,ENVMT,Glare,Not Applicable,5GZCZ33D67S808952
2018,15248960,SUBURBAN,PASSENGER OR SUBURBAN,Stopped in Traffic,Not Entered,North,Gas,2017,NY,1,4,HYUND,HUMAN,Not Applicable,HUMAN,Not Applicable,Not Applicable,5XYZTDLB2HG418424
2018,15248963,PICKUP TRUCK,COMMERCIAL,Parked,Not Entered,North,Gas,2005,NY,0,6,DODGE,HUMAN,Not Applicable,HUMAN,Not Applicable,Not Applicable,1D7HE22K45S105768
2018,15248962,PICKUP TRUCK,COMMERCIAL,Backing,Not Entered,East,Gas,2015,NY,1,8,CHEVR,HUMAN,Not Applicable,HUMAN,Backing Unsafely,Not Applicable,3GCUKRECXFG263362
2018,15248965,PICKUP TRUCK,COMMERCIAL,Slowing or Stopping,Not Entered,South,Gas,2016,NY,1,6,RAM,HUMAN,Not Applicable,HUMAN,Not Applicable,Not Applicable,1C6RR7FG6GS276795
2018,15248964,4 DOOR SEDAN,PASSENGER OR SUBURBAN,Slowing or Stopping,Not Entered,South,Gas,2010,NY,1,4,HYUND,HUMAN,Following Too Closely,ENVMT,Pavement Slippery,Not Applicable,KMHCN4ACXAU463591
2018,15248966,2 DOOR SEDAN,PASSENGER OR SUBURBAN,Going Straight Ahead,Not Entered,North,Gas,1991,NY,1,4,PONTI,HUMAN,Unsafe Speed,ENVMT,Pavement Slippery,Not Applicable,1G2NE14D9MC507000
2018,15248968,PICKUP TRUCK,AGRICULTURAL TRUCK,Backing,Not Entered,East,Gas,2012,NY,1,8,FORD,HUMAN,Not Applicable,HUMAN,Backing Unsafely,Not Applicable,1FT7X2B61CEB27533
2018,15248969,4 DOOR SEDAN,PASSENGER OR SUBURBAN,Going Straight Ahead,Not Entered,South,Gas,2008,NY,1,5,VOLKS,HUMAN,Unsafe Speed,HUMAN,Reaction to Other Uninvolved Vehicle,Not Entered,3VWJZ71K18M167055
2018,15248970,DELIVERY TRUCK,COMMERCIAL,Going Straight Ahead,Not Entered,North,Gas,2017,NY,1,8,CHEVR,HUMAN,Not Applicable,ENVMT,Pavement Slippery,Not Applicable,1GB0GRFG9H1222048
2018,15248973,4 DOOR SEDAN,PASSENGER OR SUBURBAN,Going Straight Ahead,Not Entered,East,Gas,2004,NY,1,6,PONTI,HUMAN,Unsafe Speed,ENVMT,Pavement Slippery,Not Applicable,1G2NF52E34C255566
2018,15248988,VAN TRUCK,COMMERCIAL,Stopped in Traffic,Not Entered,East,Diesel,2012,NY,1,6,ME/BE,HUMAN,Not Applicable,HUMAN,Not Applicable,Not Applicable,WD3PE8CB6C5685294
2018,15248987,4 DOOR SEDAN,PASSENGER OR SUBURBAN,Making Right Turn,Not Entered,South,Gas,2016,NY,2,4,FORD,HUMAN,Driver Inexperience*,ENVMT,Pavement Slippery,Not Applicable,1FA6P0H77G5118654
2018,15248993,DUMP,POLITICAL SUBDIVISION,Going Straight Ahead,Not Entered,Northeast,Diesel,2007,NY,2,6,VOLVO,HUMAN,Not Applicable,HUMAN,Not Applicable,Not Applicable,4V5KC9GG77N480090
2018,15248992,4 DOOR SEDAN,PASSENGER OR SUBURBAN,Going Straight Ahead,Not Entered,Southeast,Gas,2015,NY,1,4,VOLKS,HUMAN,Traffic Control Device Disregarded,HUMAN,Unsafe Speed,Not Applicable,3VW2K7AJ1FM347021
2018,15248995,4 DOOR SEDAN,PASSENGER OR SUBURBAN,Going Straight Ahead,Not Entered,North,Gas,2008,NY,2,4,NISSA,HUMAN,Unsafe Speed,ENVMT,Pavement Slippery,Not Applicable,1N4CL21E78C248143
2018,15248997,4 DOOR SEDAN,PASSENGER OR SUBURBAN,Going Straight Ahead,Not Entered,South,Gas,2009,NY,2,4,MERCU,HUMAN,Not Applicable,HUMAN,Not Applicable,Not Applicable,3MEHM07Z39R628366
2018,15248996,SUBURBAN,PASSENGER OR SUBURBAN,Going Straight Ahead,Not Entered,West,Gas,2013,NY,1,6,TOYOT,HUMAN,Not Applicable,HUMAN,Failure to Yield Right-of-Way,Not Applicable,5TDDK3DC4DS069536
2018,15248999,4 DOOR SEDAN,PASSENGER OR SUBURBAN,Going Straight Ahead,Not Entered,West,Gas,2007,NY,1,6,CHEVR,HUMAN,Not Applicable,HUMAN,Not Applicable,Not Applicable,2G1WT55N979276155
2018,15248998,4 DOOR SEDAN,PASSENGER OR SUBURBAN,Going Straight Ahead,Not Entered,East,Gas,2006,NY,1,6,CHEVR,HUMAN,Failure to Yield Right-of-Way,HUMAN,Passing or Lane Usage Improper,Not Applicable,2G1WT58K469139737
2018,15249000,SUBURBAN,PASSENGER OR SUBURBAN,Going Straight Ahead,Not Entered,North,Gas,2010,NY,2,6,GMC,ENVMT,Pavement Slippery,ENVMT,View Obstructed/Limited,Not Applicable,2CTFLGEY8A6259065
2018,15249001,PICKUP TRUCK,AGRICULTURAL TRUCK,Going Straight Ahead,Not Entered,South,Gas,2015,NY,1,6,FORD,HUMAN,Not Applicable,ENVMT,Animal's Action,Not Entered,1FTFX1EG9FFC66897
2018,15249002,SUBURBAN,PASSENGER OR SUBURBAN,Going Straight Ahead,Not Entered,North,Gas,2010,NY,2,6,FORD,HUMAN,Not Applicable,HUMAN,Failure to Yield Right-of-Way,Not Applicable,1FMCU9DG5AKD27735
2018,15249003,SUBURBAN,SPECIAL PASSENGER,Going Straight Ahead,Not Entered,East,Gas,2013,NY,1,6,FORD,HUMAN,Not Applicable,HUMAN,Not Applicable,Not Applicable,1FM5K8F82DGB76858
2018,15249006,SUBURBAN,PASSENGER OR SUBURBAN,Slowing or Stopping,Not Entered,East,Gas,2015,NY,1,4,HONDA,HUMAN,Following Too Closely,ENVMT,Pavement Slippery,Not Applicable,2HKRM4H73FH618042
2018,15249007,PICKUP TRUCK,PASSENGER OR SUBURBAN,Stopped in Traffic,Not Entered,East,Gas,2014,NY,1,8,RAM,HUMAN,Not Applicable,HUMAN,Not Applicable,Not Applicable,1C6RR7FT3ES290728
2018,15249009,4 DOOR SEDAN,PASSENGER OR SUBURBAN,Stopped in Traffic,Not Entered,East,Gas,2011,NY,1,6,AUDI,HUMAN,Not Applicable,HUMAN,Not Applicable,Not Applicable,WAUKGAFB2BN066278
2018,15249008,SUBURBAN,PASSENGER OR SUBURBAN,Going Straight Ahead,Not Entered,East,Gas,2016,NY,1,4,MAZDA,HUMAN,Following Too Closely,ENVMT,Pavement Slippery,Not Applicable,JM3KE4BY3G0603935
2018,15249016,SUBURBAN,PASSENGER OR SUBURBAN,Slowing or Stopping,Not Entered,North,Gas,2012,NY,1,6,JEEP,HUMAN,Unsafe Speed,ENVMT,Pavement Slippery,Not Applicable,1C4PJMAK4CW139746
2018,15249018,SUBURBAN,PASSENGER OR SUBURBAN,Going Straight Ahead,Not Entered,South,Gas,2016,NY,1,4,CHEVR,HUMAN,Not Applicable,HUMAN,Failure to Yield Right-of-Way,Not Applicable,2GNFLFEK4G6204498
2018,15249017,SUBURBAN,PASSENGER OR SUBURBAN,Going Straight Ahead,Not Entered,East,Gas,2015,NY,1,4,JEEP,HUMAN,Not Applicable,HUMAN,Not Applicable,Not Applicable,1C4NJDBB1FD153528
2018,15249021,4 DOOR SEDAN,PASSENGER OR SUBURBAN,Going Straight Ahead,Not Entered,North,Gas,2013,NY,2,4,TOYOT,HUMAN,Not Applicable,HUMAN,Unsafe Speed,Not Applicable,4T1BF1FK9DU250899
2018,15249023,SUBURBAN,OMNIBUS - LIVERY,Going Straight Ahead,Not Entered,West,Gas,2010,NY,1,6,DODGE,HUMAN,Not Applicable,HUMAN,Not Applicable,Not Applicable,2D4RN4DE8AR254250
2018,15249024,SUBURBAN,PASSENGER OR SUBURBAN,Going Straight Ahead,Not Entered,East,Gas,1998,NY,1,4,SUBAR,HUMAN,Not Applicable,VEHICLE,Other*,"Snow Embankment, Collision With Fixed Object",4S3BK4357W7318988
2018,15249026,PICKUP TRUCK,PASSENGER OR SUBURBAN,Going Straight Ahead,Not Entered,South,Gas,2005,NY,1,6,TOYOT,HUMAN,Not Applicable,ENVMT,Animal's Action,Not Applicable,5TETU62N35Z119052
2018,15249030,SUBURBAN,PASSENGER OR SUBURBAN,Going Straight Ahead,Not Entered,West,Gas,2005,NY,1,6,FORD,HUMAN,Not Applicable,HUMAN,Not Applicable,Not Applicable,1FMZK04115GA29084
2018,15249029,4 DOOR SEDAN,PASSENGER OR SUBURBAN,Going Straight Ahead,Not Entered,Southwest,Gas,2012,NY,1,5,VOLKS,HUMAN,Unsafe Speed,ENVMT,Pavement Slippery,Not Applicable,1VWBP7A36CC090826
2018,15249043,4 DOOR SEDAN,PASSENGER OR SUBURBAN,Making Left Turn,Not Entered,North,Gas,2006,NY,2,6,FORD,HUMAN,Not Applicable,HUMAN,Failure to Yield Right-of-Way,Not Applicable,3FAHP08196R122009
2018,15249042,SUBURBAN,PASSENGER OR SUBURBAN,Going Straight Ahead,Not Entered,West,Gas,2012,NY,2,4,CHEVR,HUMAN,Not Applicable,HUMAN,Not Applicable,Not Applicable,2GNFLCEK0C6253772
2018,15249047,SUBURBAN,PASSENGER OR SUBURBAN,Going Straight Ahead,Not Entered,East,Gas,2012,NY,1,6,JEEP,HUMAN,Not Applicable,VEHICLE,Other*,Not Applicable,1C4PJMAK8CW199609
2018,15249046,SUBURBAN,PASSENGER OR SUBURBAN,Making Left Turn,Not Entered,West,Gas,2007,NY,1,8,GMC,HUMAN,Not Applicable,HUMAN,Turning Improperly,Not Applicable,1GKFK13097R416161
2018,15249050,4 DOOR SEDAN,PASSENGER OR SUBURBAN,Parked,Not Entered,North,Gas,2015,NY,1,4,VOLKS,HUMAN,Not Applicable,HUMAN,Not Applicable,Not Applicable,3VW2K7AJ2FM343656
2018,15249049,SUBURBAN,PASSENGER OR SUBURBAN,Stopped in Traffic,Not Entered,East,Gas,2008,NY,1,6,JEEP,HUMAN,Not Applicable,HUMAN,Not Applicable,Not Applicable,1J8GN28KX8W226856
2018,15249048,SUBURBAN,PASSENGER OR SUBURBAN,Going Straight Ahead,Not Entered,East,Gas,2011,NY,1,6,CADIL,HUMAN,Unsafe Speed,ENVMT,Pavement Slippery,"Other Motor Vehicle, Collision With",3GYFNJE65BS511756
2018,15249053,SUBURBAN,PASSENGER OR SUBURBAN,Starting from Parking,Not Entered,North,Gas,2017,NY,1,4,SUBAR,HUMAN,Not Applicable,HUMAN,Not Applicable,"Light Support/Utility Pole, Collision With Fixed Object",JF2SJAEC4HH535104
2018,15249052,SUBURBAN,PASSENGER OR SUBURBAN,Going Straight Ahead,Not Entered,East,Gas,2018,NY,2,4,CHEVR,HUMAN,Not Applicable,HUMAN,Not Applicable,"Other Motor Vehicle, Collision With",2GNAXREV7J6139731
2018,15249051,4 DOOR SEDAN,PASSENGER OR SUBURBAN,Slowing or Stopping,Not Entered,North,Gas,2017,NY,1,4,CHEVR,HUMAN,Not Applicable,HUMAN,Unsafe Speed,"Other Motor Vehicle, Collision With",1G1ZE5ST6HF144151
2018,15249057,4 DOOR SEDAN,PASSENGER OR SUBURBAN,Going Straight Ahead,Not Entered,West,Gas,2013,NY,1,4,KIA,ENVMT,Obstruction/ Debris,ENVMT,Pavement Slippery,Not Applicable,KNAGM4A72D5350838
2018,15249058,SUBURBAN,PASSENGER OR SUBURBAN,Slowing or Stopping,Not Entered,South,Gas,2004,NY,1,6,ME/BE,HUMAN,Not Applicable,ENVMT,Pavement Slippery,Not Applicable,4JGAB57E14A492448
2018,15249060,SUBURBAN,PASSENGER OR SUBURBAN,Overtaking/Passing,Not Entered,South,Gas,2005,NY,1,4,SUBAR,HUMAN,Not Applicable,HUMAN,Passing or Lane Usage Improper,"Earth Embankment/Rock Cut/Ditch, Collision With Fixed Object",JF1GG29685H803540