Year,Case Vehicle ID,Vehicle Body Type,Registration Class,Action Prior to Accident,Type / Axles of Truck or Bus,Direction of Travel,Fuel Type,Vehicle Year,State of Registration,Number of Occupants,Engine Cylinders,Vehicle Make,Contributing Factor 1,Contributing Factor 1 Description,Contributing Factor 2,Contributing Factor 2 Description,Event Type,Partial VIN
2018,15249059,PICKUP TRUCK,AGRICULTURAL TRUCK,Making Left Turn,Not Entered,Southeast,Gas,2016,NY,1,8,RAM,HUMAN,Not Applicable,HUMAN,Not Applicable,Not Applicable,3C6LR5AT4GG237029
2018,15249064,SUBURBAN,PASSENGER OR SUBURBAN,Slowing or Stopping,Not Entered,East,Gas,2015,NY,1,4,HONDA,HUMAN,Not Applicable,HUMAN,Not Applicable,Not Applicable,2HKRM4H57FH657716
2018,15249063,SUBURBAN,PASSENGER OR SUBURBAN,Slowing or Stopping,Not Entered,East,Gas,2013,NY,1,4,MAZDA,HUMAN,Not Applicable,HUMAN,Following Too Closely,Not Applicable,JM3KE4CE1D0134232
2018,15249074,SUBURBAN,PASSENGER OR SUBURBAN,Going Straight Ahead,Not Entered,West,Gas,2003,NY,2,6,JEEP,HUMAN,Unsafe Speed,ENVMT,Pavement Slippery,Not Applicable,1J4GL48K53W629851
2018,15249078,SUBURBAN,PASSENGER OR SUBURBAN,Making Right Turn,Not Entered,Northwest,Gas,2007,NY,1,6,HYUND,HUMAN,Driver Inattention/Distraction*,HUMAN,Unsafe Speed,Not Applicable,KM8JN12D17U642575
2018,15249085,SUBURBAN,PASSENGER OR SUBURBAN,Going Straight Ahead,Not Entered,North,Gas,2002,NY,2,6,JEEP,HUMAN,Not Applicable,HUMAN,Unsafe Speed,"Overturned, Non-Collision",1J4GW48S02C106938
2018,15249088,SUBURBAN,PASSENGER OR SUBURBAN,Slowing or Stopping,Not Entered,South,Electric,2017,NY,1,0,KIA,HUMAN,Not Applicable,HUMAN,Not Applicable,Not Applicable,KNDJP3AE0H7023163
2018,15249087,4 DOOR SEDAN,PASSENGER OR SUBURBAN,Going Straight Ahead,Not Entered,South,Gas,2009,NY,1,4,HONDA,HUMAN,Not Applicable,HUMAN,Following Too Closely,Not Applicable,19XFA15399E024723
2018,15249091,SUBURBAN,PASSENGER OR SUBURBAN,Slowing or Stopping,Not Entered,South,Gas,2016,NY,1,4,KIA,HUMAN,Unsafe Speed,ENVMT,Pavement Slippery,Not Applicable,5XYPGDA3XGG015572
2018,15249099,SUBURBAN,PASSENGER OR SUBURBAN,Going Straight Ahead,Not Entered,North,Gas,2010,NY,1,6,TOYOT,HUMAN,Not Applicable,ENVMT,Animal's Action,Not Applicable,5TDJK4CC9AS031922
2018,15249096,4 DOOR SEDAN,PASSENGER OR SUBURBAN,Going Straight Ahead,Not Entered,South,Gas,2007,NY,1,6,TOYOT,HUMAN,Not Applicable,HUMAN,Not Applicable,Not Applicable,4T1BK36B27U222342
2018,15249095,SUBURBAN,PASSENGER OR SUBURBAN,Making Left Turn,Not Entered,North,Gas,2017,NY,1,6,NISSA,HUMAN,Not Applicable,HUMAN,Failure to Yield Right-of-Way,Not Applicable,5N1AZ2MH0HN193492
2018,15249101,4 DOOR SEDAN,PASSENGER OR SUBURBAN,Slowing or Stopping,Not Entered,West,Gas,2013,NY,1,6,INFIN,HUMAN,Not Applicable,HUMAN,Not Applicable,Not Applicable,JN1CV6ARXDM760338
2018,15249100,SUBURBAN,PASSENGER OR SUBURBAN,Going Straight Ahead,Not Entered,West,Gas,2015,NY,1,8,FORD,HUMAN,Not Applicable,HUMAN,Following Too Closely,Not Applicable,1FT7W2B60FED68913
2018,15249109,SUBURBAN,PASSENGER OR SUBURBAN,Going Straight Ahead,Not Entered,West,Gas,2010,NY,1,6,DODGE,HUMAN,Not Applicable,ENVMT,Pavement Slippery,Not Applicable,2D4RN4DE0AR211716
2018,15249108,PICKUP TRUCK,COMMERCIAL,Backing,Not Entered,South,Gas,2016,NY,1,8,CHEVR,HUMAN,Not Applicable,ENVMT,Pavement Slippery,Not Applicable,1GC0KUEGXGZ191133
2018,15249112,DUMP,POLITICAL SUBDIVISION,Going Straight Ahead,Not Entered,North,Diesel,2017,NY,1,6,INTER,HUMAN,Not Applicable,HUMAN,Not Applicable,"Other Motor Vehicle, Collision With",3HAGPSNR4HL713751
2018,15249111,SUBURBAN,PASSENGER OR SUBURBAN,Stopped in Traffic,Not Entered,South,Gas,2018,NY,1,6,VOLKS,HUMAN,Not Applicable,HUMAN,Not Applicable,Not Applicable,1V2KR2CA2JC530886
2018,15249110,SUBURBAN,PASSENGER OR SUBURBAN,Going Straight Ahead,Not Entered,South,Gas,2015,NY,3,4,JEEP,HUMAN,Following Too Closely,HUMAN,Unsafe Speed,Not Applicable,1C4PJMDB0FW529436
2018,15249113,4 DOOR SEDAN,PASSENGER OR SUBURBAN,Going Straight Ahead,Not Entered,South,Gas,2015,NY,1,4,CHRYS,HUMAN,Not Applicable,ENVMT,Pavement Slippery,Not Applicable,1C3CCCAB6FN734101
2018,15249118,4 DOOR SEDAN,PASSENGER OR SUBURBAN,Going Straight Ahead,Not Entered,West,Gas,2014,NY,1,4,SUBAR,HUMAN,Not Applicable,HUMAN,Following Too Closely,Not Applicable,4S3BMBA6XE3003117
2018,15249130,4 DOOR SEDAN,PASSENGER OR SUBURBAN,Slowing or Stopping,Not Entered,North,Gas,2013,NY,2,4,NISSA,HUMAN,Not Applicable,HUMAN,Not Applicable,Not Applicable,1N4AL3AP3DC918053
2018,15249131,4 DOOR SEDAN,PASSENGER OR SUBURBAN,Slowing or Stopping,Not Entered,North,Gas,2015,NY,1,4,HONDA,HUMAN,Driver Inattention/Distraction*,HUMAN,Following Too Closely,Not Applicable,19XFB2F50FE264693
2018,15249133,SUBURBAN,PASSENGER OR SUBURBAN,Making Left Turn,Not Entered,East,Gas,2013,NY,3,4,JEEP,HUMAN,Not Applicable,HUMAN,Driver Inattention/Distraction*,Not Applicable,1C4NJDEB3DD228674
2018,15249132,PICKUP TRUCK,PASSENGER OR SUBURBAN,Going Straight Ahead,Not Entered,North,Gas,2014,NY,1,8,RAM,HUMAN,Not Applicable,ENVMT,Pavement Slippery,Not Applicable,1C6RR7GT9ES302394
2018,15249135,SUBURBAN,PASSENGER OR SUBURBAN,Stopped in Traffic,Not Entered,Southwest,Gas,2017,NY,1,6,JEEP,HUMAN,Not Applicable,HUMAN,Not Applicable,Not Applicable,1C4RJFBG3HC948386
2018,15249134,PICKUP TRUCK,PASSENGER OR SUBURBAN,Starting in Traffic,Not Entered,Southwest,Gas,2012,NY,1,8,CHEVR,HUMAN,Not Applicable,HUMAN,Driver Inattention/Distraction*,Not Applicable,1GCRKSE72CZ142806
2018,15249136,SUBURBAN,PASSENGER OR SUBURBAN,Going Straight Ahead,Not Entered,North,Gas,2010,NY,1,6,FORD,HUMAN,Not Applicable,VEHICLE,Other*,Not Applicable,1FMEU7FE6AUA00953
2018,15249137,4 DOOR SEDAN,PASSENGER OR SUBURBAN,Going Straight Ahead,Not Entered,West,Gas,2013,NY,1,4,HYUND,HUMAN,Not Applicable,ENVMT,Pavement Slippery,"Sign Post, Collision With Fixed Object",5NPDH4AE5DH260477
2018,15249141,SUBURBAN,PASSENGER OR SUBURBAN,Going Straight Ahead,Not Entered,West,Gas,2016,NY,1,6,JEEP,HUMAN,Not Applicable,HUMAN,Not Applicable,Not Applicable,1C4PJMCS9GW285353
2018,15249140,PICKUP TRUCK,COMMERCIAL,Making Left Turn,Not Entered,North,Gas,2009,NY,1,8,CHEVR,HUMAN,Not Applicable,HUMAN,Failure to Yield Right-of-Way,Not Entered,1GCHK44K79E138375
2018,15249145,4 DOOR SEDAN,PASSENGER OR SUBURBAN,Slowing or Stopping,Not Entered,North,Gas,2014,NY,1,4,DODGE,HUMAN,Not Applicable,HUMAN,Following Too Closely,Not Applicable,1C3CDZAB8EN162057
2018,15249144,SUBURBAN,PASSENGER OR SUBURBAN,Stopped in Traffic,Not Entered,North,Gas,2017,NY,1,4,SUBAR,HUMAN,Not Applicable,HUMAN,Not Applicable,Not Applicable,JF2SJAEC5HH445685
2018,15249147,4 DOOR SEDAN,PASSENGER OR SUBURBAN,Stopped in Traffic,Not Entered,Southeast,Gas,2012,NY,1,4,KIA,HUMAN,Not Applicable,HUMAN,Not Applicable,Not Applicable,KNADM5A34C6029138
2018,15249146,SUBURBAN,PASSENGER OR SUBURBAN,Slowing or Stopping,Not Entered,Southeast,Gas,2012,NY,1,4,TOYOT,HUMAN,Not Applicable,ENVMT,Pavement Slippery,Not Applicable,2T3BF4DVXCW223277
2018,15249151,4 DOOR SEDAN,PASSENGER OR SUBURBAN,Parked,Not Entered,East,Gas,2009,NY,0,4,HONDA,HUMAN,Not Applicable,HUMAN,Not Applicable,Not Applicable,JHMGE88489S051347
2018,15249152,4 DOOR SEDAN,PASSENGER OR SUBURBAN,Backing,Not Entered,South,Gas,2010,NY,1,4,HONDA,HUMAN,Backing Unsafely,HUMAN,Driver Inattention/Distraction*,Not Applicable,2HGFA5E54AH701437
2018,15249153,4 DOOR SEDAN,PASSENGER OR SUBURBAN,Going Straight Ahead,Not Entered,East,Gas,2007,NY,1,4,SATUR,HUMAN,Not Applicable,ENVMT,Pavement Slippery,Not Applicable,1G8AV15B37Z186512
2018,15249158,SUBURBAN,PASSENGER OR SUBURBAN,Going Straight Ahead,Not Entered,South,Gas,2012,NY,2,6,CHEVR,HUMAN,Not Applicable,HUMAN,Not Applicable,Not Applicable,2GNFLNE51C6330753
2018,15249157,4 DOOR SEDAN,PASSENGER OR SUBURBAN,Slowing or Stopping,Not Entered,East,Gas,2013,NY,1,4,NISSA,HUMAN,Unsafe Speed,ENVMT,Pavement Slippery,Not Applicable,1N4AL3AP0DN419599
2018,15249160,4 DOOR SEDAN,PASSENGER OR SUBURBAN,Parked,Not Entered,Northwest,Gas,2008,NY,0,4,DODGE,HUMAN,Not Applicable,HUMAN,Not Applicable,Not Applicable,1B3HB48B48D673048
2018,15249165,SUBURBAN,PASSENGER OR SUBURBAN,Going Straight Ahead,Not Entered,North,Gas,2017,NY,1,4,CHEVR,HUMAN,Not Applicable,ENVMT,Animal's Action,Not Entered,2GNFLFEK5H6147309
2018,15249166,4 DOOR SEDAN,PASSENGER OR SUBURBAN,Going Straight Ahead,Not Entered,South,Gas,1999,NY,1,6,AUDI,HUMAN,Not Applicable,HUMAN,Unsafe Speed,Not Applicable,WAUBA24B1XN084708
2018,15249172,SUBURBAN,PASSENGER OR SUBURBAN,Going Straight Ahead,Not Entered,South,Gas,2003,NY,1,6,TOYOT,HUMAN,Not Applicable,ENVMT,Pavement Slippery,Not Applicable,4T3ZF13CX3U525262
2018,15249184,SUBURBAN,PASSENGER OR SUBURBAN,Parked,Not Entered,South,Gas,2008,NY,0,6,HONDA,HUMAN,Not Applicable,HUMAN,Not Applicable,Not Applicable,5FNRL38488B116941
2018,15249183,SUBURBAN,PASSENGER OR SUBURBAN,Going Straight Ahead,Not Entered,North,Gas,2015,NY,1,4,MAZDA,HUMAN,Not Applicable,ENVMT,Pavement Slippery,Not Applicable,JM3KE4DY0F0470093
2018,15249194,SUBURBAN,PASSENGER OR SUBURBAN,Stopped in Traffic,Not Entered,West,Gas,2008,NY,1,6,DODGE,HUMAN,Not Applicable,HUMAN,Not Applicable,Not Applicable,2D8HN44H38R106926
2018,15249193,4 DOOR SEDAN,PASSENGER OR SUBURBAN,Making Right Turn,Not Entered,North,Gas,2006,NY,1,4,HONDA,ENVMT,Pavement Slippery,ENVMT,Pavement Slippery,Not Applicable,1HGCM56446A090329
2018,15249195,4 DOOR SEDAN,PASSENGER OR SUBURBAN,Going Straight Ahead,Not Entered,North,Gas,2008,NY,1,4,VOLKS,HUMAN,Not Applicable,HUMAN,Reaction to Other Uninvolved Vehicle,Not Applicable,WVWAK73C78P095415
2018,15249197,2 DOOR SEDAN,PASSENGER OR SUBURBAN,Parked,Not Entered,Southeast,Gas,2006,NY,0,4,ACURA,HUMAN,Not Applicable,HUMAN,Not Applicable,Not Applicable,JH4DC53036S009160
2018,15249201,SUBURBAN,PASSENGER OR SUBURBAN,Going Straight Ahead,Not Entered,West,Gas,2001,NY,1,8,CHEVR,HUMAN,Not Applicable,ENVMT,Animal's Action,Not Applicable,1GNHG35G011159951
2018,15249209,4 DOOR SEDAN,PASSENGER OR SUBURBAN,Going Straight Ahead,Not Entered,Southeast,Gas,2011,NY,1,6,BUICK,HUMAN,Unsafe Speed,ENVMT,Pavement Slippery,Not Applicable,1G4GD5ED7BF182576
2018,15249210,4 DOOR SEDAN,PASSENGER OR SUBURBAN,Making Right Turn,Not Entered,Northeast,Gas,2006,NY,1,6,BUICK,HUMAN,Unsafe Speed,ENVMT,Pavement Slippery,Not Applicable,2G4WC582961130274
2018,15249218,4 DOOR SEDAN,PASSENGER OR SUBURBAN,Going Straight Ahead,Not Entered,East,Gas,2010,NY,1,4,CHEVR,HUMAN,Not Applicable,HUMAN,Not Applicable,Not Applicable,1G1ZC5EB4AF297318
2018,15249217,SUBURBAN,PASSENGER OR SUBURBAN,Slowing or Stopping,Not Entered,South,Gas,2015,NY,1,4,TOYOT,HUMAN,Unsafe Speed,ENVMT,Pavement Slippery,Not Applicable,2T3RFREV8FW392373
2018,15249223,PICKUP TRUCK,PASSENGER OR SUBURBAN,Slowing or Stopping,Not Entered,South,Gas,2011,NY,1,6,DODGE,HUMAN,Unsafe Speed,ENVMT,Pavement Slippery,"Guide Rail - Not At End, Collision With Fixed Object",1D7RW2BK4BS510817
2018,15249229,4 DOOR SEDAN,PASSENGER OR SUBURBAN,Going Straight Ahead,Not Entered,Southeast,Gas,2006,NY,1,6,FORD,HUMAN,Unsafe Speed,ENVMT,Pavement Slippery,Not Applicable,1FAFP53U76A174478
2018,15249232,SUBURBAN,PASSENGER OR SUBURBAN,Going Straight Ahead,Not Entered,North,Gas,2002,NY,1,6,LEXUS,HUMAN,Not Applicable,HUMAN,Not Applicable,Not Applicable,JTJHF10U020285034
2018,15249230,2 DOOR SEDAN,PASSENGER OR SUBURBAN,Changing Lanes,Not Entered,North,Gas,2008,NY,1,4,HYUND,HUMAN,Unsafe Speed,HUMAN,Unsafe Lane Changing,Not Applicable,KMHHM66D88U268377
2018,15249236,4 DOOR SEDAN,PASSENGER OR SUBURBAN,Making Right Turn,Not Entered,South,Gas,2011,NY,1,4,MERCU,HUMAN,Not Applicable,HUMAN,Not Applicable,Not Entered,3MEHM0HA4BR603331
2018,15249235,4 DOOR SEDAN,PASSENGER OR SUBURBAN,Going Straight Ahead,Not Entered,South,Gas,2010,NY,2,4,DODGE,HUMAN,Following Too Closely,HUMAN,Unsafe Speed,Not Entered,1B3CB9HB0AD592402
2018,15249240,SUBURBAN,PASSENGER OR SUBURBAN,Going Straight Ahead,Not Entered,South,Gas,2010,NY,2,4,KIA,HUMAN,Not Applicable,HUMAN,Not Applicable,Not Applicable,KNDJT2A20A7056651
2018,15249239,4 DOOR SEDAN,PASSENGER OR SUBURBAN,Going Straight Ahead,Not Entered,South,Gas,2006,NY,2,6,BUICK,HUMAN,Not Applicable,HUMAN,Unsafe Lane Changing,Not Applicable,2G4WC582361314335
2018,15249245,2 DOOR SEDAN,PASSENGER OR SUBURBAN,Parked,Not Entered,East,Gas,2009,NY,1,4,CHEVR,HUMAN,Driver Inattention/Distraction*,HUMAN,Failure to Yield Right-of-Way,Not Applicable,1G1AT18H897166159
2018,15249246,SUBURBAN,PASSENGER OR SUBURBAN,Going Straight Ahead,Not Entered,East,Gas,2016,NY,1,4,NISSA,HUMAN,Not Applicable,HUMAN,Not Applicable,Not Applicable,JN8AT2MV1GW147002
2018,15249241,4 DOOR SEDAN,PASSENGER OR SUBURBAN,Going Straight Ahead,Not Entered,South,Gas,2012,NY,1,4,CHEVR,HUMAN,Unsafe Speed,ENVMT,Pavement Slippery,Not Applicable,1G1ZB5E09CF305613
2018,15249250,4 DOOR SEDAN,PASSENGER OR SUBURBAN,Going Straight Ahead,Not Entered,North,Gas,2008,NY,1,4,FORD,HUMAN,Not Applicable,HUMAN,Not Applicable,Not Applicable,1FAHP35N38W123147
2018,15249253,4 DOOR SEDAN,PASSENGER OR SUBURBAN,Going Straight Ahead,Not Entered,West,Gas,2007,NY,1,4,TOYOT,HUMAN,Not Applicable,HUMAN,Not Applicable,Not Applicable,4T1BE46K57U708947
2018,15249252,SUBURBAN,PASSENGER OR SUBURBAN,Changing Lanes,Not Entered,West,Gas,2013,NY,2,6,DODGE,HUMAN,Not Applicable,HUMAN,Unsafe Lane Changing,Not Entered,1C4RDJDG6DC540465
2018,15249257,PICKUP TRUCK,COMMERCIAL,Stopped in Traffic,Not Entered,South,Gas,2006,NY,1,6,HONDA,HUMAN,Not Applicable,HUMAN,Not Applicable,Not Applicable,2HJYK16466H567679
2018,15249256,SUBURBAN,PASSENGER OR SUBURBAN,Going Straight Ahead,Not Entered,South,Gas,2008,NY,1,6,HYUND,HUMAN,Not Applicable,HUMAN,Following Too Closely,Not Applicable,5NMSH73E08H224379
2018,15249255,4 DOOR SEDAN,SPECIAL PASSENGER,Going Straight Ahead,Not Entered,West,Gas,2009,NY,1,6,HONDA,HUMAN,Not Applicable,HUMAN,Not Applicable,Not Applicable,1HGCP36879A048210
2018,15249254,PICKUP TRUCK,COMMERCIAL,Backing,Not Entered,Northeast,Gas,2016,NY,1,8,GMC,HUMAN,Not Applicable,HUMAN,Backing Unsafely,Not Applicable,1GD32VCG7GZ319944
2018,15249259,4 DOOR SEDAN,PASSENGER OR SUBURBAN,Going Straight Ahead,Not Entered,West,Gas,2012,NY,1,4,DODGE,HUMAN,Not Applicable,HUMAN,Not Applicable,"Snow Embankment, Collision With Fixed Object",1C3CDZAB5CN136786
2018,15249258,SUBURBAN,PASSENGER OR SUBURBAN,Going Straight Ahead,Not Entered,West,Gas,2012,NY,1,6,DODGE,HUMAN,Unsafe Speed,ENVMT,Pavement Slippery,Not Applicable,2C4RDGBG1CR403039
2018,15249260,SUBURBAN,PASSENGER OR SUBURBAN,Making Left Turn,Not Entered,East,Gas,2014,NY,1,4,JEEP,HUMAN,Not Applicable,HUMAN,Unsafe Speed,Not Applicable,1C4NJDBB2ED800114
2018,15249262,SUBURBAN,PASSENGER OR SUBURBAN,Going Straight Ahead,Not Entered,West,Gas,2016,NY,2,6,JEEP,HUMAN,Not Applicable,HUMAN,Not Applicable,Not Applicable,1C4RJFAG5GC318093
2018,15249261,SUBURBAN,PASSENGER OR SUBURBAN,Going Straight Ahead,Not Entered,North,Gas,2008,NY,2,6,MAZDA,HUMAN,Traffic Control Device Disregarded,ENVMT,Pavement Slippery,Not Applicable,JM3TB38V880122259
2018,15249268,4 DOOR SEDAN,PASSENGER OR SUBURBAN,Going Straight Ahead,Not Entered,East,Gas,2013,NY,1,4,MAZDA,HUMAN,Not Applicable,HUMAN,Not Applicable,Not Applicable,JM1BL1TG5D1789096
2018,15249267,SUBURBAN,PASSENGER OR SUBURBAN,Going Straight Ahead,Not Entered,East,Gas,2005,NY,1,4,SATUR,HUMAN,Passing or Lane Usage Improper,HUMAN,Unsafe Speed,"Light Support/Utility Pole, Collision With Fixed Object",5GZCZ43D25S820857
2018,15249278,4 DOOR SEDAN,PASSENGER OR SUBURBAN,Going Straight Ahead,Not Entered,Northeast,Gas,2009,NY,2,4,TOYOT,HUMAN,Not Applicable,HUMAN,Unsafe Speed,Not Applicable,2T1LE40E59C001889
2018,15249280,SUBURBAN,PASSENGER OR SUBURBAN,Stopped in Traffic,Not Entered,East,Gas,2005,NY,1,6,DODGE,HUMAN,Not Applicable,HUMAN,Not Applicable,Not Applicable,2D4GP24R05R191613
2018,15249279,SUBURBAN,PASSENGER OR SUBURBAN,Going Straight Ahead,Not Entered,East,Gas,2017,NY,1,4,TOYOT,HUMAN,Not Applicable,ENVMT,Pavement Slippery,Not Applicable,2T3BFREV1HW606589
2018,15249292,TOW TRUCK,TOW TRUCK,Going Straight Ahead,Not Entered,North,Diesel,2013,NY,1,6,INTER,HUMAN,Not Applicable,HUMAN,Reaction to Other Uninvolved Vehicle,Not Applicable,1HTMMAAL0DH332051
2018,15315039,SUBURBAN,PASSENGER OR SUBURBAN,Going Straight Ahead,Not Entered,East,Gas,2015,NY,1,4,GMC,HUMAN,Not Entered,HUMAN,Failure to Keep Right,Not Entered,2GKFLVEK3F6187957
2018,15249298,4 DOOR SEDAN,PASSENGER OR SUBURBAN,Backing,Not Entered,North,Gas,2002,NY,1,8,CADIL,HUMAN,Backing Unsafely,HUMAN,Outside Car Distraction*,Not Applicable,1G6KD57Y42U296810
2018,15249300,4 DOOR SEDAN,SPECIAL PASSENGER,Going Straight Ahead,Not Entered,North,Gas,2007,NY,1,6,CHEVR,HUMAN,Not Applicable,HUMAN,Not Applicable,Not Applicable,2G1WB58KX79197162
2018,15249299,SUBURBAN,PASSENGER OR SUBURBAN,Changing Lanes,Not Entered,North,Gas,2013,NY,1,4,FORD,HUMAN,Not Applicable,HUMAN,Passing or Lane Usage Improper,Not Applicable,1FMCU0H98DUA28918
2018,15249306,SUBURBAN,PASSENGER OR SUBURBAN,Stopped in Traffic,Not Entered,Northwest,Gas,2008,NY,6,6,CHRYS,HUMAN,Not Applicable,HUMAN,Not Applicable,Not Applicable,2A8HR54P88R612910
2018,15249305,2 DOOR SEDAN,PASSENGER OR SUBURBAN,Going Straight Ahead,Not Entered,Northwest,Gas,2017,NY,1,4,ME/BE,HUMAN,Not Applicable,HUMAN,Alcohol Involvement,Not Applicable,WDDWJ4KB1HF544504
2018,15249317,4 DOOR SEDAN,PASSENGER OR SUBURBAN,Going Straight Ahead,Not Entered,West,Gas,2016,NY,2,4,SUBAR,HUMAN,Reaction to Other Uninvolved Vehicle,ENVMT,Pavement Slippery,Not Applicable,4S3BNAC61G3062354
2018,15249321,PICKUP TRUCK,AGRICULTURAL TRUCK,Going Straight Ahead,Not Entered,East,Gas,1998,NY,1,8,CHEVR,HUMAN,Not Applicable,HUMAN,Not Applicable,Not Entered,2GCEK19R8W1213329
2018,15249320,PICKUP TRUCK,AGRICULTURAL TRUCK,Going Straight Ahead,Not Entered,West,Gas,2009,NY,1,8,CHEVR,HUMAN,Not Applicable,HUMAN,Not Applicable,Not Entered,1GCHK59KX9E148171
2018,15249323,BUS (OMNIBUS),POLITICAL SUBDIVISION,Going Straight Ahead,Not Entered,West,Compressed Natural Gas,2012,NY,4,6,ORION,HUMAN,Not Applicable,HUMAN,Not Applicable,Not Applicable,1VHGH3W59C6708328
2018,15249322,4 DOOR SEDAN,PASSENGER OR SUBURBAN,Going Straight Ahead,Not Entered,South,Gas,2001,NY,2,6,FORD,HUMAN,Unsafe Speed,ENVMT,Pavement Slippery,"Fire Hydrant, Collision With Fixed Object",1FAFP552X1G244136
2018,15249326,DUMP,POLITICAL SUBDIVISION,Going Straight Ahead,Not Entered,South,Diesel,2005,NY,2,6,INTER,HUMAN,Passing or Lane Usage Improper,ENVMT,Pavement Slippery,Not Applicable,1HTWXAHT55J152872
2018,15249332,4 DOOR SEDAN,PASSENGER OR SUBURBAN,Going Straight Ahead,Not Entered,North,Gas,2015,NY,1,4,CHEVR,HUMAN,Not Applicable,HUMAN,Not Applicable,Not Applicable,1G11C5SL8FF196476
2018,15249331,4 DOOR SEDAN,PASSENGER OR SUBURBAN,Going Straight Ahead,Not Entered,North,Gas,2006,NY,1,6,FORD,HUMAN,Not Applicable,HUMAN,Not Applicable,Not Applicable,1FAFP53U96A259581
2018,15249330,4 DOOR SEDAN,PASSENGER OR SUBURBAN,Going Straight Ahead,Not Entered,North,Gas,2016,NY,1,4,MAZDA,HUMAN,Not Applicable,ENVMT,Pavement Slippery,Not Applicable,JM1GJ1U5XG1421008
2018,15249334,SUBURBAN,PASSENGER OR SUBURBAN,Going Straight Ahead,Not Entered,East,Gas,2014,NY,1,4,SUBAR,HUMAN,Not Applicable,HUMAN,Not Applicable,Not Applicable,4S4BRBCC2E3214778
2018,15249333,4 DOOR SEDAN,PASSENGER OR SUBURBAN,Going Straight Ahead,Not Entered,East,Gas,2007,NY,3,6,DODGE,HUMAN,Unsafe Speed,ENVMT,Pavement Slippery,Not Applicable,2B3KA43G07H825095
2018,15249335,4 DOOR SEDAN,PASSENGER OR SUBURBAN,Going Straight Ahead,Not Entered,North,Gas,2016,NY,1,4,HYUND,HUMAN,Unsafe Speed,ENVMT,Pavement Slippery,Not Applicable,KMHCT4AE2GU124825
2018,15249336,4 DOOR SEDAN,PASSENGER OR SUBURBAN,Going Straight Ahead,Not Entered,South,Gas,2012,NY,1,4,CHEVR,HUMAN,Following Too Closely,HUMAN,Reaction to Other Uninvolved Vehicle,Not Applicable,1G1ZB5E05CF233860
2018,15249337,SUBURBAN,PASSENGER OR SUBURBAN,Slowing or Stopping,Not Entered,South,Gas,2014,NY,1,6,LINCO,HUMAN,Not Applicable,HUMAN,Reaction to Other Uninvolved Vehicle,Not Applicable,2LMDJ8JK8EBL05202
2018,15249347,SUBURBAN,PASSENGER OR SUBURBAN,Going Straight Ahead,Not Entered,South,Gas,2004,NY,2,8,DODGE,HUMAN,Unsafe Speed,ENVMT,Pavement Slippery,"Fence, Collision With Fixed Object",1D4HB48D94F164543
2018,15249350,4 DOOR SEDAN,PASSENGER OR SUBURBAN,Going Straight Ahead,Not Entered,North,Gas,2007,NY,1,4,TOYOT,HUMAN,Not Applicable,ENVMT,Pavement Slippery,Not Applicable,4T1BE46K47U143297
2018,15249356,SUBURBAN,PASSENGER OR SUBURBAN,Parked,Not Entered,North,Gas,2008,NY,0,6,BUICK,HUMAN,Not Applicable,HUMAN,Not Applicable,"Building/Wall, Collision With Fixed Object",5GAEV23798J110175
2018,15249355,SUBURBAN,PASSENGER OR SUBURBAN,Going Straight Ahead,Not Entered,North,Gas,2016,NY,1,4,JEEP,HUMAN,Not Applicable,HUMAN,Physical Disability,Not Applicable,1C4NJRBB0GD668633
2018,15249363,VAN TRUCK,COMMERCIAL,Backing,Not Entered,East,Diesel,2017,NY,1,6,KENWO,HUMAN,Backing Unsafely,ENVMT,View Obstructed/Limited,Not Applicable,2NKHHM6X4HM166929
2018,15249368,4 DOOR SEDAN,PASSENGER OR SUBURBAN,Stopped in Traffic,Not Entered,West,Gas,2007,NY,1,4,TOYOT,HUMAN,Not Applicable,HUMAN,Not Applicable,Not Applicable,2T1BR32E07C848520
2018,15249367,SUBURBAN,PASSENGER OR SUBURBAN,Going Straight Ahead,Not Entered,West,Gas,2002,NY,1,8,CHEVR,HUMAN,Not Applicable,HUMAN,Following Too Closely,Not Applicable,1GNEK13Z22J225380
2018,15249373,4 DOOR SEDAN,PASSENGER OR SUBURBAN,Going Straight Ahead,Not Entered,East,Gas,2015,NY,1,4,NISSA,HUMAN,Not Applicable,ENVMT,Animal's Action,Not Applicable,1N4AL3AP1FC486355
2018,15249374,4 DOOR SEDAN,PASSENGER OR SUBURBAN,Making Left Turn,Not Entered,East,Gas,2002,NY,1,6,DODGE,HUMAN,Alcohol Involvement,HUMAN,Failure to Yield Right-of-Way,"Other Motor Vehicle, Collision With",2B3HD46RX2H177174
2018,15249375,SUBURBAN,PASSENGER OR SUBURBAN,Going Straight Ahead,Not Entered,North,Gas,2010,NY,2,6,JEEP,HUMAN,Not Applicable,HUMAN,Not Applicable,"Other Motor Vehicle, Collision With",1J4PR4GK3AC163173
2018,15249384,UTILITY,POLITICAL SUBDIVISION,Slowing or Stopping,Not Entered,East,Diesel,2017,NY,1,8,FORD,HUMAN,Not Applicable,HUMAN,Not Applicable,Not Entered,1FDXF7DC9HDB10717
2018,15249385,4 DOOR SEDAN,PASSENGER OR SUBURBAN,Slowing or Stopping,Not Entered,East,Gas,2014,NY,1,4,ME/BE,HUMAN,Not Applicable,HUMAN,Following Too Closely,Not Entered,WDDGF4HB9EG242560
2018,15249382,4 DOOR SEDAN,OMNIBUS - LIVERY,Parked,Not Entered,Unknown,Gas,2014,NY,1,6,LINCO,HUMAN,Not Entered,HUMAN,Not Applicable,Not Applicable,1LNHL9EK4EG608915