Year,Case Vehicle ID,Vehicle Body Type,Registration Class,Action Prior to Accident,Type / Axles of Truck or Bus,Direction of Travel,Fuel Type,Vehicle Year,State of Registration,Number of Occupants,Engine Cylinders,Vehicle Make,Contributing Factor 1,Contributing Factor 1 Description,Contributing Factor 2,Contributing Factor 2 Description,Event Type,Partial VIN
2018,15249381,PICKUP TRUCK,PASSENGER OR SUBURBAN,Slowing or Stopping,Not Entered,West,Gas,2002,NY,1,8,GMC,VEHICLE,Tire Failure/Inadequate,ENVMT,Pavement Slippery,"Other Motor Vehicle, Collision With",2GTFK69U821351212
2018,15249383,4 DOOR SEDAN,PASSENGER OR SUBURBAN,Parked,Not Entered,Unknown,Gas,2016,NY,0,4,HYUND,HUMAN,Not Entered,HUMAN,Not Applicable,Not Applicable,KMHCT4AE3GU026841
2018,15249390,4 DOOR SEDAN,PASSENGER OR SUBURBAN,Going Straight Ahead,Not Entered,Northeast,Gas,2008,NY,2,6,INFIN,HUMAN,Not Applicable,HUMAN,Not Applicable,Not Applicable,JNKBV61F88M276431
2018,15249389,4 DOOR SEDAN,PASSENGER OR SUBURBAN,Going Straight Ahead,Not Entered,Southwest,Gas,2001,NY,1,4,HONDA,HUMAN,Not Applicable,ENVMT,Pavement Slippery,"Bridge Structure, Collision With Fixed Object",JHMCG56681C015989
2018,15249388,4 DOOR SEDAN,PASSENGER OR SUBURBAN,Going Straight Ahead,Not Entered,South,Gas,1998,NY,1,4,TOYOT,HUMAN,Driver Inattention/Distraction*,HUMAN,Unsafe Speed,"Sign Post, Collision With Fixed Object",4T1BG22K4WU251311
2018,15249391,4 DOOR SEDAN,PASSENGER OR SUBURBAN,Slowing or Stopping,Not Entered,South,Gas,2016,NY,1,4,SUBAR,HUMAN,Unsafe Speed,ENVMT,Pavement Slippery,Not Applicable,JF1VA2Z64G9810880
2018,15249392,2 DOOR SEDAN,PASSENGER OR SUBURBAN,Going Straight Ahead,Not Entered,North,Gas,2011,NY,1,4,HONDA,HUMAN,Unsafe Speed,ENVMT,Pavement Slippery,Not Applicable,2HGFG1B6XBH501345
2018,15249393,SUBURBAN,PASSENGER OR SUBURBAN,Slowing or Stopping,Not Entered,South,Gas,2006,NY,2,4,HONDA,HUMAN,Not Applicable,HUMAN,Not Applicable,Not Applicable,SHSRD78806U433741
2018,15249394,4 DOOR SEDAN,PASSENGER OR SUBURBAN,Slowing or Stopping,Not Entered,West,Gas,2008,NY,1,4,HYUND,HUMAN,Driver Inattention/Distraction*,ENVMT,Pavement Slippery,Not Applicable,KMHDU46D78U581035
2018,15249397,4 DOOR SEDAN,PASSENGER OR SUBURBAN,Going Straight Ahead,Not Entered,West,Gas,2012,NY,1,4,DODGE,HUMAN,Not Applicable,ENVMT,Pavement Slippery,Not Applicable,1C3CDZCB6CN126023
2018,15249396,SUBURBAN,PASSENGER OR SUBURBAN,Going Straight Ahead,Not Entered,East,Gas,2012,NY,2,4,KIA,HUMAN,Not Applicable,HUMAN,Not Applicable,Not Applicable,5XYKTDA64CG205491
2018,15249401,SUBURBAN,PASSENGER OR SUBURBAN,Going Straight Ahead,Not Entered,South,Gas,2010,NY,1,6,DODGE,HUMAN,Driver Inattention/Distraction*,HUMAN,Following Too Closely,Not Applicable,3D4PH5FV9AT283268
2018,15249404,4 DOOR SEDAN,PASSENGER OR SUBURBAN,Going Straight Ahead,Not Entered,East,Gas,2009,NY,1,4,TOYOT,HUMAN,Not Applicable,ENVMT,Pavement Slippery,"Earth Embankment/Rock Cut/Ditch, Collision With Fixed Object",JTDBL40E99J049210
2018,15249405,SUBURBAN,PASSENGER OR SUBURBAN,Going Straight Ahead,Not Entered,North,Gas,2006,NY,1,6,JEEP,HUMAN,Unsafe Speed,ENVMT,Pavement Slippery,Not Applicable,1J4GL48K66W271289
2018,15249406,4 DOOR SEDAN,PASSENGER OR SUBURBAN,Going Straight Ahead,Not Entered,North,Gas,2016,NY,1,4,FORD,HUMAN,Unsafe Speed,ENVMT,Pavement Slippery,Not Applicable,3FA6P0H70GR109078
2018,15249409,SUBURBAN,PASSENGER OR SUBURBAN,Going Straight Ahead,Not Entered,Southeast,Gas,2007,NY,1,6,SATUR,HUMAN,Not Applicable,ENVMT,Pavement Slippery,Not Applicable,5GZCZ53417S860193
2018,15249410,4 DOOR SEDAN,PASSENGER OR SUBURBAN,Slowing or Stopping,Not Entered,South,Gas,2010,NY,1,4,HONDA,HUMAN,Not Applicable,ENVMT,Pavement Slippery,Not Applicable,2HGFA1F89AH528466
2018,15249414,SUBURBAN,PASSENGER OR SUBURBAN,Going Straight Ahead,Not Entered,South,Gas,2011,NY,1,6,CADIL,HUMAN,Not Applicable,HUMAN,Not Applicable,Not Applicable,3GYFNAEY1BS679590
2018,15249413,SUBURBAN,PASSENGER OR SUBURBAN,Going Straight Ahead,Not Entered,West,Gas,2006,NY,1,4,SUBAR,HUMAN,Failure to Yield Right-of-Way,HUMAN,Traffic Control Device Disregarded,Not Applicable,JF1SG636X6G721312
2018,15249419,SUBURBAN,PASSENGER OR SUBURBAN,Parked,Not Entered,South,Gas,2002,NY,0,6,JEEP,HUMAN,Not Applicable,HUMAN,Not Applicable,Not Applicable,1J4GL58K72W216088
2018,15249417,SUBURBAN,PASSENGER OR SUBURBAN,Going Straight Ahead,Not Entered,South,Gas,2004,NY,1,6,VOLKS,HUMAN,Not Applicable,ENVMT,Pavement Slippery,Not Applicable,WVWYH63B94E061903
2018,15249430,PICKUP TRUCK,PASSENGER OR SUBURBAN,Stopped in Traffic,Not Entered,South,Gas,1998,NY,1,4,CHEVR,HUMAN,Not Applicable,HUMAN,Not Applicable,Not Applicable,1GCCS1443WK160588
2018,15249429,4 DOOR SEDAN,PASSENGER OR SUBURBAN,Slowing or Stopping,Not Entered,South,Gas,2006,NY,1,4,VOLKS,HUMAN,Unsafe Speed,ENVMT,Pavement Slippery,Not Applicable,WVWAK73C46P212851
2018,15249431,PICKUP TRUCK,PASSENGER OR SUBURBAN,Going Straight Ahead,Not Entered,North,Gas,2005,NY,2,6,FORD,HUMAN,Not Applicable,ENVMT,Pavement Slippery,Not Applicable,1FTYR15E75PA22711
2018,15249434,4 DOOR SEDAN,PASSENGER OR SUBURBAN,Going Straight Ahead,Not Entered,East,Gas,2010,NY,1,4,HONDA,HUMAN,Alcohol Involvement,HUMAN,Unsafe Lane Changing,Not Applicable,1HGCP2F76AA157165
2018,15249436,PICKUP TRUCK,PASSENGER OR SUBURBAN,Going Straight Ahead,Not Entered,West,Gas,1995,NY,1,8,FORD,HUMAN,Not Applicable,HUMAN,Not Applicable,Not Applicable,1FTEX14H9SKB05019
2018,15249435,4 DOOR SEDAN,PASSENGER OR SUBURBAN,Going Straight Ahead,Not Entered,East,Gas,2010,NY,1,4,CHEVR,HUMAN,Not Applicable,HUMAN,Failure to Keep Right,Not Applicable,KL1TD5DE2AB050786
2018,15249440,4 DOOR SEDAN,PASSENGER OR SUBURBAN,Going Straight Ahead,Not Entered,South,Gas,2016,NY,1,4,FORD,HUMAN,Not Applicable,HUMAN,Not Applicable,Not Applicable,1FA6P0H70G5109844
2018,15249439,PICKUP TRUCK,COMMERCIAL,Backing,Not Entered,North,Gas,2017,NY,1,8,FORD,HUMAN,Not Applicable,ENVMT,View Obstructed/Limited,Not Applicable,1FTRF3D65HEE27033
2018,15249443,4 DOOR SEDAN,PASSENGER OR SUBURBAN,Parked,Not Entered,South,Gas,2010,NY,1,4,CHRYS,HUMAN,Not Applicable,HUMAN,Not Applicable,Not Applicable,1C3CC5FB2AN217424
2018,15249442,PICKUP TRUCK,POLITICAL SUBDIVISION,Going Straight Ahead,Not Entered,South,Gas,2017,NY,1,8,CHEVR,HUMAN,Not Applicable,ENVMT,Pavement Slippery,Not Applicable,1GC3KYCG3HZ365598
2018,15249450,4 DOOR SEDAN,PASSENGER OR SUBURBAN,Stopped in Traffic,Not Entered,East,Gas,2012,NY,1,4,HONDA,HUMAN,Not Applicable,HUMAN,Not Applicable,Not Applicable,2HGFB2F90CH552167
2018,15249449,SUBURBAN,PASSENGER OR SUBURBAN,Slowing or Stopping,Not Entered,East,Gas,2007,NY,1,6,FORD,HUMAN,Not Applicable,ENVMT,Pavement Slippery,Not Applicable,2FMDK38C07BB38816
2018,15249454,4 DOOR SEDAN,PASSENGER OR SUBURBAN,Going Straight Ahead,Not Entered,South,Gas,2012,NY,1,4,HONDA,HUMAN,Not Applicable,HUMAN,Not Applicable,Not Entered,2HGFB2F50CH607276
2018,15249452,4 DOOR SEDAN,PASSENGER OR SUBURBAN,Going Straight Ahead,Not Entered,South,Gas,2003,NY,2,4,KIA,HUMAN,Not Applicable,HUMAN,Not Applicable,Not Entered,KNADC125936226947
2018,15249451,SUBURBAN,PASSENGER OR SUBURBAN,Making Right Turn,Not Entered,Southeast,Gas,2005,NY,1,6,FORD,HUMAN,Not Applicable,HUMAN,Failure to Yield Right-of-Way,Not Entered,1FMYU93195DA21151
2018,15249453,SUBURBAN,PASSENGER OR SUBURBAN,Going Straight Ahead,Not Entered,South,Gas,2017,NY,1,4,NISSA,HUMAN,Not Applicable,HUMAN,Not Applicable,Not Entered,JN8AT2MV0HW256634
2018,15249458,SUBURBAN,PASSENGER OR SUBURBAN,Stopped in Traffic,Not Entered,South,Gas,2018,NY,2,6,JEEP,HUMAN,Not Applicable,HUMAN,Not Applicable,Not Applicable,1C4RJFBG0JC144908
2018,15249457,4 DOOR SEDAN,PASSENGER OR SUBURBAN,Going Straight Ahead,Not Entered,South,Gas,2008,NY,1,4,HONDA,HUMAN,Not Applicable,ENVMT,Pavement Slippery,Not Applicable,2HGFA16598H322595
2018,15249460,SUBURBAN,PASSENGER OR SUBURBAN,Making Right Turn,Not Entered,West,Gas,2005,NY,1,6,HYUND,HUMAN,Not Applicable,HUMAN,Failure to Yield Right-of-Way,Not Applicable,KM8JN12D95U116269
2018,15249459,SUBURBAN,PASSENGER OR SUBURBAN,Going Straight Ahead,Not Entered,South,Gas,2014,NY,2,6,DODGE,HUMAN,Not Applicable,HUMAN,Not Applicable,Not Applicable,2C4RDGCG0ER155349
2018,15249461,SUBURBAN,PASSENGER OR SUBURBAN,Going Straight Ahead,Not Entered,West,Gas,2002,NY,1,8,TOYOT,HUMAN,Unsafe Speed,ENVMT,Pavement Slippery,Not Applicable,5TDBT48A12S132799
2018,15249469,SUBURBAN,PASSENGER OR SUBURBAN,Going Straight Ahead,Not Entered,West,Gas,2016,NY,1,4,MAZDA,HUMAN,Not Applicable,HUMAN,Reaction to Other Uninvolved Vehicle,Not Applicable,JM3TCBCY7G0126259
2018,15249468,SUBURBAN,PASSENGER OR SUBURBAN,Going Straight Ahead,Not Entered,West,Gas,2013,NY,1,4,HONDA,HUMAN,Following Too Closely,ENVMT,Pavement Slippery,Not Applicable,5J6RM4H78DL072650
2018,15249477,4 DOOR SEDAN,PASSENGER OR SUBURBAN,Going Straight Ahead,Not Entered,South,Gas,2009,NY,1,4,PONTI,HUMAN,Not Applicable,ENVMT,Animal's Action,Not Applicable,5Y2SM67089Z435671
2018,15249474,4 DOOR SEDAN,PASSENGER OR SUBURBAN,Going Straight Ahead,Not Entered,North,Gas,2017,NY,1,4,HONDA,HUMAN,Alcohol Involvement,HUMAN,Unsafe Speed,Not Applicable,1HGCR2F50HA121748
2018,15249475,SUBURBAN,PASSENGER OR SUBURBAN,Stopped in Traffic,Not Entered,North,Gas,2005,NY,1,6,FORD,HUMAN,Not Applicable,HUMAN,Unknown,Not Applicable,1FMZU73EX5UA16049
2018,15249482,4 DOOR SEDAN,PASSENGER OR SUBURBAN,Making Left Turn,Not Entered,Northwest,Gas,2013,NY,1,4,CHEVR,HUMAN,Turning Improperly,ENVMT,Pavement Slippery,"Sign Post, Collision With Fixed Object",1G1PA5SG4D7181922
2018,15249484,SUBURBAN,POLITICAL SUBDIVISION,Making Right Turn,Not Entered,North,Gas,2016,NY,3,6,DODGE,HUMAN,Not Applicable,HUMAN,Not Applicable,Not Applicable,2C4RDGBG5GR372030
2018,15249483,4 DOOR SEDAN,PASSENGER OR SUBURBAN,Going Straight Ahead,Not Entered,North,Gas,2015,NY,2,4,KIA,HUMAN,Following Too Closely,HUMAN,Unsafe Speed,"Sign Post, Collision With Fixed Object",KNAGM4A79F5617122
2018,15249487,SUBURBAN,PASSENGER OR SUBURBAN,Going Straight Ahead,Not Entered,Northeast,Gas,2010,NY,1,6,DODGE,HUMAN,Not Applicable,ENVMT,Pavement Slippery,Not Applicable,2D4RN5D19AR245124
2018,15249489,PICKUP TRUCK,PASSENGER OR SUBURBAN,Going Straight Ahead,Not Entered,West,Gas,2008,NY,1,8,GMC,HUMAN,Not Applicable,ENVMT,Pavement Slippery,Not Applicable,1GTHK24K28E106159
2018,15249490,TRACTOR,INTERNATIONAL REGISTRATION,Making Left Turn,Not Entered,East,Diesel,2014,NY,1,6,FREIG,HUMAN,Not Applicable,HUMAN,Failure to Yield Right-of-Way,Not Applicable,3AKBCYCY8EDFZ4590
2018,15249491,4 DOOR SEDAN,PASSENGER OR SUBURBAN,Going Straight Ahead,Not Entered,East,Gas,2008,NY,1,4,PONTI,HUMAN,Not Applicable,ENVMT,Pavement Slippery,Not Applicable,1G2AL55F287312432
2018,15249492,PICKUP TRUCK,PASSENGER OR SUBURBAN,Overtaking/Passing,Not Entered,East,Gas,2009,NY,1,4,TOYOT,HUMAN,Reaction to Other Uninvolved Vehicle,ENVMT,Pavement Slippery,Not Applicable,5TEUX42N79Z601285
2018,15249501,SUBURBAN,PASSENGER OR SUBURBAN,Stopped in Traffic,Not Entered,South,Gas,2015,NY,1,4,HONDA,HUMAN,Not Applicable,HUMAN,Not Applicable,Not Applicable,5J6RM4H3XFL110539
2018,15249500,SUBURBAN,PASSENGER OR SUBURBAN,Going Straight Ahead,Not Entered,South,Gas,2008,NY,1,4,SUBAR,HUMAN,Driver Inattention/Distraction*,HUMAN,Following Too Closely,Not Applicable,JF1GH61628H810794
2018,15249506,SUBURBAN,PASSENGER OR SUBURBAN,Slowing or Stopping,Not Entered,North,Gas,2010,NY,1,4,SUBAR,HUMAN,Not Applicable,ENVMT,Pavement Slippery,Not Applicable,JF2SH6DCXAH717745
2018,15249505,4 DOOR SEDAN,PASSENGER OR SUBURBAN,Going Straight Ahead,Not Entered,North,Gas,2016,NY,1,4,HONDA,HUMAN,Following Too Closely,ENVMT,Pavement Slippery,Not Applicable,1HGCR2F57GA234952
2018,15249504,PICKUP TRUCK,PASSENGER OR SUBURBAN,Going Straight Ahead,Not Entered,South,Gas,2004,NY,1,8,NISSA,HUMAN,Alcohol Involvement,HUMAN,Unsafe Speed,"Light Support/Utility Pole, Collision With Fixed Object",1N6AA06B94N532248
2018,15249503,4 DOOR SEDAN,PASSENGER OR SUBURBAN,Going Straight Ahead,Not Entered,North,Gas,2002,NY,1,6,NISSA,HUMAN,Not Applicable,HUMAN,Not Applicable,Not Applicable,1N4BL11E42C166402
2018,15249502,SUBURBAN,PASSENGER OR SUBURBAN,Going Straight Ahead,Not Entered,South,Gas,2007,NY,1,6,FORD,HUMAN,Not Applicable,ENVMT,Pavement Slippery,Not Applicable,1FMEU73E87UA53053
2018,15249509,PICKUP TRUCK,COMMERCIAL,Stopped in Traffic,Not Entered,West,Diesel,2012,NY,1,8,FORD,HUMAN,Not Applicable,HUMAN,Not Applicable,Not Applicable,1FT7W2BT9CEA85010
2018,15249508,SUBURBAN,PASSENGER OR SUBURBAN,Slowing or Stopping,Not Entered,West,Gas,2010,NY,1,6,FORD,HUMAN,Unsafe Speed,ENVMT,Pavement Slippery,Not Applicable,2FMDK4JC0ABB53243
2018,15249513,PICKUP TRUCK,PASSENGER OR SUBURBAN,Going Straight Ahead,Not Entered,West,Gas,2009,NY,1,6,NISSA,HUMAN,Not Applicable,ENVMT,Pavement Slippery,Not Applicable,1N6AD06W19C402204
2018,15249514,SUBURBAN,PASSENGER OR SUBURBAN,Going Straight Ahead,Not Entered,North,Gas,2007,NY,4,6,NISSA,HUMAN,Not Applicable,ENVMT,Pavement Slippery,Not Applicable,5N1BV28U47N130367
2018,15249515,PICKUP TRUCK,COMMERCIAL,Backing,Not Entered,North,Gas,2016,NY,1,8,CHEVR,HUMAN,Backing Unsafely,ENVMT,View Obstructed/Limited,Not Applicable,1GC4KYCG5GF243720
2018,15249516,SUBURBAN,PASSENGER OR SUBURBAN,Going Straight Ahead,Not Entered,East,Gas,2003,NY,4,6,OLDSM,HUMAN,Not Applicable,HUMAN,Not Applicable,Not Applicable,1GHDX13E43D292107
2018,15249522,4 DOOR SEDAN,PASSENGER OR SUBURBAN,Going Straight Ahead,Not Entered,South,Gas,2004,NY,1,4,HONDA,HUMAN,Not Applicable,HUMAN,Failure to Keep Right,Not Applicable,1HGCM56714A052757
2018,15249523,SUBURBAN,OMNIBUS - LIVERY,Going Straight Ahead,Not Entered,South,Flex,2007,NY,1,6,DODGE,HUMAN,Not Applicable,ENVMT,Animal's Action,Not Applicable,1D4GP25E87B222393
2018,15249526,SUBURBAN,PASSENGER OR SUBURBAN,Going Straight Ahead,Not Entered,North,Gas,2004,NY,1,4,SUBAR,HUMAN,Not Applicable,ENVMT,Animal's Action,Not Applicable,JF1SG63644H765832
2018,15249531,4 DOOR SEDAN,PASSENGER OR SUBURBAN,Going Straight Ahead,Not Entered,Northwest,Gas,2011,NY,1,4,FORD,HUMAN,Not Applicable,ENVMT,Animal's Action,Not Applicable,3FAHP0HA6BR259760
2018,15249533,SUBURBAN,PASSENGER OR SUBURBAN,Going Straight Ahead,Not Entered,East,Gas,2005,NY,1,4,SATUR,HUMAN,Not Applicable,HUMAN,Not Applicable,Not Applicable,5GZCZ33DX5S859433
2018,15249532,PICKUP TRUCK,COMMERCIAL,Going Straight Ahead,Not Entered,North,Diesel,2005,NY,1,8,CHEVR,HUMAN,Not Applicable,HUMAN,Traffic Control Device Disregarded,Not Applicable,1GCHK232X5F960226
2018,15249536,2 DOOR SEDAN,PASSENGER OR SUBURBAN,Going Straight Ahead,Not Entered,West,Gas,2000,NY,1,6,MITSU,HUMAN,Not Applicable,ENVMT,Pavement Slippery,Not Applicable,4A3AC54L8YE090992
2018,15249535,PICKUP TRUCK,PASSENGER OR SUBURBAN,Stopped in Traffic,Not Entered,North,Gas,2013,NY,1,8,TOYOT,HUMAN,Not Applicable,HUMAN,Not Applicable,Not Applicable,5TFUY5F19DX315108
2018,15249534,SUBURBAN,PASSENGER OR SUBURBAN,Going Straight Ahead,Not Entered,North,Gas,2016,NY,1,6,TOYOT,HUMAN,Unsafe Speed,ENVMT,Pavement Slippery,Not Applicable,5TDJKRFH7GS229492
2018,15249539,SUBURBAN,PASSENGER OR SUBURBAN,Parked,Not Entered,South,Gas,2012,NY,0,6,CHRYS,HUMAN,Not Applicable,HUMAN,Not Applicable,Not Applicable,2C4RC1CG4CR226792
2018,15249538,4 DOOR SEDAN,PASSENGER OR SUBURBAN,Going Straight Ahead,Not Entered,South,Gas,2015,NY,1,6,CHRYS,HUMAN,Not Applicable,HUMAN,Not Applicable,"Other Motor Vehicle, Collision With",1C3CCCEG9FN610622
2018,15249548,PICKUP TRUCK,ORGANIZATIONAL,Parked,Not Entered,North,Gas,1998,NY,0,6,FORD,HUMAN,Not Applicable,HUMAN,Not Applicable,"Other Motor Vehicle, Collision With",1FTZR15X5WTA35617
2018,15249547,SUBURBAN,PASSENGER OR SUBURBAN,Going Straight Ahead,Not Entered,North,Gas,2015,NY,1,4,NISSA,HUMAN,Unsafe Speed,ENVMT,Pavement Slippery,"Other Motor Vehicle, Collision With",5N1AT2MV0FC810146
2018,15249550,4 DOOR SEDAN,PASSENGER OR SUBURBAN,Going Straight Ahead,Not Entered,Northeast,Gas,2010,NY,1,4,TOYOT,HUMAN,Not Applicable,HUMAN,Not Applicable,Not Applicable,2T1BU4EE2AC357115
2018,15249549,4 DOOR SEDAN,PASSENGER OR SUBURBAN,Backing,Not Entered,Northwest,Gas,2006,NY,1,6,PONTI,HUMAN,Not Applicable,HUMAN,Backing Unsafely,Not Applicable,1G2ZG558564260916
2018,15249554,DUMP,COMMERCIAL,Stopped in Traffic,Not Entered,North,Diesel,2008,NY,2,8,CHEVR,HUMAN,Not Applicable,HUMAN,Not Applicable,Not Applicable,1GBJK34628E136504
2018,15249557,SUBURBAN,PASSENGER OR SUBURBAN,Making Left Turn,Not Entered,Northeast,Gas,2014,NY,1,6,BMW,HUMAN,Failure to Yield Right-of-Way,HUMAN,Turning Improperly,Not Applicable,5UXWX7C51E0E81472
2018,15249558,2 DOOR SEDAN,NEW YORK ASSEMBLY,Going Straight Ahead,Not Entered,West,Gas,2011,NY,1,6,CADIL,HUMAN,Not Applicable,HUMAN,Not Applicable,Not Applicable,1G6DL1ED5B0130792
2018,15249556,REFRIGERATOR TRUCK,AGRICULTURAL TRUCK,Going Straight Ahead,Not Entered,West,Diesel,2015,NY,1,4,HINO,HUMAN,Not Applicable,ENVMT,Pavement Slippery,Not Entered,JHHSDM2H8FK002967
2018,15249562,PICKUP TRUCK,PASSENGER OR SUBURBAN,Stopped in Traffic,Not Entered,East,Gas,2011,NY,1,6,FORD,HUMAN,Not Applicable,HUMAN,Not Applicable,Not Entered,1FTLR4FE0BPA58343
2018,15249561,SUBURBAN,OMNIBUS-SPECIAL (PRIVATE RENTAL),Slowing or Stopping,Not Entered,East,Gas,2018,NY,1,8,CHEVR,HUMAN,Not Applicable,ENVMT,Pavement Slippery,Not Entered,1GNSKHKC1JR128549
2018,15249563,SUBURBAN,PASSENGER OR SUBURBAN,Parked,Not Entered,East,Gas,2006,NY,0,6,CHRYS,HUMAN,Not Applicable,HUMAN,Not Applicable,Not Entered,2A4GP54L56R901420
2018,15249565,SUBURBAN,PASSENGER OR SUBURBAN,Making Left Turn,Not Entered,East,Gas,2012,NY,1,6,FORD,HUMAN,Not Applicable,HUMAN,Not Applicable,Not Applicable,1FMCU9DG9CKB15438
2018,15249564,PICKUP TRUCK,PASSENGER OR SUBURBAN,Going Straight Ahead,Not Entered,East,Gas,2013,NY,1,6,TOYOT,HUMAN,Not Applicable,HUMAN,Following Too Closely,Not Applicable,3TMMU4FN6DM056513
2018,15249566,SUBURBAN,PASSENGER OR SUBURBAN,Going Straight Ahead,Not Entered,East,Gas,2016,NY,1,8,CHEVR,HUMAN,Following Too Closely,HUMAN,Reaction to Other Uninvolved Vehicle,"Guide Rail - End, Collision With Fixed Object",1GNSKCKC9GR136264
2018,15249567,4 DOOR SEDAN,PASSENGER OR SUBURBAN,Stopped in Traffic,Not Entered,East,Gas,2017,NY,1,4,MAZDA,HUMAN,Not Applicable,HUMAN,Not Applicable,"Guide Rail - Not At End, Collision With Fixed Object",3MZBN1U7XHM101849
2018,15249569,4 DOOR SEDAN,PASSENGER OR SUBURBAN,Going Straight Ahead,Not Entered,South,Gas,2012,NY,2,4,TOYOT,HUMAN,Failure to Keep Right,ENVMT,Pavement Slippery,Not Applicable,4T1BF1FK4CU085925
2018,15249572,4 DOOR SEDAN,PASSENGER OR SUBURBAN,Making Left Turn,Not Entered,South,Gas,2011,NY,1,4,HYUND,HUMAN,Not Applicable,ENVMT,Pavement Slippery,Not Applicable,5NPEB4AC3BH093375
2018,15249573,VAN TRUCK,COMMERCIAL,Going Straight Ahead,Not Entered,East,Gas,2017,NY,1,8,GMC,HUMAN,Not Applicable,HUMAN,Not Applicable,Not Applicable,1GTW7AFF9H1110736
2018,15249575,4 DOOR SEDAN,PASSENGER OR SUBURBAN,Parked,Not Entered,West,Gas,2017,NY,0,4,TOYOT,HUMAN,Not Applicable,HUMAN,Not Applicable,Not Applicable,2T1BURHE3HC800441
2018,15249574,PICKUP TRUCK,AGRICULTURAL TRUCK,Backing,Not Entered,East,Gas,2011,NY,1,8,CHEVR,HUMAN,Not Applicable,HUMAN,Backing Unsafely,Not Applicable,1GCRKSE3XBZ102971
2018,15249577,4 DOOR SEDAN,PASSENGER OR SUBURBAN,Going Straight Ahead,Not Entered,Southeast,Gas,2012,NY,1,4,HONDA,HUMAN,Not Applicable,HUMAN,Not Applicable,Not Applicable,1HGCP2F68CA129331
2018,15249576,4 DOOR SEDAN,PASSENGER OR SUBURBAN,Making Left Turn,Not Entered,Southwest,Gas,2004,NY,1,4,HONDA,HUMAN,Not Applicable,HUMAN,Failure to Yield Right-of-Way,Not Applicable,2HGES26744H532242
2018,15249594,PICKUP TRUCK,PASSENGER OR SUBURBAN,Stopped in Traffic,Not Entered,North,Gas,2008,NY,1,6,FORD,HUMAN,Not Applicable,HUMAN,Not Applicable,Not Applicable,1FTYR15E88PA17893
2018,15249593,VAN TRUCK,COMMERCIAL,Slowing or Stopping,Not Entered,North,Gas,2004,NY,2,8,CHEVR,HUMAN,Following Too Closely,HUMAN,Outside Car Distraction*,Not Applicable,1GCFH15T141115332
2018,15249596,SUBURBAN,PASSENGER OR SUBURBAN,Going Straight Ahead,Not Entered,West,Gas,2017,NY,1,4,FORD,HUMAN,Not Applicable,HUMAN,Not Applicable,Not Applicable,2FMPK4J95HBB95614
2018,15249595,4 DOOR SEDAN,PASSENGER OR SUBURBAN,Going Straight Ahead,Not Entered,West,Gas,2007,NY,1,6,FORD,HUMAN,Not Applicable,HUMAN,Following Too Closely,Not Applicable,3FAHP08107R266971
2018,15249607,4 DOOR SEDAN,PASSENGER OR SUBURBAN,Going Straight Ahead,Not Entered,North,Gas,2000,NY,2,6,CHRYS,HUMAN,Not Applicable,ENVMT,Pavement Slippery,Not Applicable,1C3EJ56H0YN275920
2018,15249609,SUBURBAN,PASSENGER OR SUBURBAN,Slowing or Stopping,Not Entered,Southeast,Gas,2010,NY,1,4,HONDA,HUMAN,Not Applicable,HUMAN,Not Applicable,Not Applicable,5J6RE4H3XAL050154
2018,15249608,4 DOOR SEDAN,PASSENGER OR SUBURBAN,Slowing or Stopping,Not Entered,Southeast,Gas,1998,NY,1,4,TOYOT,HUMAN,Following Too Closely,ENVMT,Pavement Slippery,Not Applicable,JT2BG22K4W0220015
2018,15249610,SUBURBAN,PASSENGER OR SUBURBAN,Going Straight Ahead,Not Entered,North,Gas,2017,NY,1,4,TOYOT,HUMAN,Not Applicable,HUMAN,Following Too Closely,Not Applicable,2T3BFREV5HW615649
2018,15249611,SUBURBAN,PASSENGER OR SUBURBAN,Stopped in Traffic,Not Entered,North,Gas,2001,NY,1,4,SUBAR,HUMAN,Not Applicable,HUMAN,Not Applicable,Not Applicable,4S3BH665517640642
2018,15249612,BUS (OMNIBUS),OMNIBUS - REGULAR,Changing Lanes,Not Entered,North,Gas,2012,NY,1,10,FORD,HUMAN,Not Applicable,HUMAN,Passing or Lane Usage Improper,Not Applicable,1FDFE4FS4CDA78074
2018,15249616,4 DOOR SEDAN,PASSENGER OR SUBURBAN,Slowing or Stopping,Not Entered,East,Gas,2012,NY,1,4,TOYOT,HUMAN,Not Applicable,ENVMT,Pavement Slippery,Not Applicable,JTDKN3DU6C1549886
2018,15249617,SUBURBAN,PASSENGER OR SUBURBAN,Stopped in Traffic,Not Entered,East,Gas,2017,NY,1,4,MAZDA,HUMAN,Not Applicable,HUMAN,Not Applicable,Not Applicable,JM3KFBCLXH0169700
2018,15249620,SUBURBAN,PASSENGER OR SUBURBAN,Going Straight Ahead,Not Entered,West,Gas,2005,NY,1,8,CHEVR,HUMAN,Not Applicable,HUMAN,Passing or Lane Usage Improper,Not Applicable,3GNFK16Z55G207090
2018,15249619,SUBURBAN,PASSENGER OR SUBURBAN,Making Left Turn,Not Entered,West,Gas,2010,NY,1,6,SUBAR,HUMAN,Not Applicable,HUMAN,Turning Improperly,Not Applicable,4S4BRDJC6A2373401