Year,Case Vehicle ID,Vehicle Body Type,Registration Class,Action Prior to Accident,Type / Axles of Truck or Bus,Direction of Travel,Fuel Type,Vehicle Year,State of Registration,Number of Occupants,Engine Cylinders,Vehicle Make,Contributing Factor 1,Contributing Factor 1 Description,Contributing Factor 2,Contributing Factor 2 Description,Event Type,Partial VIN
2018,15249618,SUBURBAN,PASSENGER OR SUBURBAN,Going Straight Ahead,Not Entered,East,Gas,2002,NY,1,8,FORD,HUMAN,Passing or Lane Usage Improper,ENVMT,Glare,Not Applicable,1FTNW21L22ED52060
2018,15249627,4 DOOR SEDAN,PASSENGER OR SUBURBAN,Going Straight Ahead,Not Entered,North,Gas,2005,NY,1,4,SAAB,HUMAN,Not Applicable,HUMAN,Not Applicable,Not Applicable,JF4GG22685H055188
2018,15249626,SUBURBAN,PASSENGER OR SUBURBAN,Going Straight Ahead,Not Entered,North,Gas,2008,NY,1,6,CADIL,HUMAN,Not Applicable,HUMAN,Following Too Closely,Not Applicable,1GYEE437980200260
2018,15249628,SUBURBAN,PASSENGER OR SUBURBAN,Going Straight Ahead,Not Entered,East,Gas,2017,NY,2,4,NISSA,ENVMT,Lane Marking Improper/Inadequate,ENVMT,Pavement Slippery,"Tree, Collision With Fixed Object",5N1AT2MV8HC763497
2018,15249629,PICKUP TRUCK,COMMERCIAL,Going Straight Ahead,Not Entered,North,Gas,2011,NY,1,8,CHEVR,HUMAN,Not Applicable,ENVMT,Animal's Action,Not Applicable,1GC0CVCG0BF205928
2018,15249631,SUBURBAN,PASSENGER OR SUBURBAN,Going Straight Ahead,Not Entered,West,Gas,2011,NY,1,6,FORD,HUMAN,Not Applicable,HUMAN,Not Applicable,Not Applicable,2FMDK3JC0BBB01865
2018,15249630,4 DOOR SEDAN,PASSENGER OR SUBURBAN,Making Left Turn,Not Entered,North,Gas,2014,NY,2,4,NISSA,HUMAN,Failure to Yield Right-of-Way,HUMAN,Traffic Control Device Disregarded,Not Applicable,3N1AB7AP0EY327372
2018,15249636,TOW TRUCK,TOW TRUCK,Going Straight Ahead,Not Entered,North,Diesel,2017,NY,1,6,FREIG,HUMAN,Not Applicable,HUMAN,Not Applicable,Not Applicable,1FVXF8CS2HHHZ5775
2018,15249638,4 DOOR SEDAN,PASSENGER OR SUBURBAN,Making Left Turn,Not Entered,South,Gas,2009,NY,1,6,CHEVR,HUMAN,Not Applicable,HUMAN,Failure to Yield Right-of-Way,Not Applicable,2G1WT57N391222607
2018,15249640,POWER SHOVEL,POLITICAL SUBDIVISION,Parked,Not Entered,South,Diesel,2006,NY,0,6,KOMAT,HUMAN,Not Applicable,HUMAN,Not Applicable,Not Applicable,A32698
2018,15249641,4 DOOR SEDAN,PASSENGER OR SUBURBAN,Going Straight Ahead,Not Entered,South,Gas,2001,NY,1,6,MERCU,HUMAN,Not Applicable,ENVMT,Glare,Not Applicable,1MEFM55S71A614477
2018,15249647,SUBURBAN,PASSENGER OR SUBURBAN,Going Straight Ahead,Not Entered,North,Gas,2013,NY,1,6,DODGE,HUMAN,Not Applicable,ENVMT,Animal's Action,Not Applicable,1C4RDJAG4DC601395
2018,15249650,SUBURBAN,PASSENGER OR SUBURBAN,Going Straight Ahead,Not Entered,South,Gas,2013,NY,1,4,NISSA,HUMAN,Not Applicable,HUMAN,Not Applicable,Not Entered,JN8AS5MV5DW643808
2018,15249649,SUBURBAN,PASSENGER OR SUBURBAN,Changing Lanes,Not Entered,South,Gas,2015,NY,1,6,JEEP,HUMAN,Not Applicable,ENVMT,View Obstructed/Limited,Not Applicable,1C4BJWEG5FL534195
2018,15249652,2 DOOR SEDAN,PASSENGER OR SUBURBAN,Going Straight Ahead,Not Entered,West,Gas,1995,NY,2,4,SATUR,HUMAN,Not Applicable,HUMAN,Passing or Lane Usage Improper,Not Applicable,1G8ZH1270SZ169959
2018,15249656,4 DOOR SEDAN,PASSENGER OR SUBURBAN,Going Straight Ahead,Not Entered,Northwest,Gas,2006,NY,1,6,FORD,HUMAN,Not Applicable,ENVMT,Animal's Action,Not Applicable,3FAFP07186R159593
2018,15249664,4 DOOR SEDAN,PASSENGER OR SUBURBAN,Going Straight Ahead,Not Entered,South,Gas,2013,NY,1,4,DODGE,HUMAN,Not Applicable,ENVMT,Animal's Action,Not Applicable,1C3CDZAB0DN630362
2018,15249665,PICKUP TRUCK,PASSENGER OR SUBURBAN,Making Left Turn,Not Entered,Southeast,Gas,2017,NY,2,8,CHEVR,HUMAN,Failure to Yield Right-of-Way,ENVMT,Lane Marking Improper/Inadequate,Not Applicable,1GCVKREC5HZ227098
2018,15249666,PICKUP TRUCK,ORGANIZATIONAL COMMERCIAL,Going Straight Ahead,Not Entered,South,Gas,2014,NY,1,8,RAM,HUMAN,Not Applicable,HUMAN,Not Applicable,Not Applicable,3C6UR5GJ3EG263547
2018,15249669,PICKUP TRUCK,COMMERCIAL,Making Right Turn,Not Entered,Southeast,Gas,2003,NY,2,8,FORD,HUMAN,Turning Improperly,HUMAN,Unsafe Speed,Not Applicable,1FTNW21L73EB21379
2018,15249672,PICKUP TRUCK,PASSENGER OR SUBURBAN,Going Straight Ahead,Not Entered,East,Gas,2006,NY,1,8,TOYOT,HUMAN,Not Applicable,HUMAN,Not Applicable,Not Applicable,5TBDT44156S502259
2018,15249673,PICKUP TRUCK,PASSENGER OR SUBURBAN,Making Left Turn,Not Entered,North,Gas,2006,NY,1,8,CHEVR,HUMAN,Failure to Yield Right-of-Way,ENVMT,Pavement Slippery,Not Applicable,1GCHK24U06E131477
2018,15249675,DUMP,COMMERCIAL,Backing,Not Entered,East,Gas,2004,NY,1,10,FORD,HUMAN,Not Applicable,ENVMT,View Obstructed/Limited,Not Applicable,1FDWF36S14ED82725
2018,15249674,SUBURBAN,PASSENGER OR SUBURBAN,Going Straight Ahead,Not Entered,South,Gas,2001,NY,1,8,DODGE,HUMAN,Not Applicable,HUMAN,Not Applicable,Not Applicable,1B4HS28N81F591294
2018,15249684,PICKUP TRUCK,PASSENGER OR SUBURBAN,Going Straight Ahead,Not Entered,West,Gas,2007,NY,1,4,TOYOT,HUMAN,Not Applicable,HUMAN,Passing or Lane Usage Improper,Not Applicable,5TEUX42NX7Z368497
2018,15249683,4 DOOR SEDAN,PASSENGER OR SUBURBAN,Stopped in Traffic,Not Entered,East,Gas,2014,NY,1,4,VOLKS,HUMAN,Not Applicable,HUMAN,Not Applicable,Not Applicable,3VW2K7AJ8EM381570
2018,15249685,SUBURBAN,PASSENGER OR SUBURBAN,Backing,Not Entered,South,Gas,2008,NY,1,8,CHEVR,HUMAN,Not Applicable,HUMAN,Backing Unsafely,Not Applicable,3GNFK12368G293211
2018,15249687,SUBURBAN,PASSENGER OR SUBURBAN,Backing,Not Entered,West,Gas,2013,NY,1,6,NISSA,HUMAN,Not Applicable,HUMAN,Backing Unsafely,Not Applicable,JN8AZ1MW5DW319187
2018,15249688,SUBURBAN,PASSENGER OR SUBURBAN,Stopped in Traffic,Not Entered,East,Gas,2015,NY,1,4,CHEVR,HUMAN,Not Applicable,HUMAN,Not Applicable,Not Applicable,2GNFLFEK8F6192631
2018,15249692,4 DOOR SEDAN,PASSENGER OR SUBURBAN,Stopped in Traffic,Not Entered,West,Gas,2017,NY,1,4,CHEVR,HUMAN,Not Applicable,HUMAN,Not Applicable,Not Applicable,1G1ZE5ST6HF118990
2018,15249691,SUBURBAN,PASSENGER OR SUBURBAN,Going Straight Ahead,Not Entered,West,Gas,2003,NY,1,6,CHEVR,HUMAN,Not Applicable,HUMAN,Drugs (Illegal),Not Applicable,2CNBJ634436921877
2018,15249694,SUBURBAN,PASSENGER OR SUBURBAN,Going Straight Ahead,Not Entered,Northwest,Gas,2011,NY,1,4,NISSA,HUMAN,Not Applicable,HUMAN,Not Applicable,Not Applicable,JN8AS5MV0BW685638
2018,15249693,PICKUP TRUCK,COMMERCIAL,Backing,Not Entered,South,Gas,2012,NY,1,8,FORD,HUMAN,Backing Unsafely,HUMAN,Driver Inattention/Distraction*,Not Applicable,1FT7X2B63CEC81077
2018,15249698,4 DOOR SEDAN,PASSENGER OR SUBURBAN,Going Straight Ahead,Not Entered,South,Gas,2016,NY,1,4,CHEVR,HUMAN,Not Applicable,HUMAN,Not Applicable,Not Applicable,1G1BE5SMXG7239718
2018,15249697,SUBURBAN,PASSENGER OR SUBURBAN,Making Left Turn,Not Entered,Northwest,Gas,2009,NY,3,4,SUBAR,HUMAN,Not Applicable,HUMAN,Failure to Yield Right-of-Way,Not Applicable,JF1GH61699H801625
2018,15249702,4 DOOR SEDAN,PASSENGER OR SUBURBAN,Going Straight Ahead,Not Entered,West,Gas,2006,NY,1,4,PONTI,HUMAN,Unknown,ENVMT,Pavement Slippery,Not Applicable,5Y2SL65836Z440042
2018,15249701,2 DOOR SEDAN,PASSENGER OR SUBURBAN,Going Straight Ahead,Not Entered,East,Gas,2003,NY,2,6,HONDA,HUMAN,Unsafe Speed,ENVMT,Pavement Slippery,Not Applicable,1HGCM82273A033804
2018,15249703,2 DOOR SEDAN,PASSENGER OR SUBURBAN,Slowing or Stopping,Not Entered,North,Gas,2016,NY,1,4,HONDA,HUMAN,Not Applicable,ENVMT,Pavement Slippery,Not Applicable,2HGFC4B58GH301205
2018,15249705,4 DOOR SEDAN,PASSENGER OR SUBURBAN,Starting in Traffic,Not Entered,South,Gas,2006,NY,3,6,PONTI,HUMAN,Not Applicable,HUMAN,Driver Inattention/Distraction*,Not Applicable,1G2ZG558264248450
2018,15249704,SUBURBAN,PASSENGER OR SUBURBAN,Starting in Traffic,Not Entered,East,Gas,2014,NY,2,4,NISSA,HUMAN,Not Applicable,HUMAN,Driver Inattention/Distraction*,Not Applicable,JN8AS5MV2EW704940
2018,15249711,SUBURBAN,PASSENGER OR SUBURBAN,Going Straight Ahead,Not Entered,East,Gas,2017,NY,1,6,JEEP,HUMAN,Not Applicable,HUMAN,Not Applicable,Not Applicable,1C4RJFBG0HC899633
2018,15249710,4 DOOR SEDAN,PASSENGER OR SUBURBAN,Parked,Not Entered,East,Gas,2017,NY,1,6,HONDA,HUMAN,Driver Inattention/Distraction*,VEHICLE,Other*,Not Entered,1HGCR3F87HA034140
2018,15249715,4 DOOR SEDAN,PASSENGER OR SUBURBAN,Going Straight Ahead,Not Entered,North,Gas,2007,NY,1,6,MITSU,HUMAN,Not Applicable,HUMAN,Not Applicable,"Sign Post, Collision With Fixed Object",4A3AB76T27E060087
2018,15249714,4 DOOR SEDAN,PASSENGER OR SUBURBAN,Making Left Turn,Not Entered,South,Gas,2007,NY,6,4,TOYOT,HUMAN,Not Applicable,HUMAN,Failure to Yield Right-of-Way,Not Applicable,4T1BE46K07U620680
2018,15249721,SUBURBAN,PASSENGER OR SUBURBAN,Going Straight Ahead,Not Entered,Northwest,Gas,2007,NY,1,4,HONDA,HUMAN,Not Applicable,HUMAN,Not Applicable,Not Applicable,JHLRE48777C096870
2018,15249718,SUBURBAN,PASSENGER OR SUBURBAN,Going Straight Ahead,Not Entered,East,Gas,2014,NY,3,6,AUDI,HUMAN,Not Applicable,HUMAN,Not Applicable,"Other Motor Vehicle, Collision With",WA1DGAFE2ED011971
2018,15249717,4 DOOR SEDAN,PASSENGER OR SUBURBAN,Going Straight Ahead,Not Entered,West,Gas,2005,NY,1,6,CHEVR,HUMAN,Unknown,HUMAN,Passing or Lane Usage Improper,Not Entered,2G1WH52K359120900
2018,15249719,4 DOOR SEDAN,PASSENGER OR SUBURBAN,Parked,Not Entered,East,Gas,2012,NY,0,4,HONDA,HUMAN,Not Applicable,HUMAN,Not Applicable,Not Applicable,1HGCP2F37CA178106
2018,15249723,4 DOOR SEDAN,PASSENGER OR SUBURBAN,Starting in Traffic,Not Entered,West,Gas,2009,NY,1,4,TOYOT,HUMAN,Not Applicable,HUMAN,Not Applicable,Not Applicable,JTDKB20U697838071
2018,15249722,4 DOOR SEDAN,PASSENGER OR SUBURBAN,Going Straight Ahead,Not Entered,West,Gas,1999,NY,1,4,HONDA,HUMAN,Driver Inattention/Distraction*,HUMAN,Following Too Closely,Not Applicable,1HGCG6653XA147594
2018,15249724,2 DOOR SEDAN,PASSENGER OR SUBURBAN,Going Straight Ahead,Not Entered,West,Gas,2008,NY,1,4,PONTI,HUMAN,Failure to Yield Right-of-Way,ENVMT,Pavement Slippery,Not Applicable,1G2AL18F787182281
2018,15249725,4 DOOR SEDAN,PASSENGER OR SUBURBAN,Going Straight Ahead,Not Entered,South,Gas,2012,NY,1,4,KIA,HUMAN,Not Applicable,HUMAN,Not Applicable,Not Applicable,5XXGR4A60CG072561
2018,15249730,SUBURBAN,SPECIAL PASSENGER,Going Straight Ahead,Not Entered,East,Gas,2013,NY,1,6,INFIN,HUMAN,Not Applicable,HUMAN,Unsafe Speed,"Other Motor Vehicle, Collision With",5N1AL0MM7DC311286
2018,15249731,PICKUP TRUCK,COMMERCIAL,Going Straight Ahead,Not Entered,West,Diesel,2015,NY,1,6,RAM,HUMAN,Not Applicable,HUMAN,Not Applicable,Not Applicable,3C6UR5FL4FG603308
2018,15249732,DUMP,COMMERCIAL,Making Left Turn,Not Entered,North,Diesel,2006,NY,1,8,FORD,HUMAN,Not Applicable,HUMAN,Failure to Yield Right-of-Way,Not Applicable,1FDWF37P36EA90295
2018,15249733,SUBURBAN,PASSENGER OR SUBURBAN,Going Straight Ahead,Not Entered,West,Gas,2010,NY,2,4,SUBAR,HUMAN,Not Applicable,HUMAN,Not Applicable,Not Applicable,JF2SH6DC6AH717452
2018,15249744,SUBURBAN,PASSENGER OR SUBURBAN,Going Straight Ahead,Not Entered,East,Gas,2012,NY,1,6,KIA,HUMAN,Not Applicable,HUMAN,Not Applicable,Not Applicable,KNDMG4C75C6457045
2018,15249743,4 DOOR SEDAN,PASSENGER OR SUBURBAN,Going Straight Ahead,Not Entered,North,Gas,2008,NY,1,4,TOYOT,HUMAN,Failure to Yield Right-of-Way,ENVMT,Pavement Slippery,Not Applicable,JTDKB20U883374478
2018,15249766,4 DOOR SEDAN,PASSENGER OR SUBURBAN,Making Left Turn,Not Entered,South,Gas,2007,NY,1,4,FORD,HUMAN,Not Applicable,HUMAN,Failure to Yield Right-of-Way,Not Applicable,1FAHP34N67W213876
2018,15249775,SUBURBAN,PASSENGER OR SUBURBAN,Going Straight Ahead,Not Entered,South,Gas,2005,NY,2,6,CHEVR,HUMAN,Reaction to Other Uninvolved Vehicle,ENVMT,Pavement Slippery,Not Applicable,1GNDT13S252168351
2018,15249783,PICKUP TRUCK,AGRICULTURAL TRUCK,Going Straight Ahead,Not Entered,South,Gas,2005,NY,1,5,CHEVR,HUMAN,Not Applicable,ENVMT,Pavement Slippery,"Guide Rail - Not At End, Collision With Fixed Object",1GCDT136558251295
2018,15249786,SUBURBAN,PASSENGER OR SUBURBAN,Making Left Turn,Not Entered,Northwest,Gas,2018,NY,1,4,TOYOT,HUMAN,Unknown,ENVMT,Pavement Slippery,Not Applicable,NMTKHMBX3JR005189
2018,15249787,SUBURBAN,SPECIAL PASSENGER,Going Straight Ahead,Not Entered,South,Gas,2014,NY,1,4,MAZDA,HUMAN,Following Too Closely,ENVMT,Pavement Slippery,"Curbing, Collision With Fixed Object",JM3KE4BE7E0405250
2018,15249788,2 DOOR SEDAN,SPECIAL PASSENGER,Going Straight Ahead,Not Entered,South,Gas,2017,NY,1,6,HONDA,HUMAN,Not Applicable,HUMAN,Not Applicable,Not Applicable,1HGCT2B92HA001198
2018,15249790,4 DOOR SEDAN,PASSENGER OR SUBURBAN,Going Straight Ahead,Not Entered,West,Gas,2008,NY,1,4,NISSA,HUMAN,Unsafe Speed,ENVMT,Pavement Slippery,Not Applicable,1N4AL21EX8C171825
2018,15249795,SUBURBAN,PASSENGER OR SUBURBAN,Going Straight Ahead,Not Entered,North,Gas,2011,NY,1,6,NISSA,HUMAN,Unknown,HUMAN,Unsafe Speed,Not Applicable,JN8AZ1MW2BW173635
2018,15249794,4 DOOR SEDAN,PASSENGER OR SUBURBAN,Going Straight Ahead,Not Entered,North,Gas,2013,NY,2,6,AUDI,HUMAN,Unknown,HUMAN,Unknown,Not Applicable,WAUGGAFC6DN115354
2018,15249798,SUBURBAN,PASSENGER OR SUBURBAN,Going Straight Ahead,Not Entered,North,Gas,2017,NY,1,4,MINI,HUMAN,Not Applicable,HUMAN,Not Applicable,Not Applicable,WMZYT5C30H3B66903
2018,15249797,4 DOOR SEDAN,PASSENGER OR SUBURBAN,Going Straight Ahead,Not Entered,North,Gas,2003,NY,2,4,HONDA,HUMAN,Unsafe Speed,ENVMT,Pavement Slippery,Not Applicable,1HGCM561X3A024806
2018,15249802,4 DOOR SEDAN,PASSENGER OR SUBURBAN,Going Straight Ahead,Not Entered,South,Gas,2017,NY,1,8,ME/BE,HUMAN,Not Applicable,ENVMT,Pavement Slippery,Not Applicable,WDDLJ9BB2HA193759
2018,15249801,PICKUP TRUCK,AGRICULTURAL TRUCK,Stopped in Traffic,Not Entered,South,Gas,2013,NY,1,8,FORD,HUMAN,Not Applicable,HUMAN,Not Applicable,Not Applicable,1FD7X2B68DEA17219
2018,15249804,4 DOOR SEDAN,PASSENGER OR SUBURBAN,Going Straight Ahead,Not Entered,South,Gas,2012,NY,1,4,HONDA,ENVMT,Pavement Slippery,ENVMT,Pavement Slippery,"Guide Rail - Not At End, Collision With Fixed Object",19XFB2F89CE315856
2018,15249803,4 DOOR SEDAN,PASSENGER OR SUBURBAN,Going Straight Ahead,Not Entered,South,Gas,2007,NY,1,4,SATUR,ENVMT,Pavement Slippery,ENVMT,Pavement Slippery,"Guide Rail - Not At End, Collision With Fixed Object",1G8AL58F07Z136257
2018,15249807,SUBURBAN,PASSENGER OR SUBURBAN,Going Straight Ahead,Not Entered,South,Gas,2014,NY,1,4,AUDI,HUMAN,Not Applicable,ENVMT,Pavement Slippery,"Building/Wall, Collision With Fixed Object",WA1LFAFP9EA128819
2018,15249812,4 DOOR SEDAN,PASSENGER OR SUBURBAN,Making Right Turn,Not Entered,Southeast,Gas,2010,NY,1,4,HONDA,HUMAN,Driver Inattention/Distraction*,HUMAN,Turning Improperly,Not Applicable,2HGFA1F50AH500545
2018,15249813,SUBURBAN,PASSENGER OR SUBURBAN,Going Straight Ahead,Not Entered,South,Gas,2010,NY,1,6,JEEP,HUMAN,Not Applicable,HUMAN,Not Applicable,Not Applicable,1J4PR4GK9AC126015
2018,15249815,4 DOOR SEDAN,PASSENGER OR SUBURBAN,Parked,Not Entered,North,Gas,2015,NY,0,4,NISSA,HUMAN,Not Applicable,HUMAN,Not Applicable,Not Applicable,3N1AB7AP6FY246149
2018,15249816,4 DOOR SEDAN,PASSENGER OR SUBURBAN,Parked,Not Entered,North,Gas,2007,NY,0,4,TOYOT,HUMAN,Not Applicable,HUMAN,Not Applicable,Not Applicable,JTDBT923971168025
2018,15249814,SUBURBAN,PASSENGER OR SUBURBAN,Entering Parked Position,Not Entered,South,Gas,2015,NY,1,4,SUBAR,HUMAN,Not Applicable,HUMAN,Driver Inattention/Distraction*,"Other Motor Vehicle, Collision With",JF2SJAHC0FH550238
2018,15249818,4 DOOR SEDAN,PASSENGER OR SUBURBAN,Going Straight Ahead,Not Entered,North,Gas,2011,NY,1,4,HYUND,HUMAN,Not Applicable,HUMAN,Not Applicable,Not Applicable,5NPDH4AE0BH055114
2018,15249833,4 DOOR SEDAN,PASSENGER OR SUBURBAN,Making Left Turn,Not Entered,Northeast,Gas,2000,NY,1,6,HONDA,HUMAN,Not Applicable,ENVMT,Pavement Slippery,Not Applicable,1HGCG1650YA050650
2018,15249837,4 DOOR SEDAN,PASSENGER OR SUBURBAN,Slowing or Stopping,Not Entered,South,Gas,2012,NY,4,4,CHEVR,HUMAN,Not Applicable,HUMAN,Not Applicable,Not Applicable,1G1ZB5E07CF230944
2018,15249836,SUBURBAN,PASSENGER OR SUBURBAN,Backing,Not Entered,East,Gas,2007,NY,1,6,FORD,HUMAN,Not Applicable,HUMAN,Backing Unsafely,Not Applicable,1FMDK05117GA41814
2018,15249840,4 DOOR SEDAN,PASSENGER OR SUBURBAN,Backing,Not Entered,East,Gas,2001,NY,1,6,ME/BE,HUMAN,Not Applicable,ENVMT,Pavement Slippery,Not Applicable,WDBRF61J11F054954
2018,15249839,CONVERTIBLE,PASSENGER OR SUBURBAN,Parked,Not Entered,North,Gas,1999,NY,0,4,SAAB,HUMAN,Not Applicable,HUMAN,Not Applicable,Not Applicable,YS3DD75N7X7053131
2018,15249843,PICKUP TRUCK,POLITICAL SUBDIVISION,Going Straight Ahead,Not Entered,West,Gas,2009,NY,1,10,FORD,HUMAN,Not Applicable,HUMAN,Driver Inattention/Distraction*,Not Applicable,1FTWW31Y69EA32207
2018,15249844,4 DOOR SEDAN,PASSENGER OR SUBURBAN,Stopped in Traffic,Not Entered,West,Gas,2013,NY,1,4,KIA,HUMAN,Not Applicable,HUMAN,Not Applicable,Not Applicable,5XXGN4A77DG249483
2018,15249848,PICKUP TRUCK,PASSENGER OR SUBURBAN,Starting in Traffic,Not Entered,West,Gas,2006,NY,2,5,CHEVR,HUMAN,Not Applicable,HUMAN,Failure to Yield Right-of-Way,Not Applicable,1GCCS196168249986
2018,15249849,SUBURBAN,PASSENGER OR SUBURBAN,Going Straight Ahead,Not Entered,South,Gas,2014,NY,2,4,HYUND,HUMAN,Not Applicable,HUMAN,Not Applicable,Not Applicable,KM8JTCAFXEU872732
2018,15249854,SUBURBAN,PASSENGER OR SUBURBAN,Going Straight Ahead,Not Entered,West,Gas,2005,NY,2,6,SATUR,HUMAN,Not Applicable,ENVMT,Animal's Action,Not Applicable,5GZCZ63445S836490
2018,15249856,SUBURBAN,POLITICAL SUBDIVISION,Going Straight Ahead,Not Entered,South,Gas,2011,NY,1,8,CHEVR,HUMAN,Not Applicable,ENVMT,Animal's Action,Not Applicable,1GNSK2E00BR326572
2018,15249860,4 DOOR SEDAN,PASSENGER OR SUBURBAN,Slowing or Stopping,Not Entered,Southwest,Gas,2008,NY,2,4,CHEVR,HUMAN,Not Applicable,HUMAN,Unsafe Speed,Not Applicable,1G1ZH57B484212028
2018,15249861,4 DOOR SEDAN,PASSENGER OR SUBURBAN,Stopped in Traffic,Not Entered,Southwest,Gas,2009,NY,2,4,HYUND,HUMAN,Not Applicable,HUMAN,Not Applicable,Not Applicable,KMHDU46D19U710582
2018,15249873,SUBURBAN,PASSENGER OR SUBURBAN,Stopped in Traffic,Not Entered,South,Gas,2015,NY,2,6,TOYOT,HUMAN,Not Applicable,HUMAN,Not Applicable,Not Applicable,5TDZK3DCXFS558936
2018,15249877,4 DOOR SEDAN,PASSENGER OR SUBURBAN,Going Straight Ahead,Not Entered,South,Gas,2005,NY,1,5,VOLVO,HUMAN,Not Applicable,ENVMT,Pavement Slippery,Not Applicable,YV1RS592852483276
2018,15249883,SUBURBAN,PASSENGER OR SUBURBAN,Slowing or Stopping,Not Entered,West,Gas,2015,NY,2,6,HONDA,HUMAN,Reaction to Other Uninvolved Vehicle,ENVMT,Pavement Slippery,Not Applicable,5FNYF4H33FB059707
2018,15249889,4 DOOR SEDAN,PASSENGER OR SUBURBAN,Parked,Not Entered,South,Gas,2017,NY,0,4,FORD,HUMAN,Not Applicable,HUMAN,Not Applicable,"Other Motor Vehicle, Collision With",1FADP3F26HL293734
2018,15249887,SUBURBAN,ORGANIZATIONAL,Backing,Not Entered,South,Gas,2015,NY,1,4,TOYOT,VEHICLE,Other*,ENVMT,Pavement Slippery,"Other Motor Vehicle, Collision With",JTMDFREV5FD153452
2018,15249888,4 DOOR SEDAN,PASSENGER OR SUBURBAN,Parked,Not Entered,South,Gas,2007,NY,0,6,MERCU,HUMAN,Not Applicable,HUMAN,Not Applicable,Not Applicable,1MEHM42147G601450
2018,15249891,4 DOOR SEDAN,PASSENGER OR SUBURBAN,Going Straight Ahead,Not Entered,South,Gas,2005,NY,1,4,TOYOT,HUMAN,Not Applicable,ENVMT,Animal's Action,Not Applicable,2T1BR32E65C457501
2018,15249892,DUMP,AGRICULTURAL TRUCK,Going Straight Ahead,Not Entered,Northwest,Gas,2012,NY,1,10,FORD,VEHICLE,Oversized Vehicle,ENVMT,Pavement Slippery,Not Applicable,1FDUF4HY6CEA33332
2018,15249893,VAN TRUCK,AGRICULTURAL TRUCK,Parked,Not Entered,South,Gas,2014,NY,0,8,FORD,HUMAN,Not Applicable,HUMAN,Not Applicable,Not Applicable,1FTNE1EW6EDB05300
2018,15249896,SUBURBAN,PASSENGER OR SUBURBAN,Starting in Traffic,Not Entered,East,Gas,2003,NY,1,6,TOYOT,HUMAN,Driver Inattention/Distraction*,HUMAN,Following Too Closely,Not Applicable,4T3ZF13C33U526091
2018,15249897,VAN TRUCK,COMMERCIAL,Slowing or Stopping,Not Entered,East,Diesel,2012,NY,1,6,ME/BE,HUMAN,Not Applicable,HUMAN,Not Applicable,Not Applicable,WD3PE7CC4C5622813
2018,15249901,4 DOOR SEDAN,PASSENGER OR SUBURBAN,Slowing or Stopping,Not Entered,Northeast,Gas,2014,NY,1,4,HYUND,HUMAN,Not Applicable,HUMAN,Following Too Closely,Not Applicable,5NPEB4ACXEH941272
2018,15249900,SUBURBAN,PASSENGER OR SUBURBAN,Stopped in Traffic,Not Entered,Northeast,Gas,2013,NY,2,6,TOYOT,HUMAN,Not Applicable,HUMAN,Not Applicable,Not Applicable,5TDBK3EHXDS216072
2018,15249903,TRACTOR,TRACTOR - REGULAR,Going Straight Ahead,Not Entered,North,Diesel,2016,NY,1,6,MACK,HUMAN,Not Applicable,HUMAN,Not Applicable,Not Applicable,1M1AX07Y4GM032089
2018,15249904,SUBURBAN,PASSENGER OR SUBURBAN,Going Straight Ahead,Not Entered,East,Gas,1999,NY,1,6,FORD,HUMAN,Passing or Lane Usage Improper,HUMAN,Traffic Control Device Disregarded,Not Applicable,1FMZU34E9XZA14421
2018,15249906,4 DOOR SEDAN,PASSENGER OR SUBURBAN,Slowing or Stopping,Not Entered,North,Gas,2013,NY,1,4,HYUND,HUMAN,Not Applicable,HUMAN,Not Applicable,Not Applicable,5NPDH4AE1DH313174
2018,15249908,PICKUP TRUCK,COMMERCIAL,Backing,Not Entered,West,Gas,2010,NY,1,8,DODGE,HUMAN,Backing Unsafely,HUMAN,Failure to Yield Right-of-Way,Not Applicable,3D7LT2ET8AG113331
2018,15249913,SUBURBAN,OMNIBUS - LIVERY,Going Straight Ahead,Not Entered,North,Gas,2016,NY,1,6,DODGE,HUMAN,Not Applicable,ENVMT,Pavement Slippery,Not Applicable,2C4RDGBG1GR196528
2018,15249915,PICKUP TRUCK,COMMERCIAL,Backing,Not Entered,South,Gas,2014,NY,1,8,FORD,HUMAN,Driver Inattention/Distraction*,ENVMT,Pavement Slippery,Not Applicable,1FT8X3B67EEB39831
2018,15249914,DUMP,AGRICULTURAL TRUCK,Parked,Not Entered,West,Diesel,2003,NY,0,6,MACK,HUMAN,Not Applicable,HUMAN,Not Applicable,Not Applicable,1M2K195C63M022381
2018,15249918,SUBURBAN,PASSENGER OR SUBURBAN,Stopped in Traffic,Not Entered,North,Gas,2014,NY,1,4,BMW,HUMAN,Not Applicable,HUMAN,Not Applicable,Not Applicable,5UXWX9C53E0D27048
2018,15249917,4 DOOR SEDAN,PASSENGER OR SUBURBAN,Stopped in Traffic,Not Entered,North,Gas,2011,NY,1,4,NISSA,HUMAN,Not Applicable,HUMAN,Not Applicable,Not Applicable,1N4AL2AP3BN405896
2018,15249916,4 DOOR SEDAN,PASSENGER OR SUBURBAN,Going Straight Ahead,Not Entered,North,Gas,2009,NY,1,5,VOLKS,HUMAN,Not Applicable,HUMAN,Following Too Closely,Not Applicable,3VWRZ71K09M124685
2018,15249921,4 DOOR SEDAN,PASSENGER OR SUBURBAN,Police Pursuit,Not Entered,North,Gas,2005,NY,1,6,PONTI,HUMAN,Traffic Control Device Disregarded,HUMAN,Unsafe Speed,"Fence, Collision With Fixed Object",1G2HX52K15U246330