Year,Case Vehicle ID,Vehicle Body Type,Registration Class,Action Prior to Accident,Type / Axles of Truck or Bus,Direction of Travel,Fuel Type,Vehicle Year,State of Registration,Number of Occupants,Engine Cylinders,Vehicle Make,Contributing Factor 1,Contributing Factor 1 Description,Contributing Factor 2,Contributing Factor 2 Description,Event Type,Partial VIN
2018,15249923,SUBURBAN,PASSENGER OR SUBURBAN,Slowing or Stopping,Not Entered,West,Gas,2017,NY,1,6,JEEP,HUMAN,Not Applicable,HUMAN,Not Applicable,Not Applicable,1C4BJWFG1HL649376
2018,15249922,4 DOOR SEDAN,PASSENGER OR SUBURBAN,Starting in Traffic,Not Entered,West,Gas,2005,NY,1,4,KIA,HUMAN,Not Applicable,HUMAN,Following Too Closely,Not Applicable,KNAFE162055099288
2018,15249932,2 DOOR SEDAN,PASSENGER OR SUBURBAN,Going Straight Ahead,Not Entered,West,Gas,2002,NY,1,4,SATUR,HUMAN,Not Applicable,ENVMT,Animal's Action,Not Applicable,1G8ZP12862Z191184
2018,15249937,SUBURBAN,PASSENGER OR SUBURBAN,Slowing or Stopping,Not Entered,East,Gas,2007,NY,3,6,JEEP,HUMAN,Not Applicable,HUMAN,Not Applicable,Not Applicable,1J8GR48K27C646661
2018,15249936,SUBURBAN,PASSENGER OR SUBURBAN,Going Straight Ahead,Not Entered,East,Gas,2010,NY,1,4,CHEVR,HUMAN,Following Too Closely,ENVMT,Pavement Slippery,Not Applicable,2CNFLCEW9A6225778
2018,15249941,SUBURBAN,PASSENGER OR SUBURBAN,Going Straight Ahead,Not Entered,East,Gas,2002,NY,1,6,FORD,HUMAN,Unsafe Speed,ENVMT,Pavement Slippery,Not Applicable,1FMZU72E12UC12488
2018,15249940,4 DOOR SEDAN,PASSENGER OR SUBURBAN,Going Straight Ahead,Not Entered,West,Gas,2008,NY,1,4,CHEVR,HUMAN,Not Applicable,HUMAN,Not Applicable,Not Applicable,1G1AL58F487327241
2018,15249942,4 DOOR SEDAN,PASSENGER OR SUBURBAN,Making Left Turn,Not Entered,South,Gas,2012,NY,1,4,CHEVR,HUMAN,Not Applicable,HUMAN,Failure to Yield Right-of-Way,Not Applicable,1G1PC5SH9C7144379
2018,15249943,SUBURBAN,SCHOOL CAR,Going Straight Ahead,Not Entered,East,Gas,2015,NY,4,8,FORD,HUMAN,Not Applicable,HUMAN,Not Applicable,Not Applicable,1FDEE3FL7FDA35240
2018,15249945,PICKUP TRUCK,PASSENGER OR SUBURBAN,Going Straight Ahead,Not Entered,North,Gas,1998,NY,5,8,FORD,HUMAN,Not Applicable,HUMAN,Not Applicable,Not Applicable,1FTZX186XWNA48666
2018,15249944,4 DOOR SEDAN,PASSENGER OR SUBURBAN,Making Left Turn,Not Entered,South,Gas,2007,NY,2,4,TOYOT,HUMAN,Not Applicable,HUMAN,Failure to Yield Right-of-Way,Not Applicable,4T1BB46K97U015937
2018,15249946,4 DOOR SEDAN,PASSENGER OR SUBURBAN,Going Straight Ahead,Not Entered,South,Gas,2015,NY,1,4,CHRYS,HUMAN,Not Applicable,ENVMT,Pavement Slippery,"Guide Rail - Not At End, Collision With Fixed Object",1C3CCCAB3FN709396
2018,15249954,SUBURBAN,PASSENGER OR SUBURBAN,Slowing or Stopping,Not Entered,East,Gas,2005,NY,2,6,JEEP,HUMAN,Not Applicable,HUMAN,Not Applicable,Not Applicable,1J4GR48K35C516984
2018,15249953,4 DOOR SEDAN,PASSENGER OR SUBURBAN,Slowing or Stopping,Not Entered,East,Gas,2011,NY,2,5,VOLKS,HUMAN,Driver Inattention/Distraction*,HUMAN,Following Too Closely,Not Applicable,3VWDZ7AJ8BM321028
2018,15249961,4 DOOR SEDAN,PASSENGER OR SUBURBAN,Making Left Turn,Not Entered,West,Gas,2012,NY,2,4,AUDI,HUMAN,Not Applicable,HUMAN,Not Applicable,Not Applicable,WAUBFAFL8CN002131
2018,15249960,4 DOOR SEDAN,PASSENGER OR SUBURBAN,Going Straight Ahead,Not Entered,West,Gas,2013,NY,1,6,ME/BE,HUMAN,Following Too Closely,ENVMT,Pavement Slippery,Not Applicable,WDDGF8AB4DR268617
2018,15249962,4 DOOR SEDAN,PASSENGER OR SUBURBAN,Going Straight Ahead,Not Entered,East,Gas,2000,NY,2,4,HONDA,HUMAN,Unsafe Speed,ENVMT,Pavement Slippery,"Light Support/Utility Pole, Collision With Fixed Object",JHMCG6687YC031036
2018,15249965,SUBURBAN,PASSENGER OR SUBURBAN,Going Straight Ahead,Not Entered,North,Gas,2009,NY,1,4,NISSA,HUMAN,Not Applicable,ENVMT,Pavement Slippery,Not Applicable,JN8AS58VX9W169811
2018,15249966,SUBURBAN,PASSENGER OR SUBURBAN,Going Straight Ahead,Not Entered,East,Gas,2012,NY,2,6,TOYOT,ENVMT,Pavement Slippery,ENVMT,View Obstructed/Limited,Not Applicable,JTEBU5JR6C5095447
2018,15249969,4 DOOR SEDAN,PASSENGER OR SUBURBAN,Slowing or Stopping,Not Entered,West,Gas,2011,NY,1,4,HYUND,HUMAN,Not Applicable,HUMAN,Not Applicable,Not Applicable,5NPEB4AC8BH191270
2018,15249968,4 DOOR SEDAN,PASSENGER OR SUBURBAN,Going Straight Ahead,Not Entered,West,Gas,2003,NY,1,4,HYUND,HUMAN,Following Too Closely,ENVMT,Glare,Not Applicable,KMHWF25S33A769424
2018,15249981,4 DOOR SEDAN,PASSENGER OR SUBURBAN,Going Straight Ahead,Not Entered,East,Gas,2009,NY,1,4,HONDA,HUMAN,Unsafe Speed,ENVMT,Pavement Slippery,Not Applicable,JHMCP26789C017728
2018,15249983,4 DOOR SEDAN,PASSENGER OR SUBURBAN,Going Straight Ahead,Not Entered,South,Gas,2006,NY,1,4,HYUND,HUMAN,Not Applicable,HUMAN,Unknown,Not Applicable,5NPEU46C56H062606
2018,15249982,DUMP,AGRICULTURAL TRUCK,Going Straight Ahead,Not Entered,West,Diesel,2007,NY,1,6,FORD,HUMAN,Not Applicable,HUMAN,Failure to Yield Right-of-Way,Not Applicable,3FRNF75E97V448839
2018,15249986,4 DOOR SEDAN,PASSENGER OR SUBURBAN,Going Straight Ahead,Not Entered,South,Gas,2003,NY,1,6,CHEVR,HUMAN,Not Applicable,HUMAN,Reaction to Other Uninvolved Vehicle,Not Applicable,2G1WH52K639315032
2018,15249988,DUMP,COMMERCIAL,Stopped in Traffic,Not Entered,East,Diesel,2016,NY,1,8,FORD,HUMAN,Not Applicable,HUMAN,Not Applicable,Not Applicable,1FDUF5HT1GEC37858
2018,15249987,2 DOOR SEDAN,PASSENGER OR SUBURBAN,Slowing or Stopping,Not Entered,East,Gas,2017,NY,1,4,MINI,HUMAN,Not Applicable,ENVMT,Pavement Slippery,Not Applicable,WMWXP5C58H2D71132
2018,15249989,4 DOOR SEDAN,PASSENGER OR SUBURBAN,Going Straight Ahead,Not Entered,East,Gas,2004,NY,1,6,CHEVR,HUMAN,Prescription Medication,HUMAN,Failure to Keep Right,Not Applicable,2G1WF52E649180295
2018,15249990,4 DOOR SEDAN,PASSENGER OR SUBURBAN,Parked,Not Entered,West,Gas,2004,NY,0,4,NISSA,HUMAN,Not Applicable,HUMAN,Not Applicable,Not Applicable,3N1CB51D94L860903
2018,15249996,4 DOOR SEDAN,PASSENGER OR SUBURBAN,Going Straight Ahead,Not Entered,Southeast,Gas,1999,NY,1,4,TOYOT,HUMAN,Unsafe Speed,ENVMT,Pavement Slippery,Not Applicable,2T1BR12E7XC177318
2018,15249997,PICKUP TRUCK,PASSENGER OR SUBURBAN,Parked,Not Entered,Southeast,Gas,2000,NY,0,4,GMC,HUMAN,Not Applicable,HUMAN,Not Applicable,Not Applicable,1GTCS1954Y8286430
2018,15250003,SUBURBAN,PASSENGER OR SUBURBAN,Going Straight Ahead,Not Entered,East,Gas,2008,NY,1,6,JEEP,HUMAN,Not Applicable,ENVMT,Pavement Slippery,Not Applicable,1J8GN28K38W174695
2018,15250015,CONVERTIBLE,PASSENGER OR SUBURBAN,Going Straight Ahead,Not Entered,West,Gas,2005,NY,1,6,CHRYS,HUMAN,Not Applicable,HUMAN,Not Applicable,Not Applicable,1C3EL55RX5N556705
2018,15250017,SUBURBAN,PASSENGER OR SUBURBAN,Going Straight Ahead,Not Entered,North,Gas,2014,NY,1,6,NISSA,HUMAN,Not Applicable,ENVMT,Pavement Slippery,Not Applicable,5N1AN0NW8EN813532
2018,15250019,SUBURBAN,PASSENGER OR SUBURBAN,Going Straight Ahead,Not Entered,South,Gas,2006,NY,1,4,SUBAR,HUMAN,Not Applicable,VEHICLE,Brakes Defective,Not Applicable,4S4BP61C167321279
2018,15250022,SUBURBAN,PASSENGER OR SUBURBAN,Going Straight Ahead,Not Entered,East,Gas,2009,NY,1,6,HYUND,HUMAN,Not Applicable,HUMAN,Not Applicable,Not Applicable,KM8NU73CX9U079087
2018,15250021,VAN TRUCK,COMMERCIAL,Going Straight Ahead,Not Entered,West,Gas,2012,NY,1,6,DODGE,HUMAN,Failure to Keep Right,ENVMT,Pavement Slippery,Not Applicable,2C4JDGAG3CR404918
2018,15250023,PICKUP TRUCK,PASSENGER OR SUBURBAN,Going Straight Ahead,Not Entered,South,Gas,2014,NY,1,8,FORD,ENVMT,Pavement Slippery,ENVMT,Pavement Slippery,Not Applicable,1FTFX1EF3EFC82146
2018,15250028,SUBURBAN,PASSENGER OR SUBURBAN,Slowing or Stopping,Not Entered,East,Gas,2009,NY,1,6,KIA,HUMAN,Following Too Closely,ENVMT,Pavement Slippery,Not Applicable,KNDJF723197638166
2018,15250034,4 DOOR SEDAN,PASSENGER OR SUBURBAN,Going Straight Ahead,Not Entered,South,Gas,2007,NY,1,6,SATUR,HUMAN,Unsafe Speed,ENVMT,Pavement Slippery,Not Applicable,1G8ZS57N47F210439
2018,15250032,4 DOOR SEDAN,PASSENGER OR SUBURBAN,Going Straight Ahead,Not Entered,East,Gas,2008,NY,2,4,SUBAR,HUMAN,Not Applicable,HUMAN,Not Applicable,Not Applicable,JF1GE61698H501901
2018,15250033,4 DOOR SEDAN,PASSENGER OR SUBURBAN,Making Left Turn,Not Entered,Northwest,Gas,2009,NY,2,6,FORD,HUMAN,Not Applicable,HUMAN,Failure to Yield Right-of-Way,Not Applicable,3FAHP08139R108529
2018,15250037,VAN TRUCK,AMBULANCE,Parked,Not Entered,North,Diesel,2012,NY,3,8,CHEVR,HUMAN,Not Applicable,HUMAN,Not Applicable,Not Applicable,1GBZGUCL4C1180361
2018,15250036,4 DOOR SEDAN,PASSENGER OR SUBURBAN,Going Straight Ahead,Not Entered,North,Gas,2002,NY,1,4,SATUR,HUMAN,Driver Inexperience*,ENVMT,Pavement Slippery,Not Applicable,1G8JU54F32Y581366
2018,15250040,PICKUP TRUCK,PASSENGER OR SUBURBAN,Going Straight Ahead,Not Entered,South,Gas,2006,NY,1,8,FORD,HUMAN,Not Applicable,HUMAN,Reaction to Other Uninvolved Vehicle,Not Applicable,1FTPW14506KD29884
2018,15250039,SUBURBAN,PASSENGER OR SUBURBAN,Going Straight Ahead,Not Entered,South,Gas,2015,NY,1,6,FORD,HUMAN,Not Applicable,HUMAN,Driver Inattention/Distraction*,"Other Motor Vehicle, Collision With",1FM5K8D87FGB08643
2018,15250038,4 DOOR SEDAN,PASSENGER OR SUBURBAN,Going Straight Ahead,Not Entered,South,Gas,2013,NY,1,4,FORD,HUMAN,Not Applicable,HUMAN,Driver Inattention/Distraction*,Not Applicable,1FADP3F20DL218604
2018,15250056,SUBURBAN,PASSENGER OR SUBURBAN,Slowing or Stopping,Not Entered,East,Gas,2014,NY,2,4,SUBAR,HUMAN,Driver Inattention/Distraction*,HUMAN,Driver Inexperience*,Not Applicable,4S4BRBMC1E3303451
2018,15250055,SUBURBAN,PASSENGER OR SUBURBAN,Slowing or Stopping,Not Entered,East,Gas,2004,NY,1,6,HONDA,HUMAN,Not Applicable,HUMAN,Not Applicable,Not Applicable,5FNRL18514B113676
2018,15250057,4 DOOR SEDAN,PASSENGER OR SUBURBAN,Going Straight Ahead,Not Entered,South,Gas,2012,NY,1,4,TOYOT,HUMAN,Not Applicable,HUMAN,Driver Inattention/Distraction*,Not Applicable,JTDKN3DU2C5466514
2018,15250065,4 DOOR SEDAN,PASSENGER OR SUBURBAN,Stopped in Traffic,Not Entered,East,Gas,2005,NY,3,6,HYUND,HUMAN,Not Applicable,HUMAN,Not Applicable,Not Applicable,KMHFU45E15A386130
2018,15250064,SUBURBAN,COMMERCIAL,Making Left Turn,Not Entered,West,Gas,2015,NY,1,8,FORD,HUMAN,Not Applicable,ENVMT,Pavement Slippery,Not Applicable,1FDRF3H67FED32458
2018,15250079,4 DOOR SEDAN,PASSENGER OR SUBURBAN,Stopped in Traffic,Not Entered,North,Gas,2012,NY,1,4,FORD,HUMAN,Not Applicable,HUMAN,Not Applicable,Not Applicable,3FAHP0HA9CR299901
2018,15250078,4 DOOR SEDAN,PASSENGER OR SUBURBAN,Slowing or Stopping,Not Entered,North,Gas,2008,NY,1,4,DODGE,HUMAN,Driver Inattention/Distraction*,HUMAN,Following Too Closely,Not Applicable,1B3HB48B48D754079
2018,15250081,SUBURBAN,PASSENGER OR SUBURBAN,Slowing or Stopping,Not Entered,East,Gas,2014,NY,3,6,CHRYS,HUMAN,Not Applicable,ENVMT,Pavement Slippery,Not Applicable,2C4RC1CG5ER280248
2018,15250080,SUBURBAN,PASSENGER OR SUBURBAN,Making Left Turn,Not Entered,Northwest,Gas,2011,NY,1,4,HONDA,HUMAN,Not Applicable,HUMAN,Not Applicable,Not Applicable,5J6RE4H47BL030602
2018,15250085,VAN TRUCK,COMMERCIAL,Going Straight Ahead,Not Entered,South,Gas,2010,NY,1,8,FORD,HUMAN,Unsafe Speed,ENVMT,Pavement Slippery,Not Applicable,1FTNE1EW4ADA91861
2018,15250088,SUBURBAN,PASSENGER OR SUBURBAN,Making Right Turn,Not Entered,Southeast,Gas,2006,NY,2,6,TOYOT,HUMAN,Not Applicable,HUMAN,Failure to Yield Right-of-Way,Not Entered,5TDZA23C66S572122
2018,15250094,4 DOOR SEDAN,PASSENGER OR SUBURBAN,Making Left Turn,Not Entered,West,Gas,2007,NY,1,8,DODGE,HUMAN,Driver Inattention/Distraction*,HUMAN,Failure to Yield Right-of-Way,Not Applicable,2B3KA53H17H891346
2018,15250095,4 DOOR SEDAN,PASSENGER OR SUBURBAN,Going Straight Ahead,Not Entered,West,Gas,2016,NY,1,4,HYUND,HUMAN,Not Applicable,HUMAN,Not Applicable,Not Applicable,5NPDH4AE9GH667674
2018,15250106,4 DOOR SEDAN,PASSENGER OR SUBURBAN,Parked,Not Entered,South,Gas,2006,NY,0,4,CHEVR,HUMAN,Not Applicable,HUMAN,Not Applicable,Not Applicable,1G1ZS51F96F191000
2018,15250105,PICKUP TRUCK,PASSENGER OR SUBURBAN,Backing,Not Entered,North,Gas,2008,NY,1,5,CHEVR,HUMAN,Not Applicable,HUMAN,Backing Unsafely,Not Applicable,1GCDT33E888190001
2018,15250107,4 DOOR SEDAN,PASSENGER OR SUBURBAN,Going Straight Ahead,Not Entered,North,Gas,2013,NY,2,4,BUICK,HUMAN,Not Applicable,ENVMT,Animal's Action,Not Applicable,1G4PP5SK6D4162716
2018,15250109,4 DOOR SEDAN,PASSENGER OR SUBURBAN,Stopped in Traffic,Not Entered,West,Gas,2015,NY,1,4,HONDA,HUMAN,Not Applicable,HUMAN,Not Applicable,Not Applicable,19XFB2F89FE225188
2018,15250108,SUBURBAN,PASSENGER OR SUBURBAN,Going Straight Ahead,Not Entered,West,Gas,2000,NY,1,8,FORD,HUMAN,Not Applicable,HUMAN,Following Too Closely,Not Applicable,1FMZU83P8YZB87462
2018,15250117,4 DOOR SEDAN,PASSENGER OR SUBURBAN,Going Straight Ahead,Not Entered,West,Gas,2003,NY,3,6,FORD,HUMAN,Not Applicable,ENVMT,Pavement Slippery,Not Applicable,1FAHP53U53A258173
2018,15250121,4 DOOR SEDAN,PASSENGER OR SUBURBAN,Going Straight Ahead,Not Entered,Northwest,Gas,2000,NY,1,6,BUICK,HUMAN,Unsafe Speed,ENVMT,Pavement Slippery,Not Applicable,2G4WS52J6Y1316621
2018,15250124,DUMP,POLITICAL SUBDIVISION,Slowing or Stopping,Not Entered,West,Diesel,2015,NY,1,6,MACK,HUMAN,Not Applicable,HUMAN,Not Applicable,Not Applicable,1M2AX04C8FM021714
2018,15250123,SUBURBAN,PASSENGER OR SUBURBAN,Going Straight Ahead,Not Entered,West,Gas,2008,NY,1,6,FORD,HUMAN,Unsafe Speed,ENVMT,Pavement Slippery,Not Applicable,2FMDK49C28BB02728
2018,15250127,4 DOOR SEDAN,PASSENGER OR SUBURBAN,Making Left Turn,Not Entered,South,Gas,2007,NY,2,4,HYUND,HUMAN,Not Applicable,HUMAN,Not Applicable,Not Applicable,KMHDU46DX7U261898
2018,15250126,PICKUP TRUCK,COMMERCIAL,Going Straight Ahead,Not Entered,South,Gas,2016,NY,1,8,GMC,HUMAN,Driver Inattention/Distraction*,HUMAN,Following Too Closely,Not Applicable,1GT12SEG3GF271867
2018,15250136,SUBURBAN,PASSENGER OR SUBURBAN,Going Straight Ahead,Not Entered,South,Gas,2010,NY,2,4,CHEVR,HUMAN,Unsafe Speed,ENVMT,Pavement Slippery,Not Applicable,3GNBABDB3AS622364
2018,15250142,SUBURBAN,PASSENGER OR SUBURBAN,Making Left Turn,Not Entered,East,Gas,2005,NY,1,6,GMC,HUMAN,Not Applicable,ENVMT,Pavement Slippery,Not Applicable,1GKDT13S852251036
2018,15250143,SUBURBAN,PASSENGER OR SUBURBAN,Going Straight Ahead,Not Entered,South,Gas,2015,NY,2,4,CHEVR,HUMAN,Not Applicable,HUMAN,Not Applicable,Not Applicable,KL7CJRSB2FB234762
2018,15250152,SUBURBAN,PASSENGER OR SUBURBAN,Stopped in Traffic,Not Entered,East,Gas,2016,NY,1,4,JEEP,HUMAN,Not Applicable,HUMAN,Not Applicable,Not Applicable,1C4NJRFB6GD695751
2018,15250150,SUBURBAN,PASSENGER OR SUBURBAN,Going Straight Ahead,Not Entered,East,Gas,2014,NY,1,4,MITSU,HUMAN,Not Applicable,HUMAN,Following Too Closely,Not Applicable,4A4AR3AU6EE024514
2018,15250151,SUBURBAN,PASSENGER OR SUBURBAN,Stopped in Traffic,Not Entered,East,Gas,2006,NY,2,6,CHEVR,HUMAN,Not Applicable,HUMAN,Not Applicable,"Other Motor Vehicle, Collision With",2CNDL63F366155245
2018,15250146,PICKUP TRUCK,PASSENGER OR SUBURBAN,Going Straight Ahead,Not Entered,East,Gas,1997,NY,1,8,CHEVR,HUMAN,Not Applicable,ENVMT,Obstruction/ Debris,Not Applicable,1GCEK19M0VE210250
2018,15250148,SUBURBAN,PASSENGER OR SUBURBAN,Going Straight Ahead,Not Entered,West,Gas,2003,NY,1,4,HONDA,HUMAN,Not Applicable,HUMAN,Following Too Closely,Not Applicable,SHSRD78843U159536
2018,15250147,SUBURBAN,PASSENGER OR SUBURBAN,Going Straight Ahead,Not Entered,West,Gas,2009,NY,1,6,NISSA,HUMAN,Driver Inattention/Distraction*,HUMAN,Following Too Closely,"Other Fixed Object*, Collision With Fixed Object",5N1AN08W19C501470
2018,15250149,SUBURBAN,PASSENGER OR SUBURBAN,Stopped in Traffic,Not Entered,West,Gas,2015,NY,1,4,TOYOT,HUMAN,Not Applicable,HUMAN,Not Applicable,Not Applicable,JTMDFREV0FD167159
2018,15250153,PICKUP TRUCK,PASSENGER OR SUBURBAN,Going Straight Ahead,Not Entered,East,Gas,2004,NY,1,8,TOYOT,HUMAN,Not Applicable,ENVMT,Pavement Slippery,"Guide Rail - Not At End, Collision With Fixed Object",5TBDT44124S444298
2018,15250165,PICKUP TRUCK,PASSENGER OR SUBURBAN,Going Straight Ahead,Not Entered,Southeast,Gas,2010,NY,1,8,DODGE,HUMAN,Not Applicable,HUMAN,Unsafe Speed,"Culver/Head Wall, Collision With Fixed Object",3D7JV1EP1AG106493
2018,15250159,UTILITY,AGRICULTURAL TRUCK,Going Straight Ahead,Not Entered,Southwest,Gas,2011,NY,1,10,FORD,HUMAN,Not Applicable,HUMAN,Following Too Closely,Not Applicable,1FDUF4GY2BEB78545
2018,15250160,VAN TRUCK,AGRICULTURAL TRUCK,Slowing or Stopping,Not Entered,Southwest,Gas,2011,NY,2,8,CHEVR,HUMAN,Not Applicable,HUMAN,Not Applicable,Not Applicable,1GCZGTBGXB1167719
2018,15250162,4 DOOR SEDAN,PASSENGER OR SUBURBAN,Parked,Not Entered,South,Gas,2012,NY,0,4,HONDA,HUMAN,Not Applicable,HUMAN,Not Applicable,Not Applicable,2HGFB2F5XCH597730
2018,15250161,SUBURBAN,PASSENGER OR SUBURBAN,Entering Parked Position,Not Entered,Southwest,Gas,1999,NY,1,4,HONDA,HUMAN,Not Applicable,HUMAN,Unsafe Speed,Not Applicable,JHLRD1840XC001685
2018,15250177,PICKUP TRUCK,PASSENGER OR SUBURBAN,Going Straight Ahead,Not Entered,East,Gas,2014,NY,1,6,NISSA,HUMAN,Following Too Closely,HUMAN,Unsafe Speed,Not Applicable,1N6AD0EV3EN723460
2018,15250178,SUBURBAN,PASSENGER OR SUBURBAN,Going Straight Ahead,Not Entered,East,Gas,2013,NY,1,4,JEEP,HUMAN,Not Applicable,HUMAN,Not Applicable,"Snow Embankment, Collision With Fixed Object",1C4NJDCB9DD190323
2018,15250180,SUBURBAN,PASSENGER OR SUBURBAN,Slowing or Stopping,Not Entered,South,Gas,2013,NY,1,4,NISSA,HUMAN,Not Applicable,HUMAN,Failure to Yield Right-of-Way,Not Applicable,JN8AS5MV2DW621197
2018,15250179,PICKUP TRUCK,POLITICAL SUBDIVISION,Backing,Not Entered,West,Gas,2017,NY,1,8,FORD,HUMAN,Not Applicable,HUMAN,Backing Unsafely,Not Applicable,1FTBF2B60HEE73609
2018,15250182,SUBURBAN,PASSENGER OR SUBURBAN,Slowing or Stopping,Not Entered,North,Gas,2013,NY,1,4,SUBAR,HUMAN,Not Applicable,HUMAN,Not Applicable,Not Applicable,4S4BRBGC2D3264394
2018,15250181,SUBURBAN,PASSENGER OR SUBURBAN,Going Straight Ahead,Not Entered,North,Gas,2006,NY,1,6,GMC,HUMAN,Not Applicable,HUMAN,Following Too Closely,Not Applicable,1GKDT13S262188436
2018,15250190,4 DOOR SEDAN,PASSENGER OR SUBURBAN,Making Right Turn,Not Entered,South,Gas,2015,NY,1,4,HYUND,HUMAN,Not Applicable,HUMAN,Not Applicable,Not Applicable,5NPE34AF1FH215227
2018,15250189,VAN TRUCK,COMMERCIAL,Making Right Turn,Not Entered,North,Diesel,2015,NY,1,4,ISUZU,HUMAN,Not Applicable,HUMAN,Passing Too Closely,Not Applicable,JALC4W162F7K00433
2018,15250200,SUBURBAN,PASSENGER OR SUBURBAN,Parked,Not Entered,East,Gas,2006,NY,0,8,LINCO,HUMAN,Not Applicable,HUMAN,Not Applicable,Not Applicable,5LMFU28586LJ16234
2018,15250199,DUMP,POLITICAL SUBDIVISION,Overtaking/Passing,Not Entered,East,Diesel,2017,NY,1,6,INTE,HUMAN,Not Applicable,HUMAN,Passing Too Closely,Not Applicable,1HTWGSTTXHH470513
2018,15250201,DUMP,POLITICAL SUBDIVISION,Backing,Not Entered,South,Diesel,2016,NY,1,6,INTER,HUMAN,Not Applicable,HUMAN,Backing Unsafely,"Fence, Collision With Fixed Object",3HAWGSTR2GL263420
2018,15250208,VAN TRUCK,COMMERCIAL,Slowing or Stopping,Not Entered,South,Gas,2015,NY,2,6,FORD,HUMAN,Not Applicable,HUMAN,Following Too Closely,Not Applicable,1FTNR2CM0FKB21078
2018,15250209,4 DOOR SEDAN,PASSENGER OR SUBURBAN,Stopped in Traffic,Not Entered,South,Gas,2002,NY,1,4,NISSA,HUMAN,Not Applicable,HUMAN,Not Applicable,Not Applicable,3N1CB51D02L656682
2018,15250211,PICKUP TRUCK,PASSENGER OR SUBURBAN,Going Straight Ahead,Not Entered,South,Gas,2006,NY,1,8,TOYOT,HUMAN,Not Applicable,ENVMT,Pavement Slippery,Not Applicable,5TBDT44176S524134
2018,15250210,4 DOOR SEDAN,PASSENGER OR SUBURBAN,Making Left Turn,Not Entered,West,Gas,2016,NY,1,6,CHEVR,HUMAN,Turning Improperly,ENVMT,Pavement Slippery,"Other Motor Vehicle, Collision With",2G1145S31G9154755
2018,15250212,4 DOOR SEDAN,PASSENGER OR SUBURBAN,Stopped in Traffic,Not Entered,East,Gas,2009,NY,1,6,CHEVR,HUMAN,Not Applicable,HUMAN,Not Applicable,Not Applicable,2G1WB57N891251720
2018,15250220,SUBURBAN,PASSENGER OR SUBURBAN,Going Straight Ahead,Not Entered,South,Gas,2015,NY,2,8,CADIL,HUMAN,Not Applicable,HUMAN,Not Applicable,Not Applicable,1GYS4BKJ4FR175980
2018,15250219,4 DOOR SEDAN,PASSENGER OR SUBURBAN,Making Left Turn,Not Entered,South,Gas,2011,NY,2,4,TOYOT,HUMAN,Not Applicable,HUMAN,Turning Improperly,Not Applicable,4T1BF3EK8BU726263
2018,15250225,4 DOOR SEDAN,PASSENGER OR SUBURBAN,Backing,Not Entered,South,Gas,2017,NY,1,6,INFIN,HUMAN,Not Applicable,HUMAN,Not Applicable,Not Applicable,JN1EV7AR1HM834105
2018,15250224,4 DOOR SEDAN,PASSENGER OR SUBURBAN,Going Straight Ahead,Not Entered,East,Gas,2012,NY,1,6,NISSA,HUMAN,Failure to Yield Right-of-Way,ENVMT,Pavement Slippery,Not Applicable,1N4AA5APXCC853170
2018,15250227,4 DOOR SEDAN,PASSENGER OR SUBURBAN,Going Straight Ahead,Not Entered,West,Gas,2001,NY,1,4,HYUND,HUMAN,Not Applicable,ENVMT,Pavement Slippery,Not Applicable,KMHDN45D81U083804
2018,15250226,4 DOOR SEDAN,PASSENGER OR SUBURBAN,Going Straight Ahead,Not Entered,West,Gas,2005,NY,1,4,HONDA,HUMAN,Not Applicable,ENVMT,Pavement Slippery,Not Applicable,1HGCM56755A129101
2018,15250228,4 DOOR SEDAN,PASSENGER OR SUBURBAN,Going Straight Ahead,Not Entered,East,Gas,2006,NY,1,4,TOYOT,HUMAN,Unsafe Speed,ENVMT,Pavement Slippery,Not Applicable,JTDKB20UX67078223
2018,15250231,SUBURBAN,PASSENGER OR SUBURBAN,Stopped in Traffic,Not Entered,West,Gas,2017,NY,1,6,ACURA,HUMAN,Not Applicable,HUMAN,Not Applicable,Not Applicable,5J8TB4H71HL023864
2018,15250230,SUBURBAN,PASSENGER OR SUBURBAN,Changing Lanes,Not Entered,West,Gas,2015,NY,1,6,CHRYS,HUMAN,Not Applicable,HUMAN,Failure to Yield Right-of-Way,Not Applicable,2C4RC1BG5FR743637
2018,15250239,SUBURBAN,PASSENGER OR SUBURBAN,Stopped in Traffic,Not Entered,West,Gas,2008,NY,2,6,CHRYS,HUMAN,Not Applicable,HUMAN,Not Applicable,Not Applicable,2A8HR64XX8R132535
2018,15250238,SUBURBAN,PASSENGER OR SUBURBAN,Going Straight Ahead,Not Entered,West,Gas,2008,NY,2,6,HYUND,HUMAN,Not Applicable,ENVMT,Pavement Slippery,Not Applicable,KM8JN12D58U861993
2018,15250243,4 DOOR SEDAN,PASSENGER OR SUBURBAN,Going Straight Ahead,Not Entered,South,Gas,2015,NY,1,4,HONDA,HUMAN,Not Applicable,HUMAN,Not Applicable,Not Applicable,1HGCR2F33FA130147
2018,15250242,4 DOOR SEDAN,PASSENGER OR SUBURBAN,Backing,Not Entered,West,Gas,2006,NY,1,4,AUDI,HUMAN,Not Applicable,ENVMT,Pavement Slippery,Not Applicable,WAUDF78E36A177716