Year,Case Vehicle ID,Vehicle Body Type,Registration Class,Action Prior to Accident,Type / Axles of Truck or Bus,Direction of Travel,Fuel Type,Vehicle Year,State of Registration,Number of Occupants,Engine Cylinders,Vehicle Make,Contributing Factor 1,Contributing Factor 1 Description,Contributing Factor 2,Contributing Factor 2 Description,Event Type,Partial VIN
2018,15250245,PICKUP TRUCK,AGRICULTURAL TRUCK,Going Straight Ahead,Not Entered,North,Gas,2015,NY,1,10,FORD,HUMAN,Not Applicable,HUMAN,Not Applicable,Not Applicable,1FDUF5HY8FED32279
2018,15250244,PICKUP TRUCK,PASSENGER OR SUBURBAN,Going Straight Ahead,Not Entered,South,Gas,2009,NY,3,8,DODGE,HUMAN,Not Applicable,HUMAN,Failure to Yield Right-of-Way,Not Applicable,1D3HV18P79S784617
2018,15250247,FLAT BED TRUCK,COMMERCIAL,Stopped in Traffic,Not Entered,West,Diesel,2015,NY,1,6,FREIG,HUMAN,Not Applicable,HUMAN,Not Applicable,Not Applicable,3ALACWDT9FDGB1960
2018,15250251,SUBURBAN,PASSENGER OR SUBURBAN,Going Straight Ahead,Not Entered,North,Gas,2015,NY,1,4,TOYOT,HUMAN,Not Applicable,HUMAN,Not Applicable,Not Applicable,2T3BFREV5FW378304
2018,15250250,SUBURBAN,PASSENGER OR SUBURBAN,Making Right Turn,Not Entered,East,Gas,2016,NY,1,4,KIA,HUMAN,Failure to Yield Right-of-Way,ENVMT,Pavement Slippery,Not Applicable,5XYPG4A33GG062975
2018,15250255,SUBURBAN,PASSENGER OR SUBURBAN,Going Straight Ahead,Not Entered,West,Gas,2017,NY,1,4,HYUND,HUMAN,Not Applicable,HUMAN,Not Applicable,Not Applicable,5XYZWDLA9HG466694
2018,15250254,VAN TRUCK,COMMERCIAL,Changing Lanes,Not Entered,East,Gas,2000,NY,3,8,FORD,HUMAN,Reaction to Other Uninvolved Vehicle,ENVMT,Pavement Slippery,Not Applicable,1FTSS34L1YHA11918
2018,15250256,4 DOOR SEDAN,PASSENGER OR SUBURBAN,Going Straight Ahead,Not Entered,North,Gas,2001,NY,1,6,HONDA,HUMAN,Unsafe Speed,ENVMT,Pavement Slippery,Not Applicable,1HGCG165X1A072676
2018,15250257,SUBURBAN,PASSENGER OR SUBURBAN,Going Straight Ahead,Not Entered,South,Gas,2004,NY,1,6,JEEP,HUMAN,Not Applicable,HUMAN,Not Applicable,Not Applicable,1J4GW48S24C367099
2018,15250259,4 DOOR SEDAN,PASSENGER OR SUBURBAN,Stopped in Traffic,Not Entered,North,Gas,2012,NY,1,4,TOYOT,HUMAN,Not Applicable,HUMAN,Not Applicable,Not Applicable,4T1BF1FK7CU002343
2018,15250258,SUBURBAN,PASSENGER OR SUBURBAN,Going Straight Ahead,Not Entered,North,Gas,2007,NY,1,8,LA/RO,HUMAN,Not Applicable,HUMAN,Following Too Closely,Not Applicable,SALSK25477A999580
2018,15250263,SUBURBAN,PASSENGER OR SUBURBAN,Going Straight Ahead,Not Entered,South,Gas,2008,NY,1,8,FORD,HUMAN,Not Applicable,HUMAN,Not Applicable,Not Entered,1FDNE31L98DA24797
2018,15250262,SUBURBAN,PASSENGER OR SUBURBAN,Making Right Turn,Not Entered,Southeast,Gas,2017,NY,2,6,LEXUS,HUMAN,Not Applicable,HUMAN,Failure to Yield Right-of-Way,Not Entered,2T2BZMCA3HC087402
2018,15250266,SUBURBAN,PASSENGER OR SUBURBAN,Stopped in Traffic,Not Entered,North,Gas,2018,NY,1,4,KIA,HUMAN,Not Applicable,HUMAN,Not Applicable,"Light Support/Utility Pole, Collision With Fixed Object",5XYPGDA37JG387877
2018,15250265,TOW TRUCK,TOW TRUCK,Going Straight Ahead,Not Entered,South,Diesel,2012,NY,1,6,DODGE,HUMAN,Not Applicable,HUMAN,Not Applicable,"Other Motor Vehicle, Collision With",3C7WDNBL9CG139551
2018,15250264,2 DOOR SEDAN,PASSENGER OR SUBURBAN,Going Straight Ahead,Not Entered,East,Gas,2006,NY,1,6,HONDA,HUMAN,Not Applicable,HUMAN,Traffic Control Device Disregarded,Not Applicable,1HGCM82636A005408
2018,15250268,4 DOOR SEDAN,PASSENGER OR SUBURBAN,Going Straight Ahead,Not Entered,East,Gas,2015,NY,1,6,INFIN,HUMAN,Not Applicable,HUMAN,Not Applicable,Not Applicable,JN1BY1AR5FM562064
2018,15250267,4 DOOR SEDAN,PASSENGER OR SUBURBAN,Going Straight Ahead,Not Entered,West,Gas,2014,NY,1,4,BUICK,HUMAN,Not Applicable,ENVMT,Pavement Slippery,Not Applicable,1G4PS5SK9E4101036
2018,15250276,BUS (OMNIBUS),POLITICAL SUBDIVISION,Going Straight Ahead,Not Entered,North,Compressed Natural Gas,2015,NY,1,6,NE/FL,HUMAN,Not Applicable,HUMAN,Not Applicable,Not Applicable,5FYC8FB18FF047636
2018,15250275,SUBURBAN,PASSENGER OR SUBURBAN,Merging,Not Entered,North,Gas,2010,NY,2,6,JEEP,HUMAN,Not Applicable,HUMAN,Failure to Yield Right-of-Way,Not Applicable,1J4PR4GK0AC102136
2018,15250285,4 DOOR SEDAN,PASSENGER OR SUBURBAN,Going Straight Ahead,Not Entered,West,Gas,2007,NY,1,4,NISSA,HUMAN,Not Applicable,HUMAN,Not Applicable,Not Applicable,1N4AL21E37C210964
2018,15250283,UTILITY,AGRICULTURAL TRUCK,Going Straight Ahead,Not Entered,South,Diesel,1999,NY,1,6,INTER,HUMAN,Not Applicable,HUMAN,Not Applicable,Not Applicable,1HTSCAAM1XH688788
2018,15250282,SUBURBAN,PASSENGER OR SUBURBAN,Going Straight Ahead,Not Entered,South,Gas,2013,NY,1,4,CHEVR,HUMAN,Not Applicable,HUMAN,Passing or Lane Usage Improper,Not Applicable,2GNFLEEK4D6235482
2018,15250290,4 DOOR SEDAN,PASSENGER OR SUBURBAN,Going Straight Ahead,Not Entered,Southeast,Gas,2006,NY,1,6,HYUND,HUMAN,Lost Consciousness,ENVMT,Pavement Slippery,Not Applicable,5NPEU46F86H053361
2018,15250291,FLAT BED TRUCK,AGRICULTURAL TRUCK,Parked,Not Entered,Southeast,Gas,1991,NY,0,8,CHEVR,HUMAN,Not Applicable,HUMAN,Not Applicable,Not Applicable,1GBKC34NXMJ107259
2018,15250314,SUBURBAN,PASSENGER OR SUBURBAN,Backing,Not Entered,East,Gas,2011,NY,1,4,NISSA,HUMAN,Backing Unsafely,HUMAN,Failure to Yield Right-of-Way,Not Applicable,JN8AS5MV6BW297605
2018,15250317,4 DOOR SEDAN,PASSENGER OR SUBURBAN,Going Straight Ahead,Not Entered,East,Gas,2009,NY,1,6,MAZDA,HUMAN,Not Applicable,ENVMT,Animal's Action,Not Applicable,1YVHP82B295M27637
2018,15250319,2 DOOR SEDAN,PASSENGER OR SUBURBAN,Slowing or Stopping,Not Entered,East,Gas,2014,NY,1,5,VOLKS,HUMAN,Not Applicable,ENVMT,Pavement Slippery,"Snow Embankment, Collision With Fixed Object",3VWJP7AT0EM609883
2018,15250318,4 DOOR SEDAN,SPORTS,Slowing or Stopping,Not Entered,East,Gas,2009,NY,1,4,NISSA,HUMAN,Not Applicable,ENVMT,Pavement Slippery,Not Entered,3N1BC13E39L359830
2018,15250321,PICKUP TRUCK,POLITICAL SUBDIVISION,Making Left Turn,Not Entered,Northwest,Gas,2013,NY,1,8,FORD,HUMAN,Failure to Yield Right-of-Way,ENVMT,Pavement Slippery,Not Applicable,1FT7X2B61DEA69649
2018,15250320,SUBURBAN,PASSENGER OR SUBURBAN,Going Straight Ahead,Not Entered,West,Gas,2016,NY,1,4,JEEP,HUMAN,Not Applicable,HUMAN,Not Applicable,Not Applicable,1C4PJMDB7GW154274
2018,15250331,PICKUP TRUCK,PASSENGER OR SUBURBAN,Going Straight Ahead,Not Entered,South,Gas,2008,NY,3,8,TOYOT,HUMAN,Unsafe Speed,ENVMT,Pavement Slippery,Not Applicable,5TBBV54198S514778
2018,15250330,PICKUP TRUCK,PASSENGER OR SUBURBAN,Stopped in Traffic,Not Entered,East,Gas,2017,NY,1,8,TOYOT,HUMAN,Not Applicable,HUMAN,Not Applicable,Not Applicable,5TFUY5F15HX654258
2018,15250371,SUBURBAN,PASSENGER OR SUBURBAN,Going Straight Ahead,Not Entered,West,Gas,2014,NY,1,4,MAZDA,HUMAN,Not Applicable,HUMAN,Unsafe Speed,Not Applicable,JM3KE4BE1E0323188
2018,15250377,4 DOOR SEDAN,PASSENGER OR SUBURBAN,Going Straight Ahead,Not Entered,East,Gas,2004,NY,1,8,MERCU,HUMAN,Unsafe Speed,ENVMT,Pavement Slippery,Not Applicable,2MEFM74W84X614483
2018,15250376,SUBURBAN,PASSENGER OR SUBURBAN,Going Straight Ahead,Not Entered,East,Gas,2009,NY,1,4,TOYOT,HUMAN,Not Applicable,HUMAN,Following Too Closely,Not Applicable,JTLKE50E091062559
2018,15250375,4 DOOR SEDAN,PASSENGER OR SUBURBAN,Slowing or Stopping,Not Entered,East,Gas,2004,NY,1,4,VOLKS,HUMAN,Not Applicable,HUMAN,Not Applicable,Not Applicable,3VWSE69M64M053045
2018,15250372,SUBURBAN,PASSENGER OR SUBURBAN,Making Right Turn,Not Entered,Northwest,Gas,2008,NY,1,6,BMW,HUMAN,Unsafe Speed,ENVMT,Pavement Slippery,Not Applicable,5UXFE43548L002157
2018,15250379,2 DOOR SEDAN,PASSENGER OR SUBURBAN,Making Left Turn,Not Entered,West,Gas,2001,NY,1,4,HONDA,HUMAN,Not Applicable,HUMAN,Failure to Yield Right-of-Way,Not Applicable,1HGEM22991L103128
2018,15250378,4 DOOR SEDAN,PASSENGER OR SUBURBAN,Going Straight Ahead,Not Entered,North,Gas,2010,NY,1,4,HONDA,HUMAN,Not Applicable,HUMAN,Not Applicable,Not Applicable,1HGCP2F38AA119109
2018,15250403,SUBURBAN,PASSENGER OR SUBURBAN,Making Right Turn,Not Entered,East,Gas,2016,NY,1,6,ACURA,HUMAN,Not Applicable,HUMAN,Not Applicable,Not Applicable,5FRYD4H92GB029771
2018,15250402,4 DOOR SEDAN,PASSENGER OR SUBURBAN,Going Straight Ahead,Not Entered,East,Gas,2011,NY,1,4,HONDA,HUMAN,Driver Inattention/Distraction*,HUMAN,Following Too Closely,Not Applicable,1HGCP2F62BA108165
2018,15250407,4 DOOR SEDAN,PASSENGER OR SUBURBAN,Changing Lanes,Not Entered,West,Gas,2009,NY,1,4,TOYOT,HUMAN,Not Applicable,ENVMT,Pavement Slippery,Not Applicable,2T1LE40E29C009867
2018,15250406,VAN TRUCK,AGRICULTURAL TRUCK,Going Straight Ahead,Not Entered,West,Diesel,2004,NY,1,6,FREIG,HUMAN,Not Applicable,HUMAN,Not Applicable,Not Applicable,4UZAARBW94CM85116
2018,15250408,4 DOOR SEDAN,PASSENGER OR SUBURBAN,Going Straight Ahead,Not Entered,East,Gas,2007,NY,1,4,NISSA,HUMAN,Not Applicable,HUMAN,Fell Asleep,Not Applicable,1N4AL21E57C232478
2018,15250418,SUBURBAN,PASSENGER OR SUBURBAN,Parked,Not Entered,North,Gas,2000,NY,0,4,TOYOT,HUMAN,Not Applicable,HUMAN,Not Applicable,Not Applicable,JT3HP10V3Y0236349
2018,15250415,PICKUP TRUCK,PASSENGER OR SUBURBAN,Going Straight Ahead,Not Entered,South,Gas,2018,NY,1,8,TOYOT,HUMAN,Not Applicable,HUMAN,Unknown,"Other Motor Vehicle, Collision With",5TFAY5F19JX685263
2018,15250417,4 DOOR SEDAN,PASSENGER OR SUBURBAN,Parked,Not Entered,South,Gas,2009,NY,0,4,DODGE,HUMAN,Not Applicable,HUMAN,Not Applicable,"Other Motor Vehicle, Collision With",1B3HB48A69D143222
2018,15250422,PICKUP TRUCK,PASSENGER OR SUBURBAN,Slowing or Stopping,Not Entered,West,Gas,2015,NY,1,8,RAM,HUMAN,Not Applicable,HUMAN,Not Applicable,Not Applicable,1C6RR7KT9FS657431
2018,15250423,SUBURBAN,PASSENGER OR SUBURBAN,Going Straight Ahead,Not Entered,West,Gas,2010,NY,1,4,NISSA,HUMAN,Not Applicable,HUMAN,Following Too Closely,Not Applicable,JN8AS5MV8AW113702
2018,15250427,PICKUP TRUCK,PASSENGER OR SUBURBAN,Unknown,Not Entered,East,Gas,2015,NY,1,6,NISSA,HUMAN,Not Applicable,HUMAN,Failure to Yield Right-of-Way,Not Applicable,1N6AD0EVXFN733064
2018,15250426,SUBURBAN,PASSENGER OR SUBURBAN,Going Straight Ahead,Not Entered,West,Gas,2017,NY,1,4,VOLKS,HUMAN,Not Applicable,HUMAN,Failure to Yield Right-of-Way,Not Applicable,3VWH17AU9HM512274
2018,15250431,SUBURBAN,PASSENGER OR SUBURBAN,Making Left Turn,Not Entered,Northeast,Gas,2017,NY,6,6,HONDA,HUMAN,Failure to Yield Right-of-Way,HUMAN,Traffic Control Device Disregarded,Not Applicable,5FNYF6H92HB020027
2018,15250430,UTILITY,AGRICULTURAL TRUCK,Going Straight Ahead,Not Entered,West,Diesel,1998,NY,2,6,INTER,HUMAN,Not Applicable,HUMAN,Traffic Control Device Disregarded,Not Applicable,1HTSLAAN9WH508061
2018,15250434,SUBURBAN,PASSENGER OR SUBURBAN,Parked,Not Entered,South,Gas,1999,NY,0,6,MERCU,HUMAN,Not Applicable,HUMAN,Not Applicable,Not Applicable,4M2XV11T7XDJ11947
2018,15250435,2 DOOR SEDAN,PASSENGER OR SUBURBAN,Going Straight Ahead,Not Entered,South,Gas,1992,NY,1,4,FORD,HUMAN,Alcohol Involvement,ENVMT,Pavement Slippery,Not Applicable,1FAPP10J2NW108705
2018,15250440,PICKUP TRUCK,AGRICULTURAL TRUCK,Going Straight Ahead,Not Entered,East,Gas,2001,NY,1,8,FORD,HUMAN,Not Applicable,HUMAN,Not Applicable,Not Applicable,1FTSF30L81EB14156
2018,15250441,2 DOOR SEDAN,PASSENGER OR SUBURBAN,Overtaking/Passing,Not Entered,East,Gas,2012,NY,1,8,CHEVR,HUMAN,Passing or Lane Usage Improper,ENVMT,Pavement Slippery,Not Applicable,2G1FK1EJXC9109015
2018,15250453,SUBURBAN,PASSENGER OR SUBURBAN,Going Straight Ahead,Not Entered,North,Gas,2015,NY,2,4,NISSA,HUMAN,Not Applicable,HUMAN,Not Applicable,Not Applicable,5N1AT2MV7FC855813
2018,15250452,SUBURBAN,PASSENGER OR SUBURBAN,Making Left Turn,Not Entered,South,Gas,2014,NY,2,6,TOYOT,HUMAN,Not Applicable,HUMAN,Driver Inattention/Distraction*,Not Applicable,5TDBKRFH2ES039066
2018,15250462,UTILITY,AGRICULTURAL TRUCK,Slowing or Stopping,Not Entered,South,Gas,1996,NY,2,8,FORD,HUMAN,Not Applicable,HUMAN,Driver Inattention/Distraction*,Not Applicable,1FDJW35H5TEB08572
2018,15250461,2 DOOR SEDAN,PASSENGER OR SUBURBAN,Stopped in Traffic,Not Entered,South,Gas,2008,NY,1,4,HONDA,HUMAN,Not Applicable,HUMAN,Not Applicable,"Other Motor Vehicle, Collision With",2HGFG12658H574647
2018,15250460,4 DOOR SEDAN,PASSENGER OR SUBURBAN,Stopped in Traffic,Not Entered,South,Gas,2012,NY,4,4,TOYOT,HUMAN,Not Applicable,HUMAN,Not Applicable,Not Applicable,4T1BF1FK2CU153834
2018,15250472,SUBURBAN,PASSENGER OR SUBURBAN,Slowing or Stopping,Not Entered,South,Gas,2008,NY,1,4,NISSA,HUMAN,Not Applicable,HUMAN,Not Applicable,Not Applicable,JN8AS58T18W021186
2018,15250471,4 DOOR SEDAN,PASSENGER OR SUBURBAN,Going Straight Ahead,Not Entered,South,Gas,2006,NY,1,4,SUZUK,HUMAN,Not Applicable,HUMAN,Following Too Closely,Not Applicable,JS2RD61HX65350398
2018,15250494,2 DOOR SEDAN,PASSENGER OR SUBURBAN,Going Straight Ahead,Not Entered,East,Gas,1999,NY,1,4,HONDA,HUMAN,Not Applicable,ENVMT,Pavement Slippery,Not Applicable,1HGEJ8243XL085881
2018,15250493,4 DOOR SEDAN,PASSENGER OR SUBURBAN,Making Right Turn,Not Entered,East,Gas,2003,NY,1,6,MERCU,HUMAN,Driver Inattention/Distraction*,HUMAN,Passing or Lane Usage Improper,Not Applicable,1MEFM50U83G629207
2018,15250495,4 DOOR SEDAN,PASSENGER OR SUBURBAN,Making Left Turn,Not Entered,East,Gas,1998,NY,2,4,NISSA,HUMAN,Not Applicable,HUMAN,Not Applicable,Not Applicable,1N4DL01D5WC252866
2018,15250496,SUBURBAN,PASSENGER OR SUBURBAN,Slowing or Stopping,Not Entered,East,Gas,2009,NY,1,4,NISSA,HUMAN,Not Applicable,HUMAN,Following Too Closely,Not Applicable,JN8AS58V39W437372
2018,15250498,4 DOOR SEDAN,PASSENGER OR SUBURBAN,Going Straight Ahead,Not Entered,North,Gas,1997,NY,2,6,BUICK,HUMAN,Not Applicable,HUMAN,Not Applicable,Not Entered,1G4HP52K7VH528570
2018,15250499,4 DOOR SEDAN,PASSENGER OR SUBURBAN,Making Left Turn,Not Entered,Southeast,Gas,2018,NY,1,4,TOYOT,HUMAN,Not Applicable,ENVMT,Glare,Not Entered,4T1B11HK7JU546950
2018,15250500,4 DOOR SEDAN,PASSENGER OR SUBURBAN,Parked,Not Entered,East,Gas,2015,NY,0,6,INFIN,HUMAN,Not Applicable,HUMAN,Not Applicable,Not Entered,JN1BV7AR0FM411533
2018,15250501,SUBURBAN,AMBULANCE,Making Right Turn,Not Entered,East,Gas,2017,NY,1,10,FORD,HUMAN,Turning Improperly,HUMAN,Turning Improperly,Not Entered,1FDXE4FS8HDC37450
2018,15250505,4 DOOR SEDAN,OMNIBUS - TAXI,Going Straight Ahead,Not Entered,East,Gas,2009,NY,1,8,LINCO,HUMAN,Not Applicable,HUMAN,Unknown,Not Applicable,2LNHM82V29X632815
2018,15250504,4 DOOR SEDAN,PASSENGER OR SUBURBAN,Parked,Not Entered,East,Gas,2005,NY,0,4,NISSA,HUMAN,Not Applicable,HUMAN,Not Applicable,Not Applicable,3N1CB51D15L514586
2018,15250511,SUBURBAN,PASSENGER OR SUBURBAN,Going Straight Ahead,Not Entered,South,Gas,2016,NY,1,4,SUBAR,HUMAN,Not Applicable,ENVMT,Pavement Slippery,Not Applicable,JF2SJAAC3GH477491
2018,15250512,4 DOOR SEDAN,PASSENGER OR SUBURBAN,Going Straight Ahead,Not Entered,South,Gas,2015,NY,1,6,INFIN,HUMAN,Following Too Closely,HUMAN,Unsafe Speed,Not Applicable,JN1BY1PR8FM831150
2018,15250518,4 DOOR SEDAN,PASSENGER OR SUBURBAN,Making Right Turn,Not Entered,West,Gas,2007,NY,1,4,TOYOT,HUMAN,Not Applicable,HUMAN,Driver Inattention/Distraction*,Not Applicable,4T1BE46K57U114049
2018,15250517,4 DOOR SEDAN,PASSENGER OR SUBURBAN,Going Straight Ahead,Not Entered,North,Gas,1996,NY,1,6,TOYOT,HUMAN,Not Applicable,HUMAN,Not Applicable,Not Applicable,4T1BF12B5TU117982
2018,15250516,SUBURBAN,PASSENGER OR SUBURBAN,Slowing or Stopping,Not Entered,West,Gas,2012,NY,1,8,CHEVR,HUMAN,Not Applicable,HUMAN,Following Too Closely,Not Applicable,1GNSKJE75CR195874
2018,15250515,4 DOOR SEDAN,PASSENGER OR SUBURBAN,Stopped in Traffic,Not Entered,West,Gas,2014,NY,1,4,HYUND,HUMAN,Not Applicable,HUMAN,Not Applicable,Not Applicable,KMHCT4AE7EU662255
2018,15250522,SUBURBAN,PASSENGER OR SUBURBAN,Going Straight Ahead,Not Entered,North,Gas,2014,NY,1,4,JEEP,HUMAN,Not Applicable,ENVMT,Pavement Slippery,Not Applicable,1C4NJRBB8ED625428
2018,15250521,PICKUP TRUCK,COMMERCIAL,Going Straight Ahead,Not Entered,North,Diesel,2018,NY,1,8,CHEVR,HUMAN,Not Applicable,HUMAN,Not Applicable,Not Applicable,1GC4K0CY7JF116226
2018,15250529,SUBURBAN,PASSENGER OR SUBURBAN,Going Straight Ahead,Not Entered,East,Gas,2014,NY,1,4,MAZDA,HUMAN,Not Applicable,HUMAN,Not Applicable,"Snow Embankment, Collision With Fixed Object",JM1CW2DL8E0171369
2018,15250528,4 DOOR SEDAN,PASSENGER OR SUBURBAN,Making Left Turn,Not Entered,Northwest,Gas,2010,NY,1,4,FORD,HUMAN,Failure to Yield Right-of-Way,ENVMT,View Obstructed/Limited,Not Applicable,3FAHP0HA6AR281904
2018,15250534,SUBURBAN,PASSENGER OR SUBURBAN,Going Straight Ahead,Not Entered,West,Gas,2004,NY,1,6,FORD,HUMAN,Not Applicable,HUMAN,Not Applicable,"Sign Post, Collision With Fixed Object",2FMZA57674BB27937
2018,15250533,PICKUP TRUCK,PASSENGER OR SUBURBAN,Going Straight Ahead,Not Entered,North,Gas,2006,NY,2,8,FORD,HUMAN,Not Applicable,HUMAN,Failure to Yield Right-of-Way,Not Applicable,1FTRX14W56FB77317
2018,15250538,SUBURBAN,PASSENGER OR SUBURBAN,Going Straight Ahead,Not Entered,South,Gas,2003,NY,1,8,FORD,HUMAN,Unsafe Speed,ENVMT,Pavement Slippery,Not Applicable,1FMZU73W63UA75878
2018,15250540,SUBURBAN,PASSENGER OR SUBURBAN,Changing Lanes,Not Entered,North,Gas,2016,NY,1,4,TOYOT,HUMAN,Failure to Yield Right-of-Way,HUMAN,Unsafe Lane Changing,Not Applicable,JTMBFREV1GJ061393
2018,15250541,4 DOOR SEDAN,PASSENGER OR SUBURBAN,Going Straight Ahead,Not Entered,North,Gas,2004,NY,1,4,VOLKS,HUMAN,Not Applicable,HUMAN,Unsafe Speed,Not Applicable,3VWSA69M34M115206
2018,15250546,4 DOOR SEDAN,PASSENGER OR SUBURBAN,Going Straight Ahead,Not Entered,East,Gas,2013,NY,1,6,INFIN,HUMAN,Unsafe Speed,ENVMT,Pavement Slippery,Not Applicable,JN1CV6AR4DM768046
2018,15250543,4 DOOR SEDAN,PASSENGER OR SUBURBAN,Going Straight Ahead,Not Entered,West,Gas,2005,NY,1,4,KIA,HUMAN,Not Applicable,HUMAN,Not Applicable,"Other Motor Vehicle, Collision With",KNAFE162X55088444
2018,15250544,PICKUP TRUCK,PASSENGER OR SUBURBAN,Stopped in Traffic,Not Entered,South,Gas,2013,NY,2,8,CHEVR,HUMAN,Not Applicable,HUMAN,Not Applicable,Not Applicable,1GCRKSE75DZ406151
2018,15250550,4 DOOR SEDAN,PASSENGER OR SUBURBAN,Going Straight Ahead,Not Entered,South,Gas,2014,NY,1,6,CHRYS,HUMAN,Unsafe Speed,ENVMT,Pavement Slippery,Not Applicable,1C3CCBCG0EN187411
2018,15250551,4 DOOR SEDAN,PASSENGER OR SUBURBAN,Going Straight Ahead,Not Entered,North,Gas,1998,NY,1,8,MERCU,HUMAN,Unsafe Speed,ENVMT,Pavement Slippery,"Guide Rail - Not At End, Collision With Fixed Object",2MEFM75W0WX637161
2018,15250553,SUBURBAN,PASSENGER OR SUBURBAN,Going Straight Ahead,Not Entered,North,Gas,1998,NY,1,8,CHEVR,HUMAN,Not Applicable,HUMAN,Not Applicable,Not Applicable,3GNGK26J2WG105025
2018,15250552,SUBURBAN,PASSENGER OR SUBURBAN,Making Left Turn,Not Entered,South,Gas,2004,NY,2,6,CHRYS,HUMAN,Not Applicable,HUMAN,Failure to Yield Right-of-Way,Not Applicable,2C8GP64L74R536438
2018,15250560,SUBURBAN,PASSENGER OR SUBURBAN,Going Straight Ahead,Not Entered,South,Gas,2011,NY,1,4,GMC,HUMAN,Driver Inattention/Distraction*,HUMAN,Failure to Yield Right-of-Way,Not Applicable,2CTFLREC8B6465455
2018,15250561,DUMP,POLITICAL SUBDIVISION,Making Right Turn,Not Entered,Southwest,Diesel,2002,NY,2,6,PETER,HUMAN,Not Applicable,HUMAN,Not Applicable,Not Applicable,1NPAHT8XX2D576263
2018,15250557,4 DOOR SEDAN,PASSENGER OR SUBURBAN,Going Straight Ahead,Not Entered,West,Gas,2015,NY,1,4,HYUND,HUMAN,Not Applicable,HUMAN,Not Applicable,Not Applicable,5NPE24AF6FH210480
2018,15250559,4 DOOR SEDAN,PASSENGER OR SUBURBAN,Starting in Traffic,Not Entered,West,Gas,2013,NY,1,4,TOYOT,HUMAN,Not Applicable,HUMAN,Not Applicable,Not Applicable,4T4BF1FK1DR292750
2018,15250558,SUBURBAN,PASSENGER OR SUBURBAN,Going Straight Ahead,Not Entered,West,Gas,2011,NY,1,6,JEEP,HUMAN,Following Too Closely,HUMAN,Unsafe Speed,Not Applicable,1J4RR4GGXBC520502
2018,15250565,4 DOOR SEDAN,SPECIAL PASSENGER,Going Straight Ahead,Not Entered,South,Gas,2014,NY,1,6,CHRYS,HUMAN,Reaction to Other Uninvolved Vehicle,ENVMT,Pavement Slippery,Not Entered,2C3CCAAG4EH252959
2018,15250566,PICKUP TRUCK,COMMERCIAL,Going Straight Ahead,Not Entered,East,Gas,2009,NY,1,4,FORD,HUMAN,Not Applicable,ENVMT,Pavement Slippery,Not Applicable,1FTYR10D19PA36401
2018,15250570,SUBURBAN,STATE,Going Straight Ahead,Not Entered,West,Gas,2012,NY,1,6,DODGE,HUMAN,Not Applicable,HUMAN,Unsafe Speed,Not Applicable,2C4RDGBG4CR203594
2018,15250569,4 DOOR SEDAN,PASSENGER OR SUBURBAN,Making Left Turn,Not Entered,Northeast,Gas,2008,NY,1,6,PONTI,HUMAN,Unsafe Speed,ENVMT,Pavement Slippery,Not Applicable,1G2ZG57NX84195681
2018,15250571,PICKUP TRUCK,COMMERCIAL,Slowing or Stopping,Not Entered,East,Diesel,2011,NY,1,8,FORD,HUMAN,Unsafe Speed,ENVMT,Pavement Slippery,Not Applicable,1FT7X2BT8BEC67017
2018,15250572,SUBURBAN,PASSENGER OR SUBURBAN,Making Right Turn,Not Entered,Northeast,Gas,2011,NY,1,6,TOYOT,HUMAN,Unsafe Speed,ENVMT,Pavement Slippery,Not Applicable,4T3ZK3BB4BU035074
2018,15250573,4 DOOR SEDAN,PASSENGER OR SUBURBAN,Stopped in Traffic,Not Entered,West,Gas,2012,NY,1,4,CHEVR,HUMAN,Not Applicable,HUMAN,Not Applicable,Not Applicable,1G1ZC5EU1CF380368
2018,15250574,4 DOOR SEDAN,PASSENGER OR SUBURBAN,Going Straight Ahead,Not Entered,West,Gas,2007,NY,1,4,NISSA,HUMAN,Driver Inattention/Distraction*,HUMAN,Unsafe Speed,Not Applicable,1N4AL21E47N444292
2018,15250575,4 DOOR SEDAN,PASSENGER OR SUBURBAN,Stopped in Traffic,Not Entered,West,Gas,2005,NY,1,8,LINCO,HUMAN,Not Applicable,HUMAN,Not Applicable,Not Applicable,1LNHM81W85Y604005
2018,15250577,4 DOOR SEDAN,PASSENGER OR SUBURBAN,Going Straight Ahead,Not Entered,East,Gas,2002,NY,1,6,ME/BE,HUMAN,Not Applicable,HUMAN,Not Applicable,Not Applicable,WDBJF82J32X070267
2018,15250578,SUBURBAN,PASSENGER OR SUBURBAN,Going Straight Ahead,Not Entered,South,Gas,2016,NY,1,6,CADIL,HUMAN,Driver Inattention/Distraction*,HUMAN,Physical Disability,Not Applicable,3GYFNDE3XGS510780
2018,15250579,4 DOOR SEDAN,PASSENGER OR SUBURBAN,Parked,Not Entered,South,Gas,2013,NY,1,4,HYUND,HUMAN,Not Applicable,HUMAN,Not Applicable,Not Applicable,5NPDH4AE5DH176742
2018,15250581,2 DOOR SEDAN,PASSENGER OR SUBURBAN,Going Straight Ahead,Not Entered,South,Gas,2006,NY,1,6,FORD,HUMAN,Not Applicable,HUMAN,Not Applicable,Not Applicable,1ZVFT80N665187538
2018,15250580,4 DOOR SEDAN,PASSENGER OR SUBURBAN,Going Straight Ahead,Not Entered,South,Gas,2016,NY,1,4,TOYOT,HUMAN,Driver Inattention/Distraction*,ENVMT,Pavement Slippery,Not Applicable,4T1BF1FK5GU209755