Year,Case Vehicle ID,Vehicle Body Type,Registration Class,Action Prior to Accident,Type / Axles of Truck or Bus,Direction of Travel,Fuel Type,Vehicle Year,State of Registration,Number of Occupants,Engine Cylinders,Vehicle Make,Contributing Factor 1,Contributing Factor 1 Description,Contributing Factor 2,Contributing Factor 2 Description,Event Type,Partial VIN
2018,15250583,SUBURBAN,PASSENGER OR SUBURBAN,Going Straight Ahead,Not Entered,East,Gas,2004,NY,1,6,CHEVR,HUMAN,Not Applicable,ENVMT,Pavement Slippery,"Building/Wall, Collision With Fixed Object",1GNDT13S942370778
2018,15250582,SUBURBAN,PASSENGER OR SUBURBAN,Making Right Turn,Not Entered,Southwest,Gas,2005,NY,2,8,DODGE,HUMAN,Not Applicable,ENVMT,Pavement Slippery,Not Applicable,1D4HB38N85F611013
2018,15250590,4 DOOR SEDAN,PASSENGER OR SUBURBAN,Going Straight Ahead,Not Entered,West,Gas,2016,NY,1,4,CHEVR,HUMAN,Not Applicable,HUMAN,Not Applicable,Not Applicable,1G1BC5SM1G7304932
2018,15250588,SUBURBAN,PASSENGER OR SUBURBAN,Parked,Not Entered,East,Gas,2009,NY,0,6,DODGE,HUMAN,Not Applicable,HUMAN,Not Applicable,Not Applicable,3D4GG57VX9T150287
2018,15250587,SUBURBAN,PASSENGER OR SUBURBAN,Going Straight Ahead,Not Entered,East,Gas,2009,NY,2,6,CHEVR,HUMAN,Unsafe Speed,ENVMT,Pavement Slippery,Not Applicable,1GNDT33S192111544
2018,15250593,PICKUP TRUCK,COMMERCIAL,Going Straight Ahead,Not Entered,North,Gas,2017,NY,1,8,CHEVR,HUMAN,Not Applicable,HUMAN,Not Applicable,Not Applicable,3GCUKREC9HG167810
2018,15250592,4 DOOR SEDAN,PASSENGER OR SUBURBAN,Going Straight Ahead,Not Entered,North,Gas,2012,NY,1,6,CHEVR,HUMAN,Not Applicable,ENVMT,Pavement Slippery,Not Applicable,2G1WB5E30C1321378
2018,15250594,PICKUP TRUCK,PASSENGER OR SUBURBAN,Going Straight Ahead,Not Entered,West,Gas,2003,NY,1,6,DODGE,HUMAN,Unsafe Speed,ENVMT,Pavement Slippery,Not Applicable,1D7HG12X33S235456
2018,15250596,SUBURBAN,PASSENGER OR SUBURBAN,Going Straight Ahead,Not Entered,North,Gas,2007,NY,1,4,JEEP,HUMAN,Not Applicable,HUMAN,Not Applicable,Not Applicable,1J8FF57W57D286214
2018,15250595,VAN TRUCK,AGRICULTURAL TRUCK,Making Left Turn,Not Entered,South,Gas,2002,NY,2,8,CHEVR,HUMAN,Driver Inattention/Distraction*,HUMAN,Failure to Yield Right-of-Way,Not Applicable,1GCGG25R921155740
2018,15250598,SUBURBAN,PASSENGER OR SUBURBAN,Going Straight Ahead,Not Entered,North,Gas,2015,NY,2,6,LEXUS,HUMAN,Not Applicable,HUMAN,Reaction to Other Uninvolved Vehicle,Not Applicable,2T2BK1BA4FC305820
2018,15250597,4 DOOR SEDAN,PASSENGER OR SUBURBAN,Going Straight Ahead,Not Entered,North,Gas,2005,NY,1,4,SAAB,HUMAN,Not Applicable,ENVMT,Pavement Slippery,Not Applicable,YS3ED49A553529570
2018,15250604,SUBURBAN,PASSENGER OR SUBURBAN,Going Straight Ahead,Not Entered,East,Gas,2017,NY,1,4,MAZDA,HUMAN,Not Applicable,ENVMT,Animal's Action,Not Entered,JM3KFBCL1H0149349
2018,15250605,SUBURBAN,PASSENGER OR SUBURBAN,Going Straight Ahead,Not Entered,East,Gas,1996,NY,1,6,MAZDA,HUMAN,Unsafe Speed,ENVMT,Pavement Slippery,"Guide Rail - Not At End, Collision With Fixed Object",JM3LV5233T0811872
2018,15250607,4 DOOR SEDAN,PASSENGER OR SUBURBAN,Going Straight Ahead,Not Entered,North,Gas,2008,NY,1,6,CHEVR,HUMAN,Not Applicable,HUMAN,Not Applicable,Not Applicable,2G1WC583689211677
2018,15250606,SUBURBAN,PASSENGER OR SUBURBAN,Making Left Turn,Not Entered,Northeast,Gas,2005,NY,1,6,FORD,HUMAN,Not Applicable,HUMAN,Failure to Yield Right-of-Way,Not Applicable,1FMYU93145KD74683
2018,15250609,4 DOOR SEDAN,PASSENGER OR SUBURBAN,Going Straight Ahead,Not Entered,South,Gas,2012,NY,1,4,HONDA,HUMAN,Not Applicable,HUMAN,Reaction to Other Uninvolved Vehicle,Not Applicable,19XFB2F54CE370155
2018,15250616,4 DOOR SEDAN,PASSENGER OR SUBURBAN,Going Straight Ahead,Not Entered,Southwest,Gas,1999,NY,1,6,TOYOT,HUMAN,Not Applicable,HUMAN,Following Too Closely,Not Applicable,JT2BF28K7X0191153
2018,15250617,SUBURBAN,PASSENGER OR SUBURBAN,Stopped in Traffic,Not Entered,Southwest,Gas,2009,NY,2,4,HONDA,HUMAN,Not Applicable,HUMAN,Not Applicable,Not Applicable,JHLRE48779C014364
2018,15250615,4 DOOR SEDAN,PASSENGER OR SUBURBAN,Going Straight Ahead,Not Entered,South,Gas,2013,NY,1,5,VOLKS,HUMAN,Not Applicable,ENVMT,Animal's Action,Not Applicable,1VWBP7A37DC033925
2018,15250621,SUBURBAN,PASSENGER OR SUBURBAN,Going Straight Ahead,Not Entered,West,Gas,2014,NY,2,4,KIA,HUMAN,Not Applicable,HUMAN,Not Applicable,Not Applicable,KNDJP3A55E7036454
2018,15250624,4 DOOR SEDAN,PASSENGER OR SUBURBAN,Going Straight Ahead,Not Entered,East,Gas,2006,NY,1,4,HONDA,HUMAN,Not Applicable,ENVMT,Pavement Slippery,Not Applicable,2HGFA16506H516333
2018,15250627,SUBURBAN,PASSENGER OR SUBURBAN,Making Right Turn,Not Entered,East,Gas,2006,NY,1,6,BUICK,HUMAN,Not Applicable,HUMAN,Unsafe Speed,"Tree, Collision With Fixed Object",3G5DA03L46S565901
2018,15250626,PICKUP TRUCK,PASSENGER OR SUBURBAN,Parked,Not Entered,West,Gas,2015,NY,0,8,CHEVR,HUMAN,Not Applicable,HUMAN,Not Applicable,Not Applicable,1GCVKREC9FZ331753
2018,15250625,SUBURBAN,PASSENGER OR SUBURBAN,Avoiding Object in Roadway,Not Entered,West,Gas,2014,NY,1,4,TOYOT,HUMAN,Unsafe Speed,HUMAN,Unsafe Lane Changing,Not Applicable,2T3BFREV6EW131517
2018,15250632,PICKUP TRUCK,COMMERCIAL,Going Straight Ahead,Not Entered,Northwest,Gas,2009,NY,1,8,CHEVR,HUMAN,Not Applicable,HUMAN,Not Applicable,Not Applicable,1GCEK14099Z180667
2018,15250631,SUBURBAN,PASSENGER OR SUBURBAN,Slowing or Stopping,Not Entered,South,Gas,2014,NY,1,8,FORD,HUMAN,Not Applicable,HUMAN,Unsafe Speed,"Other Motor Vehicle, Collision With",1FTNS2EW7EDB19415
2018,15250634,4 DOOR SEDAN,PASSENGER OR SUBURBAN,Slowing or Stopping,Not Entered,South,Gas,2011,NY,1,4,SUZUK,HUMAN,Not Applicable,ENVMT,Pavement Slippery,Not Applicable,JS2RF9A39B6110912
2018,15250635,SUBURBAN,PASSENGER OR SUBURBAN,Stopped in Traffic,Not Entered,South,Gas,2002,NY,3,4,TOYOT,HUMAN,Not Applicable,HUMAN,Not Applicable,Not Applicable,JTEHH20V226055841
2018,15250643,PICKUP TRUCK,AGRICULTURAL TRUCK,Going Straight Ahead,Not Entered,South,Gas,2007,NY,1,6,TOYOT,HUMAN,Not Applicable,ENVMT,Pavement Slippery,Not Applicable,5TEUU42N77Z346093
2018,15250649,4 DOOR SEDAN,PASSENGER OR SUBURBAN,Going Straight Ahead,Not Entered,West,Gas,2016,NY,1,4,VOLKS,HUMAN,Not Applicable,ENVMT,Pavement Slippery,Not Applicable,3VW267AJ9GM303662
2018,15250650,SUBURBAN,PASSENGER OR SUBURBAN,Going Straight Ahead,Not Entered,East,Gas,2017,NY,1,4,SUBAR,HUMAN,Not Applicable,ENVMT,Pavement Slippery,Not Applicable,JF2SJAEC6HH477139
2018,15250651,PICKUP TRUCK,PASSENGER OR SUBURBAN,Going Straight Ahead,Not Entered,East,Gas,2005,NY,1,8,DODGE,HUMAN,Not Applicable,ENVMT,Pavement Slippery,Not Applicable,3D7KS28D85G860128
2018,15250656,SUBURBAN,PASSENGER OR SUBURBAN,Stopped in Traffic,Not Entered,North,Gas,2008,NY,1,6,FORD,HUMAN,Not Applicable,HUMAN,Not Applicable,Not Applicable,2FMDK49C58BB18910
2018,15250655,4 DOOR SEDAN,PASSENGER OR SUBURBAN,Going Straight Ahead,Not Entered,North,Gas,2017,NY,1,4,TOYOT,HUMAN,Not Applicable,HUMAN,Following Too Closely,Not Applicable,4T1BF1FK8HU665539
2018,15250665,4 DOOR SEDAN,PASSENGER OR SUBURBAN,Going Straight Ahead,Not Entered,West,Gas,2017,NY,1,4,MAZDA,HUMAN,Reaction to Other Uninvolved Vehicle,ENVMT,Pavement Slippery,Not Entered,3MZBN1U77HM120391
2018,15250666,4 DOOR SEDAN,PASSENGER OR SUBURBAN,Going Straight Ahead,Not Entered,South,Gas,2011,NY,1,6,ME/BE,HUMAN,Unsafe Speed,ENVMT,Pavement Slippery,Not Applicable,WDDHF8HB4BA304232
2018,15250667,SUBURBAN,PASSENGER OR SUBURBAN,Changing Lanes,Not Entered,East,Gas,2002,NY,1,6,HONDA,HUMAN,Not Applicable,HUMAN,Reaction to Other Uninvolved Vehicle,Not Entered,5FNRL18902B038906
2018,15250670,SUBURBAN,PASSENGER OR SUBURBAN,Changing Lanes,Not Entered,West,Gas,2011,NY,1,6,HYUND,HUMAN,Alcohol Involvement,HUMAN,Unsafe Speed,Not Applicable,5XYZHDAG5BG011186
2018,15250668,4 DOOR SEDAN,SPECIAL PASSENGER,Changing Lanes,Not Entered,North,Gas,2006,NY,2,8,CHRYS,HUMAN,Not Applicable,HUMAN,Unsafe Lane Changing,Not Applicable,2C3KK63H06H261872
2018,15250669,SUBURBAN,PASSENGER OR SUBURBAN,Going Straight Ahead,Not Entered,North,Gas,2007,NY,1,8,LEXUS,HUMAN,Not Applicable,HUMAN,Not Applicable,Not Applicable,JTJBT20X270138431
2018,15250671,4 DOOR SEDAN,PASSENGER OR SUBURBAN,Going Straight Ahead,Not Entered,West,Gas,2006,NY,1,4,HONDA,HUMAN,Not Applicable,HUMAN,Reaction to Other Uninvolved Vehicle,Not Applicable,1HGCM56166A112224
2018,15250672,SUBURBAN,PASSENGER OR SUBURBAN,Going Straight Ahead,Not Entered,North,Gas,2002,NY,1,6,FORD,HUMAN,Unsafe Lane Changing,HUMAN,Reaction to Other Uninvolved Vehicle,Not Applicable,1FMZU73E22ZB52187
2018,15250676,2 DOOR SEDAN,PASSENGER OR SUBURBAN,Going Straight Ahead,Not Entered,South,Gas,2007,NY,1,4,CHEVR,HUMAN,Unsafe Speed,ENVMT,Pavement Slippery,Not Applicable,1G1AL15FX77285007
2018,15250678,4 DOOR SEDAN,PASSENGER OR SUBURBAN,Going Straight Ahead,Not Entered,South,Gas,2016,NY,1,4,NISSA,HUMAN,Unsafe Speed,VEHICLE,Tire Failure/Inadequate,Not Applicable,1N4AL3AP7GC253632
2018,15250675,4 DOOR SEDAN,PASSENGER OR SUBURBAN,Going Straight Ahead,Not Entered,South,Gas,2008,NY,1,4,HONDA,HUMAN,Unsafe Speed,VEHICLE,Tire Failure/Inadequate,Not Applicable,2HGFA16588H346211
2018,15250674,4 DOOR SEDAN,PASSENGER OR SUBURBAN,Going Straight Ahead,Not Entered,East,Gas,2015,NY,1,4,NISSA,HUMAN,Unsafe Speed,ENVMT,Pavement Slippery,Not Applicable,3N1AB7APXFL667627
2018,15250677,4 DOOR SEDAN,PASSENGER OR SUBURBAN,Changing Lanes,Not Entered,North,Gas,2007,NY,1,4,TOYOT,HUMAN,Not Applicable,HUMAN,Unsafe Lane Changing,Not Applicable,4T1BE46KX7U025075
2018,15250679,4 DOOR SEDAN,PASSENGER OR SUBURBAN,Going Straight Ahead,Not Entered,East,Gas,2011,NY,2,4,SUBAR,HUMAN,Unsafe Speed,ENVMT,Pavement Slippery,Not Applicable,4S3BMBC64B3219733
2018,15250684,SUBURBAN,PASSENGER OR SUBURBAN,Merging,Not Entered,East,Gas,2002,NY,1,6,GMC,HUMAN,Unsafe Speed,ENVMT,Pavement Slippery,Not Applicable,1GKDT13S522264290
2018,15250689,SUBURBAN,PASSENGER OR SUBURBAN,Going Straight Ahead,Not Entered,North,Gas,2003,NY,1,6,JEEP,HUMAN,Unsafe Speed,ENVMT,Pavement Slippery,Not Applicable,1J4GL58K03W604488
2018,15250692,4 DOOR SEDAN,PASSENGER OR SUBURBAN,Going Straight Ahead,Not Entered,North,Gas,2007,NY,1,6,FORD,HUMAN,Unsafe Speed,ENVMT,Pavement Slippery,Not Applicable,3FAHP011X7R157265
2018,15250694,VAN TRUCK,COMMERCIAL,Going Straight Ahead,Not Entered,North,Diesel,2017,NY,1,4,ISUZU,HUMAN,Unsafe Speed,ENVMT,Pavement Slippery,Not Applicable,JALE5W169H7303874
2018,15250693,4 DOOR SEDAN,PASSENGER OR SUBURBAN,Going Straight Ahead,Not Entered,West,Gas,2006,NY,1,5,VOLVO,HUMAN,Unsafe Speed,ENVMT,Pavement Slippery,"Other Fixed Object*, Collision With Fixed Object",YV1RH592962500957
2018,15250702,4 DOOR SEDAN,PASSENGER OR SUBURBAN,Going Straight Ahead,Not Entered,South,Gas,2008,NY,1,4,HYUND,HUMAN,Unsafe Speed,ENVMT,Pavement Slippery,Not Applicable,KMHDU46D38U578939
2018,15250704,VAN TRUCK,INTERNATIONAL REGISTRATION,Stopped in Traffic,Not Entered,North,Diesel,2007,NY,1,6,INTER,HUMAN,Not Applicable,HUMAN,Not Applicable,Not Applicable,1HTMMAAN07H369414
2018,15250708,SUBURBAN,PASSENGER OR SUBURBAN,Going Straight Ahead,Not Entered,East,Gas,1998,NY,2,6,FORD,HUMAN,Unsafe Speed,VEHICLE,Brakes Defective,Not Applicable,1FMYU24E3WUA10608
2018,15250721,4 DOOR SEDAN,PASSENGER OR SUBURBAN,Making Right Turn,Not Entered,West,Gas,2015,NY,1,4,FORD,HUMAN,Unsafe Speed,HUMAN,Failure to Keep Right,Not Applicable,1FADP3K29FL318466
2018,15250724,SUBURBAN,PASSENGER OR SUBURBAN,Going Straight Ahead,Not Entered,South,Gas,2017,NY,1,10,FORD,HUMAN,Unsafe Speed,ENVMT,Pavement Slippery,"Other Fixed Object*, Collision With Fixed Object",1FDEE3FS9HDC24823
2018,15250727,SUBURBAN,PASSENGER OR SUBURBAN,Going Straight Ahead,Not Entered,East,Gas,2001,NY,1,6,GMC,HUMAN,Not Applicable,HUMAN,Not Applicable,Not Entered,1GKDT13W01K229514
2018,15250731,4 DOOR SEDAN,PASSENGER OR SUBURBAN,Going Straight Ahead,Not Entered,North,Gas,2016,NY,2,6,CHEVR,HUMAN,Not Applicable,ENVMT,Animal's Action,Not Entered,2G1115S38G9128419
2018,15250732,PICKUP TRUCK,COMMERCIAL,Going Straight Ahead,Not Entered,North,Gas,2014,NY,2,8,RAM,HUMAN,Not Applicable,ENVMT,Animal's Action,Not Applicable,3C6TR5CT3EG155075
2018,15250735,4 DOOR SEDAN,PASSENGER OR SUBURBAN,Going Straight Ahead,Not Entered,Northeast,Gas,2005,NY,2,5,VOLVO,HUMAN,Unsafe Speed,HUMAN,Unsafe Lane Changing,Not Applicable,YV1MH682752075500
2018,15250737,SUBURBAN,PASSENGER OR SUBURBAN,Going Straight Ahead,Not Entered,North,Gas,2005,NY,1,4,SUBAR,HUMAN,Not Applicable,ENVMT,Animal's Action,Not Applicable,4S4BP61CX57345899
2018,15250736,4 DOOR SEDAN,PASSENGER OR SUBURBAN,Going Straight Ahead,Not Entered,North,Gas,2004,NY,1,6,DODGE,HUMAN,Not Applicable,ENVMT,Animal's Action,Not Applicable,1B3EL56R24N301895
2018,15250738,DUMP,POLITICAL SUBDIVISION,Backing,Not Entered,South,Diesel,2005,NY,1,6,INTER,HUMAN,Backing Unsafely,ENVMT,View Obstructed/Limited,Not Applicable,1HTWDAAR55J179349
2018,15250739,PICKUP TRUCK,COMMERCIAL,Parked,Not Entered,South,Gas,2014,NY,0,6,TOYOT,HUMAN,Not Applicable,HUMAN,Not Applicable,Not Applicable,5TFUU4EN4EX094870
2018,15250741,4 DOOR SEDAN,PASSENGER OR SUBURBAN,Going Straight Ahead,Not Entered,East,Gas,2018,NY,2,4,HYUND,HUMAN,Unsafe Speed,HUMAN,Failure to Keep Right,"Tree, Collision With Fixed Object",KMHD84LFXJU512369
2018,15250749,SUBURBAN,PASSENGER OR SUBURBAN,Going Straight Ahead,Not Entered,North,Gas,2011,NY,1,4,GMC,HUMAN,Not Applicable,HUMAN,Unsafe Speed,Not Applicable,2CTFLVEC7B6225824
2018,15250750,4 DOOR SEDAN,PASSENGER OR SUBURBAN,Going Straight Ahead,Not Entered,South,Gas,2012,NY,1,4,FORD,HUMAN,Not Applicable,HUMAN,Not Applicable,Not Applicable,3FAHP0JA9CR371092
2018,15250748,SUBURBAN,PASSENGER OR SUBURBAN,Going Straight Ahead,Not Entered,North,Gas,2008,NY,1,6,TOYOT,HUMAN,Not Applicable,HUMAN,Following Too Closely,Not Applicable,JTMBK31V085063578
2018,15250747,PICKUP TRUCK,COMMERCIAL,Backing,Not Entered,West,Diesel,2017,NY,1,8,FORD,HUMAN,Not Applicable,HUMAN,Backing Unsafely,Not Applicable,1FT8W3BT8HEC59411
2018,15250745,4 DOOR SEDAN,PASSENGER OR SUBURBAN,Backing,Not Entered,East,Gas,2011,NY,1,6,CHEVR,HUMAN,Backing Unsafely,ENVMT,View Obstructed/Limited,Not Applicable,2G1WB5EK3B1100119
2018,15250752,4 DOOR SEDAN,PASSENGER OR SUBURBAN,Going Straight Ahead,Not Entered,South,Gas,2014,NY,1,4,DODGE,HUMAN,Not Applicable,HUMAN,Not Applicable,"Snow Embankment, Collision With Fixed Object",1C3CDZCB3EN228494
2018,15250751,PICKUP TRUCK,AGRICULTURAL TRUCK,Going Straight Ahead,Not Entered,South,Diesel,2016,NY,1,8,CHEVR,HUMAN,Following Too Closely,HUMAN,Unsafe Speed,"Snow Embankment, Collision With Fixed Object",1GC2CUE89GZ341344
2018,15250753,4 DOOR SEDAN,PASSENGER OR SUBURBAN,Making Left Turn,Not Entered,Southwest,Gas,2016,NY,1,4,HYUND,HUMAN,Not Applicable,HUMAN,Unsafe Speed,Not Applicable,5NPE34AF4GH330714
2018,15250755,SUBURBAN,PASSENGER OR SUBURBAN,Going Straight Ahead,Not Entered,South,Gas,2017,NY,1,6,DODGE,HUMAN,Not Applicable,HUMAN,Fell Asleep,Not Applicable,3C4PDDBG6HT540679
2018,15250756,PICKUP TRUCK,COMMERCIAL,Going Straight Ahead,Not Entered,South,Gas,2014,NY,1,8,CHEVR,HUMAN,Not Applicable,HUMAN,Unsafe Speed,Not Applicable,1GC0KVCG4EF131954
2018,15250759,VAN TRUCK,AGRICULTURAL TRUCK,Going Straight Ahead,Not Entered,North,Diesel,2017,NY,1,6,FREIG,HUMAN,Not Applicable,HUMAN,Not Applicable,Not Applicable,1FVACWDT5HHHW5177
2018,15250758,SUBURBAN,PASSENGER OR SUBURBAN,Changing Lanes,Not Entered,North,Gas,2013,NY,1,4,SUBAR,HUMAN,Not Applicable,HUMAN,Unsafe Lane Changing,Not Applicable,JF1GPAD6XDH821070
2018,15250757,4 DOOR SEDAN,PASSENGER OR SUBURBAN,Going Straight Ahead,Not Entered,East,Gas,2007,NY,4,4,CHRYS,HUMAN,Not Applicable,ENVMT,Animal's Action,Not Applicable,1C3LC56K57N508654
2018,15250762,4 DOOR SEDAN,PASSENGER OR SUBURBAN,Going Straight Ahead,Not Entered,West,Gas,2012,NY,1,4,FORD,HUMAN,Not Applicable,ENVMT,Animal's Action,Not Applicable,1FAHP3H27CL339661
2018,15250763,SUBURBAN,PASSENGER OR SUBURBAN,Going Straight Ahead,Not Entered,East,Gas,2015,NY,1,4,TOYOT,HUMAN,Unsafe Speed,ENVMT,Pavement Slippery,"Earth Embankment/Rock Cut/Ditch, Collision With Fixed Object",JTMDFREV9FD162123
2018,15250766,PICKUP TRUCK,PASSENGER OR SUBURBAN,Going Straight Ahead,Not Entered,North,Gas,1991,NY,1,8,CHEVR,HUMAN,Following Too Closely,HUMAN,Unsafe Speed,Not Applicable,2GCFK24K2M1122347
2018,15250767,4 DOOR SEDAN,PASSENGER OR SUBURBAN,Slowing or Stopping,Not Entered,North,Gas,2009,NY,1,4,HYUND,HUMAN,Not Applicable,HUMAN,Not Applicable,Not Applicable,5NPEU46C59H560051
2018,15250772,4 DOOR SEDAN,PASSENGER OR SUBURBAN,Stopped in Traffic,Not Entered,West,Gas,2015,NY,1,4,CHEVR,HUMAN,Not Applicable,HUMAN,Not Applicable,Not Applicable,1G1JA6SG4F4183816
2018,15250771,TRACTOR,INTERNATIONAL REGISTRATION,Making Right Turn,Not Entered,North,Diesel,2017,NY,1,6,KENWO,HUMAN,Turning Improperly,ENVMT,Pavement Slippery,Not Applicable,1XKYDP9X3HJ166426
2018,15250770,4 DOOR SEDAN,PASSENGER OR SUBURBAN,Going Straight Ahead,Not Entered,North,Gas,2004,NY,1,6,FORD,HUMAN,Not Applicable,ENVMT,Animal's Action,Not Entered,1FAFP53U14G124377
2018,15250773,SUBURBAN,PASSENGER OR SUBURBAN,Going Straight Ahead,Not Entered,West,Gas,2012,NY,3,6,KIA,HUMAN,Not Applicable,ENVMT,Animal's Action,Not Applicable,5XYKTDA2XCG243997
2018,15250769,SUBURBAN,PASSENGER OR SUBURBAN,Going Straight Ahead,Not Entered,East,Diesel,2003,NY,1,4,VOLKS,HUMAN,Not Applicable,HUMAN,Not Applicable,Not Applicable,WVWSP61J73W556483
2018,15250768,4 DOOR SEDAN,PASSENGER OR SUBURBAN,Making Left Turn,Not Entered,West,Gas,2012,NY,3,4,CHRYS,HUMAN,Not Applicable,HUMAN,Failure to Yield Right-of-Way,Not Applicable,1C3CCBBB0CN140849
2018,15250775,PICKUP TRUCK,PASSENGER OR SUBURBAN,Making Left Turn,Not Entered,South,Gas,2017,NY,1,8,RAM,HUMAN,Not Applicable,HUMAN,Not Applicable,Not Applicable,1C6RR7FT5HS584507
2018,15250774,4 DOOR SEDAN,PASSENGER OR SUBURBAN,Going Straight Ahead,Not Entered,South,Gas,2013,NY,1,5,VOLVO,HUMAN,Following Too Closely,HUMAN,Unsafe Speed,Not Applicable,YV1612FH6D2183778
2018,15250778,4 DOOR SEDAN,PASSENGER OR SUBURBAN,Slowing or Stopping,Not Entered,South,Gas,2008,NY,1,6,ACURA,HUMAN,Following Too Closely,HUMAN,Unsafe Speed,Not Applicable,19UUA662X8A012643
2018,15250779,DUMP,STATE,Stopped in Traffic,Not Entered,South,Diesel,2013,NY,1,6,MACK,HUMAN,Not Applicable,HUMAN,Not Applicable,Not Applicable,1M2AX04C8DM018017
2018,15265518,SUBURBAN,PASSENGER OR SUBURBAN,Going Straight Ahead,Not Entered,South,Gas,1997,NY,2,4,JEEP,HUMAN,Not Applicable,HUMAN,Not Applicable,Not Entered,1J4FY29P9VP416779
2018,15265517,4 DOOR SEDAN,PASSENGER OR SUBURBAN,Going Straight Ahead,Not Entered,East,Gas,2002,NY,1,4,NISSA,HUMAN,Not Applicable,HUMAN,Failure to Yield Right-of-Way,Not Entered,3N1AB51D82L716263
2018,15250782,SUBURBAN,PASSENGER OR SUBURBAN,Going Straight Ahead,Not Entered,East,Gas,2010,NY,1,6,CHEVR,HUMAN,Unsafe Speed,ENVMT,Pavement Slippery,Not Applicable,1GNLVFED9AS129106
2018,15250783,PICKUP TRUCK,PASSENGER OR SUBURBAN,Going Straight Ahead,Not Entered,West,Gas,2000,NY,1,8,GMC,HUMAN,Not Applicable,HUMAN,Not Applicable,Not Applicable,1GTEC19TXYE392788
2018,15250799,SUBURBAN,PASSENGER OR SUBURBAN,Going Straight Ahead,Not Entered,South,Gas,2011,NY,1,6,HONDA,HUMAN,Passing or Lane Usage Improper,VEHICLE,Tire Failure/Inadequate,Not Applicable,5FNYF4H29BB098156
2018,15250808,4 DOOR SEDAN,PASSENGER OR SUBURBAN,Going Straight Ahead,Not Entered,North,Gas,2007,NY,1,4,HONDA,HUMAN,Unsafe Speed,HUMAN,Failure to Keep Right,Not Applicable,JHMGD37697S064789
2018,15250815,SUBURBAN,PASSENGER OR SUBURBAN,Slowing or Stopping,Not Entered,South,Gas,2011,NY,1,4,HONDA,HUMAN,Not Applicable,HUMAN,Not Applicable,Not Applicable,5J6RE4H57BL092719
2018,15250814,SUBURBAN,PASSENGER OR SUBURBAN,Slowing or Stopping,Not Entered,South,Gas,2016,NY,1,6,DODGE,HUMAN,Not Applicable,HUMAN,Not Applicable,Not Applicable,2C4RDGBG2GR236020
2018,15250813,4 DOOR SEDAN,PASSENGER OR SUBURBAN,Going Straight Ahead,Not Entered,South,Gas,2011,NY,2,4,SUBAR,HUMAN,Following Too Closely,ENVMT,Pavement Slippery,Not Applicable,4S3BMBC63B3232599
2018,15250812,4 DOOR SEDAN,PASSENGER OR SUBURBAN,Slowing or Stopping,Not Entered,South,Gas,2013,NY,1,4,HONDA,HUMAN,Not Applicable,ENVMT,Pavement Slippery,Not Applicable,1HGCR2F59DA262778
2018,15250811,4 DOOR SEDAN,PASSENGER OR SUBURBAN,Going Straight Ahead,Not Entered,South,Gas,2017,NY,2,4,SUBAR,HUMAN,Not Applicable,VEHICLE,Other*,Not Applicable,4S3BNAS64H3065395
2018,15250816,4 DOOR SEDAN,PASSENGER OR SUBURBAN,Going Straight Ahead,Not Entered,North,Gas,2007,NY,1,4,HONDA,HUMAN,Unsafe Speed,ENVMT,Pavement Slippery,Not Applicable,1HGFA16577L071786
2018,15250822,SUBURBAN,PASSENGER OR SUBURBAN,Going Straight Ahead,Not Entered,North,Gas,2005,NY,1,6,TOYOT,HUMAN,Not Applicable,HUMAN,Not Applicable,Not Applicable,JTEBU14R850075057
2018,15250821,4 DOOR SEDAN,OMNIBUS-SPECIAL (PRIVATE RENTAL),Making Left Turn,Not Entered,Southeast,Gas,2017,NY,1,4,HYUND,HUMAN,Not Applicable,HUMAN,Failure to Yield Right-of-Way,Not Applicable,5NPD74LF3HH069395
2018,15250823,4 DOOR SEDAN,PASSENGER OR SUBURBAN,Going Straight Ahead,Not Entered,East,Gas,2017,NY,1,4,SUBAR,HUMAN,Unsafe Speed,ENVMT,Pavement Slippery,"Snow Embankment, Collision With Fixed Object",4S3BNAF61H3002474
2018,15250829,4 DOOR SEDAN,PASSENGER OR SUBURBAN,Going Straight Ahead,Not Entered,South,Gas,2011,NY,1,4,SUBAR,HUMAN,Not Applicable,HUMAN,Unsafe Speed,Not Applicable,4S3BMBK6XB3231919
2018,15250831,SUBURBAN,PASSENGER OR SUBURBAN,Backing,Not Entered,East,Gas,2008,NY,1,6,DODGE,HUMAN,Backing Unsafely,HUMAN,Lost Consciousness,Not Applicable,1D8HN44H48B137066
2018,15250833,SUBURBAN,PASSENGER OR SUBURBAN,Going Straight Ahead,Not Entered,East,Gas,2011,NY,2,8,FORD,HUMAN,Not Applicable,HUMAN,Not Applicable,Not Applicable,1FBNE3BL1BDA33394
2018,15250834,SUBURBAN,PASSENGER OR SUBURBAN,Going Straight Ahead,Not Entered,East,Gas,2016,NY,1,4,NISSA,HUMAN,Unsafe Speed,ENVMT,Pavement Slippery,Not Applicable,KNMAT2MV9GP693441
2018,15250836,4 DOOR SEDAN,PASSENGER OR SUBURBAN,Making Left Turn,Not Entered,South,Gas,2004,NY,1,4,DODGE,HUMAN,Not Applicable,HUMAN,Failure to Yield Right-of-Way,Not Applicable,1B3ES56C54D613584
2018,15250837,SUBURBAN,PASSENGER OR SUBURBAN,Making Left Turn,Not Entered,North,Gas,2016,NY,1,4,JEEP,HUMAN,Not Applicable,HUMAN,Not Applicable,Not Applicable,1C4PJMDB7GW348254