Year,Case Vehicle ID,Vehicle Body Type,Registration Class,Action Prior to Accident,Type / Axles of Truck or Bus,Direction of Travel,Fuel Type,Vehicle Year,State of Registration,Number of Occupants,Engine Cylinders,Vehicle Make,Contributing Factor 1,Contributing Factor 1 Description,Contributing Factor 2,Contributing Factor 2 Description,Event Type,Partial VIN
2018,15250838,4 DOOR SEDAN,PASSENGER OR SUBURBAN,Going Straight Ahead,Not Entered,West,Gas,2009,NY,1,4,CHEVR,HUMAN,Unsafe Speed,ENVMT,Pavement Slippery,"Snow Embankment, Collision With Fixed Object",1G1AT58H797147514
2018,15250839,PICKUP TRUCK,COMMERCIAL,Going Straight Ahead,Not Entered,North,Gas,2008,NY,2,8,CHEVR,HUMAN,Reaction to Other Uninvolved Vehicle,ENVMT,Pavement Slippery,"Overturned, Non-Collision",1GCEK19C78E172205
2018,15250848,SUBURBAN,PASSENGER OR SUBURBAN,Slowing or Stopping,Not Entered,North,Gas,2015,NY,1,4,SUBAR,HUMAN,Not Applicable,HUMAN,Not Applicable,Not Applicable,JF2SJADC8FH826252
2018,15250847,PICKUP TRUCK,PASSENGER OR SUBURBAN,Going Straight Ahead,Not Entered,North,Gas,2014,NY,2,8,CHEVR,HUMAN,Not Applicable,HUMAN,Following Too Closely,Not Applicable,1GCVKREC6EZ104776
2018,15250852,SUBURBAN,PASSENGER OR SUBURBAN,Going Straight Ahead,Not Entered,North,Gas,2001,NY,1,6,CHEVR,HUMAN,Not Applicable,HUMAN,Not Applicable,"Barrier, Collision With Fixed Object",1GNDT13W712215984
2018,15250851,SUBURBAN,PASSENGER OR SUBURBAN,Merging,Not Entered,North,Gas,2001,NY,3,8,CHEVR,HUMAN,Unsafe Speed,ENVMT,Pavement Slippery,"Guide Rail - Not At End, Collision With Fixed Object",1GNEK13T31R201925
2018,15250854,4 DOOR SEDAN,PASSENGER OR SUBURBAN,Going Straight Ahead,Not Entered,South,Gas,2016,NY,1,4,KIA,HUMAN,Not Applicable,HUMAN,Not Applicable,Not Applicable,KNAFK4A61G5618257
2018,15250853,2 DOOR SEDAN,PASSENGER OR SUBURBAN,Going Straight Ahead,Not Entered,South,Gas,2008,NY,3,4,CHEVR,HUMAN,Unsafe Speed,HUMAN,Unsafe Lane Changing,Not Applicable,1G1AL18F787206633
2018,15250855,PICKUP TRUCK,PASSENGER OR SUBURBAN,Going Straight Ahead,Not Entered,South,Gas,1993,NY,1,8,GMC,HUMAN,Unsafe Speed,HUMAN,Unsafe Lane Changing,Not Applicable,1GTDC14H3PZ515403
2018,15250856,PICKUP TRUCK,AGRICULTURAL TRUCK,Making Right Turn,Not Entered,East,Gas,2009,NY,2,6,FORD,HUMAN,Not Applicable,ENVMT,Animal's Action,Not Applicable,1FTZR14EX9PA30796
2018,15250862,4 DOOR SEDAN,PASSENGER OR SUBURBAN,Going Straight Ahead,Not Entered,Northwest,Gas,2010,NY,2,4,MERCU,HUMAN,Not Applicable,ENVMT,Animal's Action,Not Applicable,3MEHM0HA6AR606293
2018,15250874,4 DOOR SEDAN,SPECIAL PASSENGER,Going Straight Ahead,Not Entered,West,Gas,2017,NY,1,6,LINCO,HUMAN,Not Applicable,HUMAN,Not Applicable,Not Applicable,3LN6L5DC7HR611315
2018,15250873,TRACTOR,INTERNATIONAL REGISTRATION,Changing Lanes,Not Entered,West,Diesel,2006,NY,1,6,FREIG,HUMAN,Not Applicable,HUMAN,Unsafe Lane Changing,Not Applicable,1FUJA6CK26LV99856
2018,15250879,2 DOOR SEDAN,PASSENGER OR SUBURBAN,Going Straight Ahead,Not Entered,West,Gas,2010,NY,1,4,HONDA,HUMAN,Not Applicable,HUMAN,Not Applicable,"Other Motor Vehicle, Collision With",2HGFG1B62AH503315
2018,15250878,SUBURBAN,PASSENGER OR SUBURBAN,Going Straight Ahead,Not Entered,West,Gas,2012,NY,1,4,NISSA,HUMAN,Not Applicable,HUMAN,Following Too Closely,Not Applicable,JN8AS5MV3CW702952
2018,15250880,4 DOOR SEDAN,PASSENGER OR SUBURBAN,Going Straight Ahead,Not Entered,West,Gas,2007,NY,1,4,HONDA,HUMAN,Not Applicable,HUMAN,Not Applicable,Not Applicable,2HGFA16527H506808
2018,15250876,4 DOOR SEDAN,PASSENGER OR SUBURBAN,Stopped in Traffic,Not Entered,West,Gas,2014,NY,1,4,HONDA,HUMAN,Not Applicable,HUMAN,Not Applicable,"Other Motor Vehicle, Collision With",1HGCR2E35EA224059
2018,15250877,PICKUP TRUCK,PASSENGER OR SUBURBAN,Stopped in Traffic,Not Entered,West,Gas,2005,NY,1,5,CHEVR,HUMAN,Not Applicable,HUMAN,Not Applicable,Not Applicable,1GCDT196958206058
2018,15250875,PICKUP TRUCK,PASSENGER OR SUBURBAN,Going Straight Ahead,Not Entered,West,Gas,2004,NY,2,8,GMC,HUMAN,Following Too Closely,HUMAN,Unsafe Speed,Not Applicable,2GTEK19T341158488
2018,15250882,SUBURBAN,PASSENGER OR SUBURBAN,Going Straight Ahead,Not Entered,West,Gas,2016,NY,2,4,TOYOT,HUMAN,Not Applicable,HUMAN,Not Applicable,Not Applicable,JTMRFREV0GD196751
2018,15250885,SUBURBAN,PASSENGER OR SUBURBAN,Going Straight Ahead,Not Entered,South,Gas,2006,NY,2,6,CHEVR,HUMAN,Following Too Closely,HUMAN,Unsafe Speed,Not Applicable,1GNDT13S662355996
2018,15250884,SUBURBAN,PASSENGER OR SUBURBAN,Slowing or Stopping,Not Entered,South,Gas,2014,NY,1,4,SUBAR,HUMAN,Not Applicable,HUMAN,Not Applicable,"Other Motor Vehicle, Collision With",JF2SJAHC6EH523687
2018,15250883,SUBURBAN,PASSENGER OR SUBURBAN,Slowing or Stopping,Not Entered,South,Gas,2003,NY,1,6,HONDA,HUMAN,Not Applicable,HUMAN,Not Applicable,Not Applicable,2HKYF18593H570657
2018,15250886,4 DOOR SEDAN,PASSENGER OR SUBURBAN,Going Straight Ahead,Not Entered,South,Gas,2000,NY,1,4,DODGE,HUMAN,Following Too Closely,HUMAN,Unsafe Speed,"Barrier, Collision With Fixed Object",1B3ES46C4YD722716
2018,15250887,SUBURBAN,PASSENGER OR SUBURBAN,Slowing or Stopping,Not Entered,South,Gas,2013,NY,1,4,SUBAR,HUMAN,Not Applicable,HUMAN,Not Applicable,"Barrier, Collision With Fixed Object",JF1GR7E62DG202206
2018,15250894,SUBURBAN,PASSENGER OR SUBURBAN,Going Straight Ahead,Not Entered,South,Gas,2003,NY,1,8,DODGE,HUMAN,Unsafe Speed,HUMAN,Unsafe Lane Changing,Not Applicable,1D4HS38N03F581535
2018,15250895,4 DOOR SEDAN,PASSENGER OR SUBURBAN,Going Straight Ahead,Not Entered,North,Gas,2014,NY,2,4,FORD,HUMAN,Not Applicable,HUMAN,Illness,Not Applicable,3FA6P0HD7ER387947
2018,15250897,SUBURBAN,PASSENGER OR SUBURBAN,Slowing or Stopping,Not Entered,East,Gas,2016,NY,1,4,LEXUS,HUMAN,Not Applicable,HUMAN,Following Too Closely,Not Applicable,JTJBARBZ9G2069108
2018,15250896,4 DOOR SEDAN,PASSENGER OR SUBURBAN,Slowing or Stopping,Not Entered,East,Gas,2012,NY,2,4,TOYOT,HUMAN,Not Applicable,HUMAN,Not Applicable,Not Applicable,4T1BF1FK4CU137876
2018,15250898,SUBURBAN,PASSENGER OR SUBURBAN,Slowing or Stopping,Not Entered,East,Gas,2007,NY,1,6,TOYOT,HUMAN,Not Applicable,HUMAN,Not Applicable,Not Applicable,JTMBK32VX76014122
2018,15250899,SUBURBAN,PASSENGER OR SUBURBAN,Avoiding Object in Roadway,Not Entered,East,Gas,2016,NY,1,6,FORD,HUMAN,Reaction to Other Uninvolved Vehicle,ENVMT,Pavement Slippery,Not Applicable,1FM5K8D8XGGB14390
2018,15250900,SUBURBAN,PASSENGER OR SUBURBAN,Backing,Not Entered,West,Gas,2013,NY,2,6,JEEP,HUMAN,Not Applicable,HUMAN,Backing Unsafely,Not Applicable,1C4BJWDG3DL582664
2018,15250901,4 DOOR SEDAN,PASSENGER OR SUBURBAN,Parked,Not Entered,East,Gas,2003,NY,0,4,CHEVR,HUMAN,Not Applicable,HUMAN,Not Applicable,Not Applicable,1G1JC52F737167003
2018,15250903,PICKUP TRUCK,PASSENGER OR SUBURBAN,Going Straight Ahead,Not Entered,West,Gas,2008,NY,2,8,CHEVR,HUMAN,Not Applicable,HUMAN,Not Applicable,Not Applicable,3GCEK13348G292464
2018,15250902,4 DOOR SEDAN,PASSENGER OR SUBURBAN,Making Left Turn,Not Entered,South,Gas,2013,NY,1,4,KIA,HUMAN,Failure to Yield Right-of-Way,ENVMT,View Obstructed/Limited,Not Applicable,KNAGM4A79D5396778
2018,15250906,4 DOOR SEDAN,PASSENGER OR SUBURBAN,Going Straight Ahead,Not Entered,West,Gas,2011,NY,1,4,CHEVR,HUMAN,Not Applicable,ENVMT,Animal's Action,Not Applicable,1G1PC5SH7B7252630
2018,15250909,4 DOOR SEDAN,PASSENGER OR SUBURBAN,Going Straight Ahead,Not Entered,North,Gas,2000,NY,1,5,VOLVO,HUMAN,Unsafe Speed,HUMAN,Unsafe Lane Changing,Not Applicable,YV1LS56D1Y2656961
2018,15250913,4 DOOR SEDAN,PASSENGER OR SUBURBAN,Going Straight Ahead,Not Entered,South,Gas,2005,NY,1,4,DODGE,HUMAN,Not Applicable,ENVMT,Animal's Action,Not Applicable,1B3ES66S45D261659
2018,15250914,VAN TRUCK,COMMERCIAL,Going Straight Ahead,Not Entered,North,Gas,2004,NY,2,8,FORD,HUMAN,Unsafe Speed,ENVMT,Pavement Slippery,Not Applicable,1FTRE14W74HA35445
2018,15250912,4 DOOR SEDAN,PASSENGER OR SUBURBAN,Going Straight Ahead,Not Entered,South,Gas,2015,NY,1,4,TOYOT,HUMAN,Not Applicable,HUMAN,Not Applicable,Not Applicable,2T1BURHE4FC450041
2018,15250911,4 DOOR SEDAN,PASSENGER OR SUBURBAN,Going Straight Ahead,Not Entered,South,Gas,2002,NY,1,6,BUICK,HUMAN,Not Applicable,HUMAN,Not Applicable,"Other Motor Vehicle, Collision With",2G4WS52J421232479
2018,15250910,4 DOOR SEDAN,PASSENGER OR SUBURBAN,Going Straight Ahead,Not Entered,South,Gas,2015,NY,1,6,ME/BE,HUMAN,Unsafe Speed,ENVMT,Glare,Not Applicable,WDDHF8JB1FB118755
2018,15250915,4 DOOR SEDAN,OMNIBUS-SPECIAL (PRIVATE RENTAL),Going Straight Ahead,Not Entered,Southwest,Gas,2016,NY,1,4,VOLKS,HUMAN,Unsafe Speed,ENVMT,Pavement Slippery,Not Applicable,3VW267AJ5GM344919
2018,15250916,SUBURBAN,PASSENGER OR SUBURBAN,Going Straight Ahead,Not Entered,North,Gas,2008,NY,1,6,FORD,HUMAN,Following Too Closely,HUMAN,Unsafe Speed,Not Applicable,2FMDK48C68BB32106
2018,15250918,4 DOOR SEDAN,SPORTS,Going Straight Ahead,Not Entered,East,Gas,2002,NY,1,6,AUDI,HUMAN,Passing or Lane Usage Improper,HUMAN,Unsafe Speed,"Tree, Collision With Fixed Object",WAULD64B52N042652
2018,15250923,4 DOOR SEDAN,PASSENGER OR SUBURBAN,Going Straight Ahead,Not Entered,East,Gas,2015,NY,1,4,NISSA,HUMAN,Alcohol Involvement,HUMAN,Unsafe Speed,Not Applicable,1N4AL3AP9FN864247
2018,15250924,SUBURBAN,PASSENGER OR SUBURBAN,Going Straight Ahead,Not Entered,North,Gas,2014,NY,1,4,SUBAR,HUMAN,Not Applicable,ENVMT,Animal's Action,Not Applicable,JF1GPAC6XE8242793
2018,15250925,4 DOOR SEDAN,PASSENGER OR SUBURBAN,Going Straight Ahead,Not Entered,South,Gas,2001,NY,1,8,LINCO,HUMAN,Traffic Control Device Disregarded,HUMAN,Failure to Keep Right,"Culver/Head Wall, Collision With Fixed Object",1LNHM97V11Y666571
2018,15250926,4 DOOR SEDAN,PASSENGER OR SUBURBAN,Making Right Turn,Not Entered,East,Gas,2010,NY,1,4,FORD,HUMAN,Turning Improperly,HUMAN,Unsafe Speed,Not Applicable,1FAHP3FN7AW165986
2018,15250927,SUBURBAN,PASSENGER OR SUBURBAN,Going Straight Ahead,Not Entered,North,Gas,2014,NY,1,4,HONDA,HUMAN,Not Applicable,ENVMT,Animal's Action,Not Applicable,5J6RM4H3XEL039745
2018,15250928,SUBURBAN,PASSENGER OR SUBURBAN,Going Straight Ahead,Not Entered,East,Gas,2011,NY,1,4,TOYOT,HUMAN,Unsafe Speed,ENVMT,Pavement Slippery,"Overturned, Non-Collision",2T3BF4DVXBW094729
2018,15250932,SUBURBAN,PASSENGER OR SUBURBAN,Going Straight Ahead,Not Entered,West,Gas,2013,NY,1,6,DODGE,HUMAN,Unsafe Speed,HUMAN,Failure to Keep Right,Not Applicable,1C4RDJAG7DC637758
2018,15250936,4 DOOR SEDAN,PASSENGER OR SUBURBAN,Backing,Not Entered,Northeast,Gas,2012,NY,3,4,TOYOT,HUMAN,Backing Unsafely,ENVMT,Pavement Slippery,"Earth Embankment/Rock Cut/Ditch, Collision With Fixed Object",4T1BF1FK1CU127953
2018,15250938,SUBURBAN,PASSENGER OR SUBURBAN,Going Straight Ahead,Not Entered,South,Gas,2004,NY,1,4,SUBAR,HUMAN,Unsafe Speed,HUMAN,Failure to Keep Right,Not Applicable,JF1GG65514H813815
2018,15250940,SUBURBAN,PASSENGER OR SUBURBAN,Going Straight Ahead,Not Entered,North,Gas,2017,NY,3,6,DODGE,HUMAN,Not Applicable,HUMAN,Passing or Lane Usage Improper,Not Applicable,2C4RDGBG4HR751456
2018,15250939,SUBURBAN,PASSENGER OR SUBURBAN,Going Straight Ahead,Not Entered,East,Gas,2017,NY,1,4,TOYOT,HUMAN,Unsafe Speed,ENVMT,Pavement Slippery,Not Applicable,JTMBFREV0HJ131340
2018,15250944,PICKUP TRUCK,COMMERCIAL,Going Straight Ahead,Not Entered,South,Diesel,2002,NY,1,8,GMC,HUMAN,Not Applicable,HUMAN,Not Applicable,Not Applicable,1GTHK29132E213244
2018,15250943,SUBURBAN,PASSENGER OR SUBURBAN,Going Straight Ahead,Not Entered,West,Gas,2007,NY,5,6,HONDA,HUMAN,Not Applicable,HUMAN,Failure to Yield Right-of-Way,Not Applicable,5FNRL387X7B097589
2018,15250942,SUBURBAN,PASSENGER OR SUBURBAN,Going Straight Ahead,Not Entered,North,Gas,2010,NY,1,4,HONDA,HUMAN,Not Applicable,ENVMT,Animal's Action,Not Applicable,5J6RE4H36AL036882
2018,15250945,4 DOOR SEDAN,PASSENGER OR SUBURBAN,Going Straight Ahead,Not Entered,East,Gas,2016,NY,1,6,DODGE,HUMAN,Not Applicable,ENVMT,Animal's Action,Not Applicable,2C3CDXJG8GH277706
2018,15250948,PICKUP TRUCK,PASSENGER OR SUBURBAN,Going Straight Ahead,Not Entered,North,Gas,2004,NY,1,8,GMC,HUMAN,Not Applicable,ENVMT,Animal's Action,Not Applicable,1GTEK19T24Z243152
2018,15250950,4 DOOR SEDAN,PASSENGER OR SUBURBAN,Going Straight Ahead,Not Entered,Northeast,Gas,2012,NY,1,4,CHEVR,HUMAN,Following Too Closely,ENVMT,Pavement Slippery,Not Applicable,1G1PF5SC3C7388427
2018,15250951,4 DOOR SEDAN,PASSENGER OR SUBURBAN,Stopped in Traffic,Not Entered,Northeast,Gas,2011,NY,1,4,HYUND,HUMAN,Not Applicable,HUMAN,Not Applicable,Not Applicable,5NPEC4AB7BH199655
2018,15250953,4 DOOR SEDAN,PASSENGER OR SUBURBAN,Going Straight Ahead,Not Entered,East,Gas,2007,NY,1,6,MERCU,HUMAN,Unsafe Speed,ENVMT,Pavement Slippery,Not Applicable,3MEHM02157R613219
2018,15250958,4 DOOR SEDAN,PASSENGER OR SUBURBAN,Slowing or Stopping,Not Entered,East,Gas,2014,NY,1,4,BMW,HUMAN,Reaction to Other Uninvolved Vehicle,ENVMT,Pavement Slippery,"Guide Rail - End, Collision With Fixed Object",WBA3B5C53EP541003
2018,15250954,4 DOOR SEDAN,SPECIAL PASSENGER,Going Straight Ahead,Not Entered,West,Gas,2013,NY,1,4,HYUND,HUMAN,Not Applicable,ENVMT,Animal's Action,Not Applicable,5NPEB4AC5DH750180
2018,15250961,PICKUP TRUCK,PASSENGER OR SUBURBAN,Going Straight Ahead,Not Entered,West,Gas,2017,NY,1,8,RAM,HUMAN,Not Applicable,ENVMT,Animal's Action,Not Applicable,1C6RR7GT8HS521576
2018,15250963,4 DOOR SEDAN,PASSENGER OR SUBURBAN,Going Straight Ahead,Not Entered,South,Gas,2014,NY,1,4,KIA,HUMAN,Unsafe Speed,ENVMT,Pavement Slippery,Not Applicable,5XXGM4A76EG294984
2018,15250964,4 DOOR SEDAN,PASSENGER OR SUBURBAN,Going Straight Ahead,Not Entered,West,Gas,2009,NY,1,4,HONDA,HUMAN,Unsafe Speed,ENVMT,Pavement Slippery,Not Applicable,2HGFA16819H504450
2018,15250966,4 DOOR SEDAN,PASSENGER OR SUBURBAN,Slowing or Stopping,Not Entered,North,Gas,2017,NY,1,4,VOLKS,HUMAN,Not Applicable,HUMAN,Not Applicable,Not Applicable,3VW5T7AJ5HM306534
2018,15250969,4 DOOR SEDAN,PASSENGER OR SUBURBAN,Going Straight Ahead,Not Entered,West,Gas,2008,NY,2,6,CADIL,HUMAN,Not Applicable,ENVMT,Animal's Action,Not Applicable,1G6DS57VX80155292
2018,15250967,SUBURBAN,PASSENGER OR SUBURBAN,Going Straight Ahead,Not Entered,North,Gas,2015,NY,1,6,NISSA,HUMAN,Failure to Keep Right,ENVMT,View Obstructed/Limited,Not Applicable,5N1AZ2MH3FN271048
2018,15250968,PICKUP TRUCK,COMMERCIAL,Going Straight Ahead,Not Entered,South,Gas,2011,NY,2,8,GMC,HUMAN,Not Applicable,HUMAN,Not Applicable,Not Applicable,1GT02ZCG7BF168029
2018,15250970,PICKUP TRUCK,PASSENGER OR SUBURBAN,Going Straight Ahead,Not Entered,Southeast,Gas,2012,NY,1,8,GMC,HUMAN,Not Applicable,ENVMT,Animal's Action,Not Applicable,1GTR2VE77CZ327287
2018,15250971,4 DOOR SEDAN,PASSENGER OR SUBURBAN,Going Straight Ahead,Not Entered,South,Gas,2005,NY,2,6,CHEVR,HUMAN,Not Applicable,HUMAN,Unsafe Speed,Not Applicable,1G1ZT54815F244829
2018,15250973,PICKUP TRUCK,PASSENGER OR SUBURBAN,Going Straight Ahead,Not Entered,South,Gas,2013,NY,1,6,FORD,HUMAN,Not Applicable,HUMAN,Not Applicable,Not Applicable,1FTFW1ET3DFC51678
2018,15250972,4 DOOR SEDAN,PASSENGER OR SUBURBAN,Making Left Turn,Not Entered,West,Gas,2013,NY,1,4,NISSA,HUMAN,Not Applicable,HUMAN,Failure to Yield Right-of-Way,Not Applicable,1N4AL3AP8DC103296
2018,15250974,4 DOOR SEDAN,PASSENGER OR SUBURBAN,Going Straight Ahead,Not Entered,East,Gas,2014,NY,1,4,FORD,HUMAN,Not Applicable,ENVMT,Animal's Action,Not Entered,3FA6P0H9XER327804
2018,15250976,SUBURBAN,PASSENGER OR SUBURBAN,Going Straight Ahead,Not Entered,West,Gas,2009,NY,2,6,DODGE,HUMAN,Unsafe Speed,ENVMT,Pavement Slippery,Not Applicable,1D8HN44EX9B520114
2018,15250975,4 DOOR SEDAN,PASSENGER OR SUBURBAN,Going Straight Ahead,Not Entered,Northeast,Gas,2017,NY,1,3,MITSU,HUMAN,Unsafe Speed,ENVMT,Pavement Slippery,Not Applicable,ML32F3FJ1HHF15875
2018,15250977,4 DOOR SEDAN,PASSENGER OR SUBURBAN,Going Straight Ahead,Not Entered,West,Gas,2009,NY,1,4,TOYOT,HUMAN,Unsafe Speed,ENVMT,Pavement Slippery,Not Applicable,JTDBL40E59J026507
2018,15250978,4 DOOR SEDAN,PASSENGER OR SUBURBAN,Going Straight Ahead,Not Entered,South,Gas,2012,NY,1,4,FORD,HUMAN,Not Applicable,ENVMT,Animal's Action,Not Applicable,3FADP4BJ2CM155571
2018,15250979,SUBURBAN,PASSENGER OR SUBURBAN,Going Straight Ahead,Not Entered,South,Gas,2006,NY,1,6,JEEP,HUMAN,Not Applicable,ENVMT,Animal's Action,Not Applicable,1J8HG48K26C204732
2018,15250980,SUBURBAN,PASSENGER OR SUBURBAN,Going Straight Ahead,Not Entered,North,Gas,2017,NY,2,4,SUBAR,HUMAN,Not Applicable,ENVMT,Animal's Action,Not Entered,JF2SJAJC2HH483199
2018,15250981,SUBURBAN,PASSENGER OR SUBURBAN,Going Straight Ahead,Not Entered,North,Gas,2002,NY,2,4,SUBAR,HUMAN,Not Applicable,HUMAN,Unsafe Speed,Not Applicable,JF1SF63552G712960
2018,15250988,SUBURBAN,PASSENGER OR SUBURBAN,Going Straight Ahead,Not Entered,North,Gas,2016,NY,5,6,DODGE,HUMAN,Not Applicable,HUMAN,Not Applicable,Not Applicable,1C4RDJDG0GC374867
2018,15250990,PICKUP TRUCK,PASSENGER OR SUBURBAN,Going Straight Ahead,Not Entered,Southwest,Gas,2003,NY,1,6,CHEVR,HUMAN,Unsafe Speed,ENVMT,Pavement Slippery,Not Applicable,1GCEC14X73Z330390
2018,15250996,PICKUP TRUCK,PASSENGER OR SUBURBAN,Stopped in Traffic,Not Entered,North,Gas,2010,NY,1,6,HONDA,HUMAN,Not Applicable,HUMAN,Not Applicable,Not Applicable,5FPYK1F47AB010628
2018,15250995,SUBURBAN,PASSENGER OR SUBURBAN,Going Straight Ahead,Not Entered,North,Gas,2011,NY,1,4,CHEVR,HUMAN,Not Applicable,HUMAN,Following Too Closely,Not Applicable,2CNALFEC8B6459719
2018,15250997,SUBURBAN,PASSENGER OR SUBURBAN,Going Straight Ahead,Not Entered,North,Gas,2010,NY,2,4,HYUND,HUMAN,Unsafe Speed,ENVMT,Pavement Slippery,"Other Fixed Object*, Collision With Fixed Object",5NMSG3AB0AH400437
2018,15250998,4 DOOR SEDAN,PASSENGER OR SUBURBAN,Going Straight Ahead,Not Entered,East,Gas,2004,NY,4,4,HONDA,HUMAN,Not Applicable,ENVMT,Animal's Action,Not Applicable,2HGES16514H522146
2018,15250999,SUBURBAN,PASSENGER OR SUBURBAN,Going Straight Ahead,Not Entered,South,Gas,2004,NY,1,6,HYUND,HUMAN,Unsafe Speed,ENVMT,Pavement Slippery,"Sign Post, Collision With Fixed Object",KM8SC73E34U667378
2018,15251000,4 DOOR SEDAN,PASSENGER OR SUBURBAN,Going Straight Ahead,Not Entered,South,Gas,2015,NY,1,3,MITSU,HUMAN,Not Applicable,ENVMT,Animal's Action,Not Applicable,ML32A4HJ6FH014296
2018,15251001,4 DOOR SEDAN,PASSENGER OR SUBURBAN,Going Straight Ahead,Not Entered,North,Gas,2012,NY,1,4,HONDA,HUMAN,Not Applicable,ENVMT,Animal's Action,Not Applicable,1HGCP2F71CA069868
2018,15251005,SUBURBAN,PASSENGER OR SUBURBAN,Going Straight Ahead,Not Entered,Northeast,Gas,2006,NY,1,4,CHRYS,HUMAN,Driver Inattention/Distraction*,HUMAN,Unsafe Lane Changing,Not Applicable,3A4FY48B56T247603
2018,15251007,PICKUP TRUCK,COMMERCIAL,Starting from Parking,Not Entered,West,Gas,2010,NY,1,8,CHEVR,HUMAN,Unsafe Speed,ENVMT,Pavement Slippery,Not Applicable,1GC3KVBG4AF118257
2018,15251009,SUBURBAN,PASSENGER OR SUBURBAN,Slowing or Stopping,Not Entered,West,Gas,2016,NY,1,4,TOYOT,HUMAN,Following Too Closely,ENVMT,Pavement Slippery,Not Applicable,2T3RFREV0GW504746
2018,15251008,4 DOOR SEDAN,PASSENGER OR SUBURBAN,Stopped in Traffic,Not Entered,West,Gas,2015,NY,1,4,SUBAR,HUMAN,Not Applicable,HUMAN,Not Applicable,Not Applicable,4S3BNAC64F3020095
2018,15251011,4 DOOR SEDAN,PASSENGER OR SUBURBAN,Going Straight Ahead,Not Entered,North,Gas,2008,NY,1,4,CHEVR,HUMAN,Unsafe Speed,ENVMT,Pavement Slippery,Not Applicable,1G1AL58F387326310
2018,15251012,SUBURBAN,PASSENGER OR SUBURBAN,Slowing or Stopping,Not Entered,Northeast,Gas,2017,NY,1,4,NISSA,HUMAN,Unsafe Speed,ENVMT,Pavement Slippery,Not Applicable,JN8AT2MV5HW010906
2018,15251013,PICKUP TRUCK,PASSENGER OR SUBURBAN,Going Straight Ahead,Not Entered,South,Gas,1997,NY,2,6,FORD,HUMAN,Unsafe Speed,ENVMT,Pavement Slippery,Not Applicable,1FTCR14U8VTA62631
2018,15251014,DUMP,AGRICULTURAL TRUCK,Stopped in Traffic,Not Entered,South,Gas,2000,NY,1,6,GMC,HUMAN,Not Applicable,HUMAN,Not Applicable,Not Applicable,1GDM7H1C4YJ521194
2018,15251015,SUBURBAN,PASSENGER OR SUBURBAN,Going Straight Ahead,Not Entered,North,Gas,2004,NY,1,8,CHEVR,HUMAN,Not Applicable,HUMAN,Unsafe Speed,Not Applicable,1GNEK13T94J104490
2018,15251017,SUBURBAN,PASSENGER OR SUBURBAN,Going Straight Ahead,Not Entered,North,Gas,2013,NY,1,4,FORD,HUMAN,Not Applicable,HUMAN,Not Applicable,Not Applicable,1FMCU9G95DUA12990
2018,15251016,4 DOOR SEDAN,PASSENGER OR SUBURBAN,Going Straight Ahead,Not Entered,South,Gas,2013,NY,1,4,CHEVR,HUMAN,Not Applicable,HUMAN,Unsafe Speed,Not Applicable,1G1PA5SH2D7154582
2018,15251020,PICKUP TRUCK,PASSENGER OR SUBURBAN,Going Straight Ahead,Not Entered,East,Gas,1998,NY,1,6,FORD,HUMAN,Not Applicable,HUMAN,Failure to Yield Right-of-Way,Not Applicable,1FTYR11U5WPA28523
2018,15251021,4 DOOR SEDAN,PASSENGER OR SUBURBAN,Going Straight Ahead,Not Entered,South,Gas,2000,NY,2,4,HYUND,HUMAN,Not Applicable,HUMAN,Not Applicable,Not Applicable,KMHCG45G7YU063201
2018,15251022,SUBURBAN,PASSENGER OR SUBURBAN,Going Straight Ahead,Not Entered,West,Gas,2014,NY,1,6,VOLKS,HUMAN,Not Applicable,ENVMT,Animal's Action,Not Applicable,WVGEF9BP1ED002063
2018,15251023,4 DOOR SEDAN,PASSENGER OR SUBURBAN,Going Straight Ahead,Not Entered,South,Gas,2008,NY,1,4,HONDA,HUMAN,Not Applicable,ENVMT,Animal's Action,Not Applicable,2HGFA16968H512826
2018,15251025,SUBURBAN,PASSENGER OR SUBURBAN,Making Left Turn,Not Entered,Northwest,Gas,2008,NY,1,6,LA/RO,HUMAN,Not Applicable,HUMAN,Not Applicable,Not Applicable,SALFS24N08H012483
2018,15251024,4 DOOR SEDAN,PASSENGER OR SUBURBAN,Going Straight Ahead,Not Entered,North,Gas,2006,NY,1,6,TOYOT,HUMAN,Not Applicable,HUMAN,Following Too Closely,Not Applicable,4T1BK36BX6U083284
2018,15251026,SUBURBAN,PASSENGER OR SUBURBAN,Going Straight Ahead,Not Entered,South,Gas,2001,NY,1,4,SUBAR,HUMAN,Not Applicable,ENVMT,Animal's Action,Not Applicable,JF1SF635X1H725504
2018,15251035,SUBURBAN,PASSENGER OR SUBURBAN,Stopped in Traffic,Not Entered,West,Gas,2003,NY,1,6,JEEP,HUMAN,Not Applicable,HUMAN,Not Applicable,Not Applicable,1J4GW48S13C613235
2018,15251032,SUBURBAN,PASSENGER OR SUBURBAN,Going Straight Ahead,Not Entered,North,Gas,2005,NY,1,6,BMW,HUMAN,Not Applicable,HUMAN,Unsafe Speed,Not Applicable,WBXPA734X5WA78363
2018,15251036,VAN TRUCK,AGRICULTURAL TRUCK,Going Straight Ahead,Not Entered,West,Gas,2007,NY,1,8,FORD,HUMAN,Not Applicable,HUMAN,Following Too Closely,Not Applicable,1FTNE14W07DA57927
2018,15251037,4 DOOR SEDAN,PASSENGER OR SUBURBAN,Stopped in Traffic,Not Entered,West,Gas,2017,NY,1,4,HONDA,HUMAN,Not Applicable,HUMAN,Not Applicable,Not Applicable,1HGCR2F38HA254305