Year,Case Vehicle ID,Vehicle Body Type,Registration Class,Action Prior to Accident,Type / Axles of Truck or Bus,Direction of Travel,Fuel Type,Vehicle Year,State of Registration,Number of Occupants,Engine Cylinders,Vehicle Make,Contributing Factor 1,Contributing Factor 1 Description,Contributing Factor 2,Contributing Factor 2 Description,Event Type,Partial VIN
2018,15251039,SUBURBAN,PASSENGER OR SUBURBAN,Slowing or Stopping,Not Entered,East,Gas,2011,NY,1,4,AUDI,HUMAN,Not Applicable,HUMAN,Not Applicable,Not Applicable,WA1LFAFP2BA074839
2018,15251041,TANK TRUCK,AGRICULTURAL TRUCK,Not Applicable,Not Entered,North,Gas,2015,NY,1,10,FORD,HUMAN,Not Applicable,HUMAN,Not Applicable,Not Applicable,3FRPF6HD7FV720387
2018,15251042,SUBURBAN,PASSENGER OR SUBURBAN,Going Straight Ahead,Not Entered,South,Gas,2005,NY,1,4,HONDA,ENVMT,Glare,ENVMT,View Obstructed/Limited,Not Applicable,JHLRD78955C031597
2018,15251046,PICKUP TRUCK,PASSENGER OR SUBURBAN,Going Straight Ahead,Not Entered,West,Gas,2005,NY,1,8,CHEVR,HUMAN,Following Too Closely,ENVMT,Pavement Slippery,Not Applicable,1GCEK19B45E306428
2018,15251047,TRACTOR,INTERNATIONAL REGISTRATION,Going Straight Ahead,Not Entered,West,Diesel,2016,NY,1,6,INTER,HUMAN,Not Applicable,HUMAN,Not Applicable,Not Applicable,3HSDJAPR8GN226269
2018,15251049,SUBURBAN,PASSENGER OR SUBURBAN,Going Straight Ahead,Not Entered,West,Gas,2014,NY,1,4,NISSA,HUMAN,Unsafe Speed,ENVMT,Pavement Slippery,Not Applicable,5N1AT2MT4EC824399
2018,15251058,PICKUP TRUCK,AGRICULTURAL TRUCK,Going Straight Ahead,Not Entered,North,Diesel,2014,NY,1,8,FORD,HUMAN,Unsafe Speed,ENVMT,Pavement Slippery,Not Applicable,1FT7W2BT9EEA70784
2018,15251057,SUBURBAN,PASSENGER OR SUBURBAN,Going Straight Ahead,Not Entered,North,Gas,2015,NY,1,6,JEEP,HUMAN,Not Applicable,HUMAN,Not Applicable,Not Applicable,1C4RJFBG0FC662802
2018,15251059,4 DOOR SEDAN,PASSENGER OR SUBURBAN,Going Straight Ahead,Not Entered,East,Gas,2017,NY,1,4,KIA,HUMAN,Not Applicable,ENVMT,Animal's Action,Not Applicable,3KPFK4A70HE100979
2018,15251065,SUBURBAN,PASSENGER OR SUBURBAN,Going Straight Ahead,Not Entered,North,Gas,2016,NY,1,6,DODGE,HUMAN,Not Applicable,ENVMT,Animal's Action,Not Applicable,3C4PDDAG5GT154836
2018,15251067,SUBURBAN,PASSENGER OR SUBURBAN,Slowing or Stopping,Not Entered,South,Gas,2016,NY,1,6,HONDA,HUMAN,Not Applicable,HUMAN,Not Applicable,Not Applicable,5FNYF6H72GB096876
2018,15251066,PICKUP TRUCK,PASSENGER OR SUBURBAN,Going Straight Ahead,Not Entered,South,Gas,2011,NY,1,8,GMC,HUMAN,Unsafe Speed,ENVMT,Pavement Slippery,Not Applicable,1GTR2VE33BZ432856
2018,15251070,4 DOOR SEDAN,PASSENGER OR SUBURBAN,Making Left Turn,Not Entered,South,Gas,1997,NY,2,4,TOYOT,HUMAN,Not Applicable,HUMAN,Failure to Yield Right-of-Way,Not Applicable,2T1BB02E8VC201847
2018,15251071,4 DOOR SEDAN,PASSENGER OR SUBURBAN,Going Straight Ahead,Not Entered,East,Gas,1999,NY,1,4,HONDA,HUMAN,Not Applicable,HUMAN,Not Applicable,Not Applicable,2HGEJ8647XH539198
2018,15251073,SUBURBAN,PASSENGER OR SUBURBAN,Going Straight Ahead,Not Entered,North,Gas,2016,NY,2,6,SUBAR,HUMAN,Not Applicable,HUMAN,Not Applicable,Not Applicable,4S4BSEJC5G3234714
2018,15251072,4 DOOR SEDAN,PASSENGER OR SUBURBAN,Going Straight Ahead,Not Entered,North,Gas,2016,NY,1,4,FORD,HUMAN,Unsafe Speed,ENVMT,Pavement Slippery,Not Applicable,WF0DP3TH2G4115506
2018,15251076,4 DOOR SEDAN,PASSENGER OR SUBURBAN,Going Straight Ahead,Not Entered,South,Gas,2011,NY,1,6,NISSA,HUMAN,Not Applicable,HUMAN,Not Applicable,Not Applicable,1N4BL2AP1BN405996
2018,15251074,SUBURBAN,PASSENGER OR SUBURBAN,Going Straight Ahead,Not Entered,South,Gas,2015,NY,1,6,FORD,HUMAN,Unsafe Speed,ENVMT,Pavement Slippery,Not Applicable,1FM5K8F89FGA15250
2018,15251077,PICKUP TRUCK,PASSENGER OR SUBURBAN,Going Straight Ahead,Not Entered,North,Gas,2007,NY,2,4,NISSA,HUMAN,Unsafe Speed,ENVMT,Pavement Slippery,Not Applicable,1N6BD06T17C464807
2018,15251078,SUBURBAN,PASSENGER OR SUBURBAN,Merging,Not Entered,East,Gas,2016,NY,1,4,MAZDA,HUMAN,Unsafe Speed,ENVMT,Pavement Slippery,Not Applicable,JM1DKBD73G0121744
2018,15251084,SUBURBAN,PASSENGER OR SUBURBAN,Slowing or Stopping,Not Entered,South,Gas,2016,NY,1,4,SUBAR,HUMAN,Not Applicable,HUMAN,Not Applicable,Not Applicable,JF1GPAP64G8245492
2018,15251083,SUBURBAN,PASSENGER OR SUBURBAN,Going Straight Ahead,Not Entered,South,Gas,2007,NY,1,6,PONTI,HUMAN,Following Too Closely,ENVMT,Pavement Slippery,Not Applicable,2CKDL73FX76043613
2018,15251086,SUBURBAN,PASSENGER OR SUBURBAN,Slowing or Stopping,Not Entered,North,Gas,2001,NY,1,6,JEEP,HUMAN,Not Applicable,HUMAN,Not Applicable,Not Applicable,1J4FF48S61L506514
2018,15251085,SUBURBAN,PASSENGER OR SUBURBAN,Slowing or Stopping,Not Entered,North,Gas,2016,NY,2,6,JEEP,HUMAN,Following Too Closely,ENVMT,Pavement Slippery,Not Applicable,1C4PJMCS9GW144900
2018,15251088,4 DOOR SEDAN,PASSENGER OR SUBURBAN,Stopped in Traffic,Not Entered,East,Gas,2015,NY,2,4,FORD,HUMAN,Not Applicable,HUMAN,Not Applicable,Not Applicable,1FA6P0H77F5102761
2018,15251087,4 DOOR SEDAN,PASSENGER OR SUBURBAN,Slowing or Stopping,Not Entered,East,Gas,2006,NY,4,6,FORD,HUMAN,Following Too Closely,ENVMT,Pavement Slippery,Not Applicable,1FAFP53U26A147477
2018,15251089,SUBURBAN,PASSENGER OR SUBURBAN,Going Straight Ahead,Not Entered,East,Gas,2010,NY,2,6,CHRYS,HUMAN,Unsafe Speed,ENVMT,Pavement Slippery,Not Applicable,2A4RR5D1XAR358608
2018,15251093,SUBURBAN,PASSENGER OR SUBURBAN,Going Straight Ahead,Not Entered,West,Gas,2011,NY,1,4,HYUND,HUMAN,Unsafe Speed,ENVMT,Pavement Slippery,Not Applicable,KM8JT3AB5BU226345
2018,15251095,PICKUP TRUCK,STATE,Going Straight Ahead,Not Entered,Southeast,Gas,2016,NY,1,8,RAM,HUMAN,Unsafe Speed,ENVMT,Pavement Slippery,Not Applicable,3C6LR5AT5GG354022
2018,15251099,BUS (OMNIBUS),OMNIBUS - REGULAR,Stopped in Traffic,Not Entered,Southwest,Diesel,2012,NY,1,6,FREIG,HUMAN,Not Applicable,HUMAN,Not Applicable,Not Applicable,4UZABRDT3CCAZ9325
2018,15251098,4 DOOR SEDAN,PASSENGER OR SUBURBAN,Slowing or Stopping,Not Entered,Southwest,Gas,2016,NY,1,4,TOYOT,HUMAN,Unsafe Speed,ENVMT,Pavement Slippery,Not Applicable,4T1BF1FK1GU566012
2018,15251100,SUBURBAN,PASSENGER OR SUBURBAN,Going Straight Ahead,Not Entered,Southwest,Gas,2004,NY,1,4,HONDA,HUMAN,Unsafe Speed,ENVMT,Pavement Slippery,Not Applicable,SHSRD78884U213261
2018,15251103,SUBURBAN,PASSENGER OR SUBURBAN,Going Straight Ahead,Not Entered,Southwest,Gas,2015,NY,1,6,TOYOT,HUMAN,Not Applicable,HUMAN,Not Applicable,Not Applicable,5TDKK3DCXFS664756
2018,15251102,SUBURBAN,PASSENGER OR SUBURBAN,Making Left Turn,Not Entered,Northwest,Gas,2013,NY,1,6,CHRYS,HUMAN,Not Applicable,HUMAN,Failure to Yield Right-of-Way,Not Applicable,2C4RC1BGXDR595188
2018,15251105,4 DOOR SEDAN,OMNIBUS - LIVERY,Going Straight Ahead,Not Entered,East,Gas,2016,NY,1,4,FORD,HUMAN,Not Applicable,HUMAN,Not Applicable,Not Applicable,3FA6P0LU9GR335987
2018,15251104,SUBURBAN,PASSENGER OR SUBURBAN,Starting from Parking,Not Entered,East,Gas,2017,NY,1,6,TOYOT,HUMAN,Not Applicable,HUMAN,Failure to Yield Right-of-Way,Not Applicable,5TDDZ3DC7HS176551
2018,15251108,PICKUP TRUCK,PASSENGER OR SUBURBAN,Going Straight Ahead,Not Entered,West,Gas,1990,NY,1,8,FORD,HUMAN,Not Applicable,ENVMT,View Obstructed/Limited,Not Applicable,1FDKF38G9LNA80847
2018,15251111,4 DOOR SEDAN,PASSENGER OR SUBURBAN,Going Straight Ahead,Not Entered,West,Gas,2017,NY,1,4,SUBAR,HUMAN,Not Applicable,ENVMT,Animal's Action,Not Applicable,JF1VA1E66H9831389
2018,15251116,4 DOOR SEDAN,PASSENGER OR SUBURBAN,Going Straight Ahead,Not Entered,South,Gas,2007,NY,1,4,HYUND,HUMAN,Unsafe Speed,ENVMT,Pavement Slippery,"Snow Embankment, Collision With Fixed Object",KMHDU46D57U100424
2018,15251128,SUBURBAN,PASSENGER OR SUBURBAN,Making Left Turn,Not Entered,Southwest,Gas,2017,NY,1,4,TOYOT,HUMAN,Passing or Lane Usage Improper,HUMAN,Unsafe Speed,Not Applicable,JTMJJREV4HD140065
2018,15251139,DUMP,STATE,Going Straight Ahead,Not Entered,North,Diesel,2017,NY,1,6,INTRE,HUMAN,Not Applicable,HUMAN,Not Applicable,Not Entered,1HTGPSNR5HH402688
2018,15251138,4 DOOR SEDAN,PASSENGER OR SUBURBAN,Other,Not Entered,North,Gas,1998,NY,1,6,ACURA,HUMAN,Not Applicable,HUMAN,Passing or Lane Usage Improper,Not Applicable,JH4UA3644WC002592
2018,15251140,4 DOOR SEDAN,PASSENGER OR SUBURBAN,Going Straight Ahead,Not Entered,South,Gas,2003,NY,1,6,HYUND,HUMAN,Unsafe Speed,ENVMT,Pavement Slippery,Not Applicable,KM8SC73D83U548750
2018,15251148,4 DOOR SEDAN,PASSENGER OR SUBURBAN,Going Straight Ahead,Not Entered,West,Gas,2015,NY,1,4,HONDA,HUMAN,Not Applicable,HUMAN,Not Applicable,Not Applicable,19XFB2F87FE294851
2018,15268432,PICKUP TRUCK,AGRICULTURAL TRUCK,Making Left Turn,Not Entered,Northeast,Gas,2015,NY,1,4,TOYOT,HUMAN,Not Applicable,HUMAN,Failure to Yield Right-of-Way,Not Entered,5TFUX4EN1FX035168
2018,15251151,4 DOOR SEDAN,PASSENGER OR SUBURBAN,Slowing or Stopping,Not Entered,South,Gas,2015,NY,3,4,HONDA,HUMAN,Not Applicable,HUMAN,Not Applicable,Not Applicable,1HGCR2F76FA249457
2018,15251150,SUBURBAN,PASSENGER OR SUBURBAN,Going Straight Ahead,Not Entered,South,Gas,2008,NY,1,4,TOYOT,HUMAN,Following Too Closely,ENVMT,Pavement Slippery,Not Applicable,JTMBD33V085187714
2018,15251152,SEDAN,PASSENGER OR SUBURBAN,Going Straight Ahead,Not Entered,West,Gas,2000,NY,1,6,PONTI,HUMAN,Not Applicable,ENVMT,Animal's Action,Not Applicable,1G2WP12K2YF301845
2018,15251153,SUBURBAN,PASSENGER OR SUBURBAN,Going Straight Ahead,Not Entered,East,Gas,2015,NY,2,4,ME/BE,HUMAN,Not Applicable,HUMAN,Unsafe Speed,Not Applicable,WDCTG4GB4FJ132148
2018,15251155,SUBURBAN,PASSENGER OR SUBURBAN,Going Straight Ahead,Not Entered,North,Gas,2002,NY,1,6,JEEP,HUMAN,Unsafe Speed,ENVMT,Pavement Slippery,Not Applicable,1J4GL48K12W223385
2018,15251157,PICKUP TRUCK,PASSENGER OR SUBURBAN,Backing,Not Entered,South,Gas,2017,NY,1,8,CHEVR,HUMAN,Backing Unsafely,ENVMT,Pavement Slippery,Not Applicable,1GCVKREC0HZ217269
2018,15251156,2 DOOR SEDAN,PASSENGER OR SUBURBAN,Going Straight Ahead,Not Entered,Southeast,Gas,2003,NY,1,4,HONDA,HUMAN,Unsafe Speed,ENVMT,Pavement Slippery,Not Applicable,1HGEM21283L026887
2018,15251166,PICKUP TRUCK,PASSENGER OR SUBURBAN,Going Straight Ahead,Not Entered,Southwest,Gas,2012,NY,2,4,TOYOT,HUMAN,Not Applicable,HUMAN,Not Applicable,Not Applicable,5TFUX4EN6CX013985
2018,15251165,4 DOOR SEDAN,PASSENGER OR SUBURBAN,Going Straight Ahead,Not Entered,Northeast,Gas,2016,NY,1,4,HYUND,HUMAN,Not Applicable,HUMAN,Driver Inattention/Distraction*,Not Applicable,KMHCT4AE0GU063572
2018,15251169,4 DOOR SEDAN,PASSENGER OR SUBURBAN,Going Straight Ahead,Not Entered,North,Gas,2007,NY,1,4,SUZUK,HUMAN,Not Applicable,ENVMT,Pavement Slippery,Not Entered,JS2YB417175100613
2018,15251170,4 DOOR SEDAN,PASSENGER OR SUBURBAN,Going Straight Ahead,Not Entered,North,Gas,2016,NY,1,4,BMW,HUMAN,Driver Inattention/Distraction*,HUMAN,Reaction to Other Uninvolved Vehicle,Not Applicable,WBA8E5G59GNT93168
2018,15251173,SUBURBAN,SPECIAL PASSENGER,Going Straight Ahead,Not Entered,South,Gas,2011,NY,1,6,NISSA,HUMAN,Not Applicable,ENVMT,Pavement Slippery,Not Applicable,JN8AZ1MW8BW183313
2018,15251175,CONVERTIBLE,SPECIAL PASSENGER,Going Straight Ahead,Not Entered,South,Gas,2014,NY,1,6,ME/BE,HUMAN,Not Applicable,HUMAN,Not Applicable,Not Applicable,WDDKK5KF4EF286477
2018,15251172,SUBURBAN,PASSENGER OR SUBURBAN,Stopped in Traffic,Not Entered,South,Gas,2014,NY,1,4,TOYOT,HUMAN,Not Applicable,HUMAN,Not Applicable,Not Applicable,2T3BFREV4EW189464
2018,15251171,4 DOOR SEDAN,PASSENGER OR SUBURBAN,Going Straight Ahead,Not Entered,South,Gas,2012,NY,1,4,CHEVR,HUMAN,Not Applicable,HUMAN,Unsafe Speed,Not Applicable,1G1JC5SH1C4200855
2018,15251179,SUBURBAN,PASSENGER OR SUBURBAN,Parked,Not Entered,West,Gas,2007,NY,1,6,CHRYS,HUMAN,Not Applicable,HUMAN,Not Applicable,Not Applicable,2A4GP54L77R275371
2018,15251178,4 DOOR SEDAN,PASSENGER OR SUBURBAN,Going Straight Ahead,Not Entered,East,Gas,2017,NY,1,4,SUBAR,HUMAN,Unsafe Lane Changing,ENVMT,Pavement Slippery,Not Applicable,4S3BNAK61H3020818
2018,15251181,SUBURBAN,PASSENGER OR SUBURBAN,Going Straight Ahead,Not Entered,West,Gas,2009,NY,1,4,NISSA,HUMAN,Not Applicable,HUMAN,Not Applicable,Not Applicable,JN8AS58V39W189365
2018,15251180,SUBURBAN,PASSENGER OR SUBURBAN,Going Straight Ahead,Not Entered,West,Gas,2014,NY,1,4,NISSA,HUMAN,Not Applicable,HUMAN,Following Too Closely,Not Applicable,JN8AS5MV8EW715683
2018,15251184,4 DOOR SEDAN,PASSENGER OR SUBURBAN,Going Straight Ahead,Not Entered,South,Diesel,2006,NY,1,4,VOLKS,HUMAN,Unsafe Speed,ENVMT,Pavement Slippery,Not Applicable,3VWST71K96M047801
2018,15251186,4 DOOR SEDAN,PASSENGER OR SUBURBAN,Going Straight Ahead,Not Entered,Southwest,Gas,2007,NY,2,5,VOLVO,HUMAN,Not Applicable,HUMAN,Not Applicable,Not Applicable,YV1MS390272292307
2018,15251185,SUBURBAN,PASSENGER OR SUBURBAN,Going Straight Ahead,Not Entered,Northwest,Gas,2013,NY,2,4,BUICK,HUMAN,Failure to Yield Right-of-Way,HUMAN,Traffic Control Device Disregarded,Not Applicable,KL4CJBSB8DB211049
2018,15251195,PICKUP TRUCK,COMMERCIAL,Going Straight Ahead,Not Entered,East,Gas,2008,NY,1,8,CHEVR,HUMAN,Not Applicable,HUMAN,Not Applicable,Not Applicable,1GCHK23K78F101809
2018,15251194,4 DOOR SEDAN,PASSENGER OR SUBURBAN,Parked,Not Entered,East,Gas,2008,NY,1,4,PONTI,HUMAN,Unknown,HUMAN,Driver Inattention/Distraction*,Not Applicable,1G2ZF57B484302846
2018,15251197,4 DOOR SEDAN,PASSENGER OR SUBURBAN,Making Left Turn,Not Entered,North,Gas,2006,NY,1,6,ME/BE,HUMAN,Unknown,HUMAN,Failure to Yield Right-of-Way,Not Applicable,WDBRF92H66F793922
2018,15251196,2 DOOR SEDAN,PASSENGER OR SUBURBAN,Going Straight Ahead,Not Entered,East,Gas,2004,NY,1,4,ACURA,HUMAN,Not Applicable,HUMAN,Not Applicable,Not Applicable,JH4DC53014S001507
2018,15251201,SUBURBAN,PASSENGER OR SUBURBAN,Making Left Turn,Not Entered,West,Gas,2014,NY,1,4,HYUND,HUMAN,Unknown,ENVMT,Pavement Slippery,Not Applicable,KM8JUCAG5EU829034
2018,15251200,SUBURBAN,PASSENGER OR SUBURBAN,Going Straight Ahead,Not Entered,South,Gas,2016,NY,1,4,SUBAR,HUMAN,Unknown,ENVMT,Pavement Slippery,Not Applicable,JF1GPAU67G8249105
2018,15251207,SUBURBAN,PASSENGER OR SUBURBAN,Slowing or Stopping,Not Entered,South,Gas,2010,NY,1,4,NISSA,HUMAN,Not Applicable,HUMAN,Not Applicable,Not Applicable,JN8AS5MV0AW111331
2018,15251206,SUBURBAN,PASSENGER OR SUBURBAN,Going Straight Ahead,Not Entered,South,Gas,2004,NY,1,4,SUBAR,HUMAN,Alcohol Involvement,HUMAN,Unsafe Speed,Not Applicable,JF1SG63684H760942
2018,15251209,SUBURBAN,PASSENGER OR SUBURBAN,Stopped in Traffic,Not Entered,North,Gas,2006,NY,1,6,TOYOT,HUMAN,Not Applicable,HUMAN,Not Applicable,Not Applicable,5TDZA23C46S471449
2018,15251208,4 DOOR SEDAN,PASSENGER OR SUBURBAN,Slowing or Stopping,Not Entered,North,Gas,2010,NY,2,4,TOYOT,HUMAN,Not Applicable,ENVMT,Pavement Slippery,Not Applicable,2T1BU4EE1AC314028
2018,15251213,4 DOOR SEDAN,PASSENGER OR SUBURBAN,Stopped in Traffic,Not Entered,North,Gas,2015,NY,2,4,HONDA,HUMAN,Not Applicable,HUMAN,Not Applicable,Not Applicable,19XFB2F53FE700937
2018,15251212,SUBURBAN,PASSENGER OR SUBURBAN,Slowing or Stopping,Not Entered,North,Gas,2008,NY,2,6,FORD,HUMAN,Not Applicable,HUMAN,Unsafe Speed,Not Applicable,2FMDK48C98BB22587
2018,15251214,SUBURBAN,PASSENGER OR SUBURBAN,Slowing or Stopping,Not Entered,South,Gas,2013,NY,1,4,KIA,HUMAN,Not Applicable,ENVMT,Pavement Slippery,Not Applicable,KNDJT2A67D7749384
2018,15251217,PICKUP TRUCK,AGRICULTURAL TRUCK,Parked,Not Entered,Unknown,Diesel,2015,NY,0,8,CHEVR,HUMAN,Not Applicable,HUMAN,Not Applicable,Not Applicable,1GC1KWE88FF670823
2018,15251218,SUBURBAN,PASSENGER OR SUBURBAN,Going Straight Ahead,Not Entered,East,Gas,2006,NY,2,6,CHEVR,HUMAN,Unsafe Speed,ENVMT,Pavement Slippery,"Sign Post, Collision With Fixed Object",2CNDL63F666211498
2018,15251227,PICKUP TRUCK,PASSENGER OR SUBURBAN,Going Straight Ahead,Not Entered,West,Gas,2016,NY,1,8,GMC,HUMAN,Not Applicable,HUMAN,Unsafe Speed,Not Applicable,3GTU2NEC0GG295781
2018,15251229,SUBURBAN,PASSENGER OR SUBURBAN,Stopped in Traffic,Not Entered,South,Gas,2004,NY,1,8,FORD,HUMAN,Not Applicable,HUMAN,Not Applicable,Not Applicable,1FMDU75W34UB89331
2018,15251232,SUBURBAN,PASSENGER OR SUBURBAN,Making Right Turn,Not Entered,Northeast,Gas,2016,NY,2,4,AUDI,HUMAN,Not Applicable,HUMAN,Driver Inexperience*,Not Applicable,WA1L2AFP4GA140469
2018,15251240,SUBURBAN,PASSENGER OR SUBURBAN,Stopped in Traffic,Not Entered,East,Gas,2004,NY,1,8,DODGE,HUMAN,Not Applicable,HUMAN,Not Applicable,Not Applicable,1D4HB48DX4F220666
2018,15251239,4 DOOR SEDAN,PASSENGER OR SUBURBAN,Slowing or Stopping,Not Entered,East,Gas,2007,NY,1,4,HONDA,HUMAN,Following Too Closely,ENVMT,Pavement Slippery,Not Applicable,1HGCM56457A095430
2018,15251242,4 DOOR SEDAN,PASSENGER OR SUBURBAN,Making Left Turn,Not Entered,North,Gas,2016,NY,1,4,HYUND,HUMAN,Not Applicable,HUMAN,Failure to Yield Right-of-Way,Not Applicable,KMHCU4AE5GU159971
2018,15251243,4 DOOR SEDAN,PASSENGER OR SUBURBAN,Going Straight Ahead,Not Entered,West,Gas,2014,NY,2,4,CHEVR,HUMAN,Not Applicable,HUMAN,Not Applicable,Not Applicable,1G11C5SLXEF275484
2018,15251247,4 DOOR SEDAN,PASSENGER OR SUBURBAN,Going Straight Ahead,Not Entered,South,Gas,2016,NY,1,4,SUBAR,HUMAN,Not Applicable,HUMAN,Not Applicable,Not Applicable,4S3BNAC65G3022357
2018,15251246,PICKUP TRUCK,PASSENGER OR SUBURBAN,Going Straight Ahead,Not Entered,South,Gas,2017,NY,1,8,GMC,HUMAN,Unsafe Speed,ENVMT,Pavement Slippery,Not Applicable,1GTV2MEC5HZ337359
2018,15251250,SUBURBAN,PASSENGER OR SUBURBAN,Going Straight Ahead,Not Entered,South,Gas,2016,NY,2,6,TOYOT,HUMAN,Not Applicable,HUMAN,Not Applicable,Not Applicable,5TDDK3DC0GS128571
2018,15251249,SUBURBAN,PASSENGER OR SUBURBAN,Starting from Parking,Not Entered,South,Gas,2014,NY,1,6,DODGE,HUMAN,Not Applicable,HUMAN,Driver Inattention/Distraction*,Not Applicable,2C4RDGBG9ER102036
2018,15251252,4 DOOR SEDAN,PASSENGER OR SUBURBAN,Stopped in Traffic,Not Entered,West,Gas,2014,NY,1,4,FORD,HUMAN,Not Applicable,HUMAN,Not Applicable,Not Applicable,3FA6P0H76ER228640
2018,15251251,SUBURBAN,PASSENGER OR SUBURBAN,Making Right Turn,Not Entered,Northeast,Gas,2016,NY,1,6,TOYOT,HUMAN,Not Applicable,HUMAN,Unsafe Speed,Not Applicable,5TDJKRFH1GS294614
2018,15251254,SUBURBAN,PASSENGER OR SUBURBAN,Slowing or Stopping,Not Entered,West,Gas,2011,NY,1,4,SUBAR,HUMAN,Not Applicable,HUMAN,Not Applicable,Not Applicable,JF1GH6B62BG823976
2018,15251253,PICKUP TRUCK,PASSENGER OR SUBURBAN,Slowing or Stopping,Not Entered,West,Gas,2000,NY,1,8,FORD,HUMAN,Not Applicable,HUMAN,Unsafe Speed,Not Applicable,1FTNX21LXYEE04539
2018,15251256,SUBURBAN,PASSENGER OR SUBURBAN,Slowing or Stopping,Not Entered,East,Gas,2003,NY,1,4,HONDA,HUMAN,Not Applicable,HUMAN,Not Applicable,Not Applicable,SHSRD78823U161043
2018,15251255,2 DOOR SEDAN,PASSENGER OR SUBURBAN,Going Straight Ahead,Not Entered,East,Gas,2004,NY,1,4,TOYOT,HUMAN,Following Too Closely,HUMAN,Unsafe Speed,Not Applicable,4T1CE38P54U823745
2018,15251257,4 DOOR SEDAN,PASSENGER OR SUBURBAN,Going Straight Ahead,Not Entered,North,Gas,2007,NY,1,6,FORD,HUMAN,Alcohol Involvement,HUMAN,Unsafe Speed,"Tree, Collision With Fixed Object",1FAHP27127G152829
2018,15251258,4 DOOR SEDAN,PASSENGER OR SUBURBAN,Going Straight Ahead,Not Entered,North,Gas,2009,NY,1,6,AUDI,HUMAN,Not Applicable,ENVMT,Pavement Slippery,Not Applicable,WAULK78K79N028932
2018,15251259,4 DOOR SEDAN,PASSENGER OR SUBURBAN,Going Straight Ahead,Not Entered,Northwest,Gas,2008,NY,1,4,HYUND,HUMAN,Not Applicable,HUMAN,Unsafe Speed,Not Applicable,KMHCN46C88U222065
2018,15251260,SUBURBAN,PASSENGER OR SUBURBAN,Making Left Turn,Not Entered,Northeast,Gas,2011,NY,1,6,FORD,HUMAN,Not Applicable,HUMAN,Unsafe Speed,Not Applicable,1FMHK8F80BGA85940
2018,15251263,4 DOOR SEDAN,PASSENGER OR SUBURBAN,Going Straight Ahead,Not Entered,East,Gas,2016,NY,1,4,KIA,HUMAN,Not Applicable,ENVMT,Pavement Slippery,"Fence, Collision With Fixed Object",KNAFK4A65G5571086
2018,15251265,VAN TRUCK,COMMERCIAL,Going Straight Ahead,Not Entered,North,Gas,2010,NY,1,8,CHEVR,HUMAN,Not Applicable,HUMAN,Not Applicable,Not Applicable,1GCUGAD41A1160769
2018,15251264,4 DOOR SEDAN,PASSENGER OR SUBURBAN,Making Right Turn,Not Entered,West,Gas,2017,NY,1,6,SUBAR,HUMAN,Not Applicable,HUMAN,Failure to Yield Right-of-Way,Not Applicable,4S3BNEN60H3065560
2018,15251267,SUBURBAN,PASSENGER OR SUBURBAN,Going Straight Ahead,Not Entered,Southwest,Gas,2015,NY,1,4,JEEP,HUMAN,Unsafe Speed,ENVMT,Pavement Slippery,Not Applicable,1C4NJPBB0FD328630
2018,15251268,4 DOOR SEDAN,PASSENGER OR SUBURBAN,Backing,Not Entered,East,Gas,2015,NY,1,4,TOYOT,HUMAN,Not Applicable,HUMAN,Backing Unsafely,Not Applicable,4T1BF1FK7FU987621
2018,15251269,4 DOOR SEDAN,PASSENGER OR SUBURBAN,Parked,Not Entered,North,Gas,2016,NY,0,4,CHEVR,HUMAN,Not Applicable,HUMAN,Not Applicable,Not Applicable,2G11Z5SA3G9150576
2018,15251271,SUBURBAN,OMNIBUS - TAXI,Slowing or Stopping,Not Entered,West,Gas,2006,NY,1,6,KIA,HUMAN,Driver Inattention/Distraction*,ENVMT,Pavement Slippery,Not Applicable,KNDMB233066074859
2018,15251270,4 DOOR SEDAN,PASSENGER OR SUBURBAN,Changing Lanes,Not Entered,West,Gas,2012,NY,1,6,CHEVR,HUMAN,Following Too Closely,ENVMT,Pavement Slippery,Not Applicable,2G1WC5E33C1303650
2018,15251272,4 DOOR SEDAN,PASSENGER OR SUBURBAN,Going Straight Ahead,Not Entered,East,Gas,2017,NY,1,4,NISSA,HUMAN,Following Too Closely,HUMAN,Unsafe Speed,Not Applicable,1N4AL3APXHC481271
2018,15251274,SUBURBAN,PASSENGER OR SUBURBAN,Slowing or Stopping,Not Entered,East,Gas,2010,NY,1,6,BUICK,HUMAN,Not Applicable,ENVMT,Pavement Slippery,Not Applicable,5GALVBED3AJ267233
2018,15251276,4 DOOR SEDAN,PASSENGER OR SUBURBAN,Going Straight Ahead,Not Entered,Southwest,Gas,2004,NY,1,4,MITSU,HUMAN,Not Applicable,ENVMT,Pavement Slippery,"Light Support/Utility Pole, Collision With Fixed Object",4A3AB36F94E120154
2018,15251280,4 DOOR SEDAN,PASSENGER OR SUBURBAN,Stopped in Traffic,Not Entered,West,Gas,2016,NY,1,4,BMW,HUMAN,Not Applicable,HUMAN,Not Applicable,Not Applicable,WBA4C9C53GG136352
2018,15251279,PICKUP TRUCK,COMMERCIAL,Slowing or Stopping,Not Entered,West,Gas,2017,NY,2,8,FORD,HUMAN,Driver Inattention/Distraction*,HUMAN,Following Too Closely,Not Applicable,1FT7X2B6XHEE77511
2018,15251285,SUBURBAN,PASSENGER OR SUBURBAN,Going Straight Ahead,Not Entered,South,Gas,2010,NY,1,6,JEEP,HUMAN,Not Applicable,ENVMT,Obstruction/ Debris,Not Applicable,1J4PN2GK3AW101089