Year,Case Vehicle ID,Vehicle Body Type,Registration Class,Action Prior to Accident,Type / Axles of Truck or Bus,Direction of Travel,Fuel Type,Vehicle Year,State of Registration,Number of Occupants,Engine Cylinders,Vehicle Make,Contributing Factor 1,Contributing Factor 1 Description,Contributing Factor 2,Contributing Factor 2 Description,Event Type,Partial VIN
2018,15251289,SUBURBAN,PASSENGER OR SUBURBAN,Slowing or Stopping,Not Entered,West,Gas,2009,NY,2,4,MERCU,HUMAN,Not Applicable,HUMAN,Not Applicable,Not Applicable,4M2CU817X9KJ21822
2018,15251288,PICKUP TRUCK,COMMERCIAL,Making Left Turn,Not Entered,East,Gas,2007,NY,1,8,FORD,HUMAN,Not Applicable,ENVMT,Pavement Slippery,Not Applicable,1FTVX14587NA50302
2018,15251293,PICKUP TRUCK,COMMERCIAL,Making Left Turn,Not Entered,Southwest,Diesel,2011,NY,1,6,DODGE,HUMAN,Not Applicable,ENVMT,Pavement Slippery,Not Applicable,3D73Y3CL5BG516162
2018,15251299,4 DOOR SEDAN,PASSENGER OR SUBURBAN,Going Straight Ahead,Not Entered,East,Gas,2009,NY,1,4,CHEVR,HUMAN,Not Applicable,HUMAN,Not Applicable,Not Applicable,1G1ZH57B494147974
2018,15251298,PICKUP TRUCK,PASSENGER OR SUBURBAN,Going Straight Ahead,Not Entered,West,Gas,2014,NY,1,8,RAM,HUMAN,Unsafe Speed,ENVMT,Pavement Slippery,Not Applicable,1C6RR7FTXES196426
2018,15251302,4 DOOR SEDAN,PASSENGER OR SUBURBAN,Going Straight Ahead,Not Entered,South,Gas,2012,NY,1,4,HONDA,HUMAN,Not Applicable,HUMAN,Not Applicable,Not Entered,2HGFB2F57CH525318
2018,15251301,PICKUP TRUCK,AGRICULTURAL TRUCK,Backing,Not Entered,East,Gas,2007,NY,1,4,CHEVR,HUMAN,Not Applicable,HUMAN,Backing Unsafely,Not Applicable,1GCHK23D37F128036
2018,15251303,4 DOOR SEDAN,PASSENGER OR SUBURBAN,Going Straight Ahead,Not Entered,Southeast,Gas,1997,NY,1,6,BUICK,HUMAN,Not Applicable,ENVMT,Animal's Action,Not Applicable,1G4HP52K8VH504200
2018,15332275,SUBURBAN,PASSENGER OR SUBURBAN,Stopped in Traffic,Not Entered,Southeast,Gas,2016,NY,2,6,HONDA,HUMAN,Not Entered,HUMAN,Following Too Closely,Not Entered,5FNRL5H67GB077190
2018,15332276,4 DOOR SEDAN,PASSENGER OR SUBURBAN,Slowing or Stopping,Not Entered,Southeast,Gas,2010,NY,2,4,TOYOT,HUMAN,Not Entered,HUMAN,Not Entered,Not Entered,1NXBU4EE0AZ384330
2018,15251308,SUBURBAN,PASSENGER OR SUBURBAN,Going Straight Ahead,Not Entered,East,Gas,2016,NY,2,4,HONDA,HUMAN,Not Applicable,HUMAN,Not Applicable,Not Applicable,2HKRM4H75GH616567
2018,15251307,4 DOOR SEDAN,PASSENGER OR SUBURBAN,Making Left Turn,Not Entered,Southeast,Gas,2009,NY,1,4,HONDA,HUMAN,Not Applicable,HUMAN,Failure to Yield Right-of-Way,Not Applicable,2HGFA165X9H326852
2018,15251309,4 DOOR SEDAN,PASSENGER OR SUBURBAN,Going Straight Ahead,Not Entered,North,Gas,2003,NY,1,6,ACURA,HUMAN,Not Applicable,ENVMT,Animal's Action,Not Applicable,19UUA56613A089035
2018,15251313,SUBURBAN,SPECIAL PASSENGER,Going Straight Ahead,Not Entered,West,Gas,2004,NY,4,8,CADIL,HUMAN,Passing or Lane Usage Improper,HUMAN,Unsafe Lane Changing,Not Applicable,3GYFK66N24G238020
2018,15251312,4 DOOR SEDAN,PASSENGER OR SUBURBAN,Making Left Turn,Not Entered,South,Gas,2013,NY,1,4,SUBAR,HUMAN,Not Applicable,HUMAN,Not Applicable,Not Applicable,4S3BMBC60D3030581
2018,15251314,2 DOOR SEDAN,PASSENGER OR SUBURBAN,Going Straight Ahead,Not Entered,West,Gas,2007,NY,1,4,CHEVR,HUMAN,Not Applicable,ENVMT,Animal's Action,Not Applicable,1G1AK15F077352815
2018,15251316,4 DOOR SEDAN,PASSENGER OR SUBURBAN,Going Straight Ahead,Not Entered,South,Gas,2004,NY,1,4,TOYOT,HUMAN,Not Applicable,HUMAN,Passing or Lane Usage Improper,Not Applicable,4T1BE32K04U356355
2018,15251319,FLAT BED TRUCK,TOW TRUCK,Going Straight Ahead,Not Entered,West,Diesel,2016,NY,1,8,FORD,HUMAN,Not Applicable,HUMAN,Not Applicable,Not Applicable,1FDUF5HT9GEA46334
2018,15251318,4 DOOR SEDAN,PASSENGER OR SUBURBAN,Going Straight Ahead,Not Entered,East,Gas,2006,NY,1,4,PONTI,HUMAN,Unsafe Speed,ENVMT,Pavement Slippery,"Other Motor Vehicle, Collision With",5Y2SM65886Z454936
2018,15251320,4 DOOR SEDAN,PASSENGER OR SUBURBAN,Going Straight Ahead,Not Entered,West,Gas,2013,NY,1,4,HYUND,HUMAN,Driver Inexperience*,ENVMT,Pavement Slippery,Not Applicable,KMHDH4AE8DU687718
2018,15251327,4 DOOR SEDAN,ORGANIZATIONAL,Going Straight Ahead,Not Entered,North,Gas,2014,NY,1,4,CHRYS,HUMAN,Not Applicable,ENVMT,Animal's Action,Not Applicable,1C3CCBBB7EN186312
2018,15251333,SUBURBAN,PASSENGER OR SUBURBAN,Going Straight Ahead,Not Entered,North,Gas,2016,NY,1,4,ME/BE,HUMAN,Not Applicable,HUMAN,Not Applicable,Not Applicable,WDCTG4GB6GJ248825
2018,15251332,SUBURBAN,PASSENGER OR SUBURBAN,Making Left Turn,Not Entered,East,Gas,2016,NY,6,4,JEEP,HUMAN,Not Applicable,HUMAN,Failure to Yield Right-of-Way,Not Applicable,ZACCJBBT7GPE33901
2018,15251340,SUBURBAN,PASSENGER OR SUBURBAN,Going Straight Ahead,Not Entered,West,Gas,2013,NY,1,4,JEEP,HUMAN,Not Applicable,HUMAN,Driver Inattention/Distraction*,Not Applicable,1C4NJDEB3DD228349
2018,15251341,4 DOOR SEDAN,PASSENGER OR SUBURBAN,Stopped in Traffic,Not Entered,West,Gas,2014,NY,1,8,BMW,HUMAN,Not Applicable,HUMAN,Not Applicable,Not Applicable,WBA6B4C59ED760279
2018,15251342,SUBURBAN,PASSENGER OR SUBURBAN,Going Straight Ahead,Not Entered,North,Gas,2018,NY,1,6,SUBAR,HUMAN,Not Applicable,ENVMT,Animal's Action,Not Applicable,4S4BSENC5J3246699
2018,15251344,4 DOOR SEDAN,PASSENGER OR SUBURBAN,Going Straight Ahead,Not Entered,North,Gas,1999,NY,1,8,LEXUS,HUMAN,Unsafe Speed,ENVMT,Pavement Slippery,Not Entered,JT8BH68X8X0018020
2018,15251352,SUBURBAN,PASSENGER OR SUBURBAN,Going Straight Ahead,Not Entered,South,Gas,2004,NY,1,6,LEXUS,HUMAN,Unknown,ENVMT,View Obstructed/Limited,Not Applicable,JTJHA31U940014467
2018,15251351,SUBURBAN,PASSENGER OR SUBURBAN,Going Straight Ahead,Not Entered,South,Gas,2004,NY,1,6,JEEP,ENVMT,Pavement Slippery,ENVMT,View Obstructed/Limited,Not Applicable,1J4GW48S54C183890
2018,15251355,DUMP,POLITICAL SUBDIVISION,Backing,Not Entered,South,Diesel,2005,NY,1,8,FORD,HUMAN,Not Applicable,HUMAN,Backing Unsafely,Not Applicable,1FDAF56P05EC70940
2018,15251356,DELIVERY TRUCK,AGRICULTURAL TRUCK,Slowing or Stopping,Not Entered,North,Diesel,2001,NY,1,6,FREIG,HUMAN,Not Applicable,HUMAN,Not Applicable,Not Applicable,4UZAANBW31CJ22184
2018,15251358,4 DOOR SEDAN,PASSENGER OR SUBURBAN,Parked,Not Entered,South,Gas,2016,NY,0,4,FORD,HUMAN,Not Applicable,HUMAN,Unknown,Not Entered,3FA6P0HD5GR220960
2018,15251360,SUBURBAN,PASSENGER OR SUBURBAN,Going Straight Ahead,Not Entered,North,Gas,2017,NY,2,6,JAGUA,HUMAN,Not Applicable,HUMAN,Not Applicable,Not Applicable,SADCK2BV4HA497396
2018,15251359,SUBURBAN,PASSENGER OR SUBURBAN,Changing Lanes,Not Entered,North,Gas,2015,NY,2,6,ME/BE,HUMAN,Not Applicable,HUMAN,Unsafe Lane Changing,Not Applicable,4JGDA5HB4FA500856
2018,15251362,4 DOOR SEDAN,PASSENGER OR SUBURBAN,Stopped in Traffic,Not Entered,North,Gas,2016,NY,2,4,HONDA,HUMAN,Not Applicable,HUMAN,Not Applicable,Not Applicable,19XFC2F71GE218709
2018,15251361,PICKUP TRUCK,COMMERCIAL,Backing,Not Entered,South,Diesel,2004,NY,1,8,FORD,HUMAN,Not Applicable,HUMAN,Backing Unsafely,Not Applicable,1FTSX31P94EC77868
2018,15251368,SUBURBAN,PASSENGER OR SUBURBAN,Slowing or Stopping,Not Entered,East,Gas,2013,NY,2,4,MAZDA,HUMAN,Not Applicable,HUMAN,Not Applicable,Not Applicable,JM3KE4DE4D0158765
2018,15251367,4 DOOR SEDAN,MEDICAL DOCTOR,Going Straight Ahead,Not Entered,East,Gas,2016,NY,1,8,BMW,HUMAN,Not Applicable,HUMAN,Following Too Closely,Not Applicable,WBA7F2C58GG420474
2018,15251370,SUBURBAN,PASSENGER OR SUBURBAN,Slowing or Stopping,Not Entered,East,Gas,2014,NY,1,6,HONDA,HUMAN,Not Applicable,HUMAN,Not Applicable,Not Applicable,5FNYF4H75EB055353
2018,15251369,4 DOOR SEDAN,PASSENGER OR SUBURBAN,Going Straight Ahead,Not Entered,East,Gas,2012,NY,1,4,VOLKS,HUMAN,Not Applicable,HUMAN,Following Too Closely,Not Applicable,WVWMP7AN4CE503005
2018,15251376,4 DOOR SEDAN,PASSENGER OR SUBURBAN,Stopped in Traffic,Not Entered,North,Gas,2017,NY,1,4,LINCO,HUMAN,Not Applicable,HUMAN,Not Applicable,Not Applicable,3LN6L5F99HR624424
2018,15251375,SUBURBAN,PASSENGER OR SUBURBAN,Slowing or Stopping,Not Entered,North,Gas,2013,NY,1,4,FORD,HUMAN,Not Applicable,HUMAN,Following Too Closely,Not Applicable,NM0LS7BNXDT146075
2018,15251378,SUBURBAN,PASSENGER OR SUBURBAN,Parked,Not Entered,North,Gas,2003,NY,0,8,DODGE,HUMAN,Not Applicable,HUMAN,Not Applicable,Not Applicable,1D4HS38N03F622391
2018,15251377,4 DOOR SEDAN,PASSENGER OR SUBURBAN,Going Straight Ahead,Not Entered,North,Gas,2012,NY,2,6,INFIN,HUMAN,Not Applicable,HUMAN,Unsafe Speed,Not Applicable,JN1CV6AR0CM978674
2018,15251381,SUBURBAN,PASSENGER OR SUBURBAN,Going Straight Ahead,Not Entered,North,Gas,2014,NY,1,6,HONDA,HUMAN,Not Applicable,ENVMT,Pavement Slippery,Not Applicable,5FNYF4H59EB041051
2018,15251385,4 DOOR SEDAN,PASSENGER OR SUBURBAN,Starting in Traffic,Not Entered,North,Gas,2016,NY,1,6,CADIL,HUMAN,Not Applicable,HUMAN,Not Applicable,Not Applicable,1G6KF5RS1GU150147
2018,15251384,4 DOOR SEDAN,PASSENGER OR SUBURBAN,Making Left Turn,Not Entered,South,Gas,2004,NY,2,6,INFIN,HUMAN,Not Applicable,HUMAN,Failure to Yield Right-of-Way,Not Applicable,JNKDA31AX4T206761
2018,15251394,4 DOOR SEDAN,PASSENGER OR SUBURBAN,Making Right Turn,Not Entered,Northeast,Gas,2013,NY,1,4,HONDA,HUMAN,Not Applicable,HUMAN,Unsafe Speed,Not Applicable,1HGCR2F31DA085593
2018,15251391,DUMP,STATE,Going Straight Ahead,Not Entered,South,Diesel,2010,NY,1,6,MACK,HUMAN,Not Applicable,HUMAN,Not Applicable,Not Applicable,1M2AX02C2AM001213
2018,15251393,2 DOOR SEDAN,PASSENGER OR SUBURBAN,Slowing or Stopping,Not Entered,South,Gas,2006,NY,1,4,HONDA,HUMAN,Not Applicable,HUMAN,Not Applicable,Not Applicable,2HGFG12666H516625
2018,15251392,4 DOOR SEDAN,PASSENGER OR SUBURBAN,Slowing or Stopping,Not Entered,South,Gas,2016,NY,1,4,TOYOT,HUMAN,Following Too Closely,ENVMT,Pavement Slippery,Not Applicable,2T1BURHE5GC671830
2018,15251396,SUBURBAN,PASSENGER OR SUBURBAN,Going Straight Ahead,Not Entered,West,Gas,2006,NY,1,4,MAZDA,HUMAN,Not Applicable,HUMAN,Not Applicable,Not Entered,JM1CR29L560107789
2018,15251395,SUBURBAN,PASSENGER OR SUBURBAN,Backing,Not Entered,South,Gas,2017,NY,1,6,GMC,HUMAN,Not Applicable,HUMAN,Failure to Yield Right-of-Way,Not Entered,1GKKVSKD0HJ277702
2018,15251403,2 DOOR SEDAN,PASSENGER OR SUBURBAN,Going Straight Ahead,Not Entered,South,Gas,2006,NY,3,4,CHEVR,HUMAN,Not Applicable,ENVMT,Pavement Slippery,Not Applicable,1G1AL15F567834725
2018,15251400,SUBURBAN,PASSENGER OR SUBURBAN,Stopped in Traffic,Not Entered,South,Gas,2016,NY,1,6,JEEP,HUMAN,Not Applicable,HUMAN,Not Applicable,Not Applicable,1C4AJWAG1GL301417
2018,15251399,DUMP,POLITICAL SUBDIVISION,Backing,Not Entered,South,Diesel,2005,NY,1,6,STERL,HUMAN,Not Applicable,HUMAN,Backing Unsafely,Not Applicable,2FZAAWDC15AU32006
2018,15251402,SUBURBAN,PASSENGER OR SUBURBAN,Parked,Not Entered,North,Gas,2016,NY,1,4,SUBAR,HUMAN,Not Applicable,HUMAN,Not Applicable,Not Applicable,JF2SJAFC2GH471545
2018,15251401,SUBURBAN,PASSENGER OR SUBURBAN,Going Straight Ahead,Not Entered,North,Gas,2016,NY,1,6,GMC,HUMAN,Not Applicable,HUMAN,Passing Too Closely,Not Applicable,1GKKVRKD1GJ106240
2018,15251408,PICKUP TRUCK,PASSENGER OR SUBURBAN,Stopped in Traffic,Not Entered,West,Gas,2017,NY,1,8,RAM,HUMAN,Not Applicable,HUMAN,Not Applicable,Not Applicable,1C6RR7NT2HS774640
2018,15251407,4 DOOR SEDAN,PASSENGER OR SUBURBAN,Going Straight Ahead,Not Entered,West,Gas,2017,NY,1,4,FORD,HUMAN,Not Applicable,HUMAN,Following Too Closely,Not Applicable,3FA6P0HD3HR118364
2018,15251406,SUBURBAN,PASSENGER OR SUBURBAN,Going Straight Ahead,Not Entered,West,Gas,2011,NY,1,8,LA/RO,HUMAN,Driver Inattention/Distraction*,HUMAN,Following Too Closely,"Other Motor Vehicle, Collision With",SALAG2D44BA562675
2018,15251410,4 DOOR SEDAN,PASSENGER OR SUBURBAN,Going Straight Ahead,Not Entered,West,Gas,2012,NY,1,6,LEXUS,HUMAN,Not Applicable,HUMAN,Failure to Yield Right-of-Way,Not Entered,JTHBK1EG9C2475541
2018,15251409,SUBURBAN,PASSENGER OR SUBURBAN,Going Straight Ahead,Not Entered,South,Gas,2016,NY,1,6,KIA,HUMAN,Not Applicable,HUMAN,Failure to Yield Right-of-Way,Not Applicable,5XYPKDA57GG075356
2018,15251415,PICKUP TRUCK,PASSENGER OR SUBURBAN,Making Right Turn,Not Entered,Northeast,Gas,2015,NY,1,8,RAM,HUMAN,Not Applicable,HUMAN,Failure to Yield Right-of-Way,Not Applicable,1C6RR7FT8FS665823
2018,15251418,4 DOOR SEDAN,PASSENGER OR SUBURBAN,Going Straight Ahead,Not Entered,West,Gas,2010,NY,1,4,MAZDA,HUMAN,Not Applicable,HUMAN,Not Applicable,Not Entered,JM1BL1SG9A1343854
2018,15251417,4 DOOR SEDAN,PASSENGER OR SUBURBAN,Making U Turn,Not Entered,South,Gas,2004,NY,4,8,ME/BE,HUMAN,Failure to Yield Right-of-Way,HUMAN,Passing or Lane Usage Improper,Not Applicable,WDBUF70J94A425538
2018,15251420,4 DOOR SEDAN,PASSENGER OR SUBURBAN,Slowing or Stopping,Not Entered,East,Gas,2008,NY,1,6,AUDI,HUMAN,Not Applicable,HUMAN,Not Applicable,Not Applicable,WAUDH74F58N128831
2018,15251419,4 DOOR SEDAN,PASSENGER OR SUBURBAN,Going Straight Ahead,Not Entered,East,Gas,2009,NY,1,4,CHEVR,HUMAN,Not Applicable,HUMAN,Following Too Closely,Not Applicable,1G1AT58H597285214
2018,15251426,SUBURBAN,PASSENGER OR SUBURBAN,Changing Lanes,Not Entered,South,Gas,1999,NY,1,6,JEEP,HUMAN,Not Applicable,HUMAN,Passing or Lane Usage Improper,Not Applicable,1J4GW68S9XC555330
2018,15251433,SUBURBAN,PASSENGER OR SUBURBAN,Parked,Not Entered,West,Gas,2002,NY,0,4,HONDA,HUMAN,Not Applicable,HUMAN,Not Applicable,Not Applicable,JHLRD78452C089127
2018,15251432,PICKUP TRUCK,PASSENGER OR SUBURBAN,Parked,Not Entered,West,Gas,2016,NY,0,8,RAM,HUMAN,Not Applicable,HUMAN,Not Applicable,Not Applicable,1C6RR7FT9GS297315
2018,15251431,4 DOOR SEDAN,PASSENGER OR SUBURBAN,Going Straight Ahead,Not Entered,West,Gas,2013,NY,1,4,HYUND,HUMAN,Not Applicable,ENVMT,Pavement Slippery,"Other Motor Vehicle, Collision With",5NPEB4AC6DH628721
2018,15251430,4 DOOR SEDAN,PASSENGER OR SUBURBAN,Going Straight Ahead,Not Entered,Northeast,Gas,2014,NY,3,6,NISSA,HUMAN,Not Applicable,ENVMT,Pavement Slippery,Not Applicable,1N4AA5AP7EC908290
2018,15251435,SUBURBAN,PASSENGER OR SUBURBAN,Going Straight Ahead,Not Entered,South,Gas,1996,NY,1,6,CHRYS,HUMAN,Not Applicable,HUMAN,Not Applicable,"Other Motor Vehicle, Collision With",1C4GP55R9TB233432
2018,15251434,4 DOOR SEDAN,PASSENGER OR SUBURBAN,Going Straight Ahead,Not Entered,West,Gas,1997,NY,1,4,TOYOT,HUMAN,Not Applicable,HUMAN,Failure to Yield Right-of-Way,"Other Motor Vehicle, Collision With",2T1BA02E2VC162952
2018,15251441,4 DOOR SEDAN,PASSENGER OR SUBURBAN,Going Straight Ahead,Not Entered,South,Gas,2017,NY,2,4,HONDA,HUMAN,Not Applicable,HUMAN,Not Applicable,Not Applicable,2HGFC2F51HH552664
2018,15251440,PICKUP TRUCK,PASSENGER OR SUBURBAN,Backing,Not Entered,East,Gas,2014,NY,1,8,RAM,HUMAN,Not Applicable,HUMAN,Backing Unsafely,Not Applicable,1C6RR7KT0ES357503
2018,15251457,4 DOOR SEDAN,PASSENGER OR SUBURBAN,Going Straight Ahead,Not Entered,North,Gas,2012,NY,1,4,HONDA,HUMAN,Not Applicable,HUMAN,Not Applicable,Not Applicable,19XFB2F53CE374682
2018,15251456,SUBURBAN,PASSENGER OR SUBURBAN,Making Right Turn,Not Entered,West,Diesel,2015,NY,1,6,RAM,HUMAN,Failure to Yield Right-of-Way,HUMAN,Turning Improperly,Not Applicable,3C6MR5AL1FG631901
2018,15251460,4 DOOR SEDAN,PASSENGER OR SUBURBAN,Going Straight Ahead,Not Entered,East,Gas,2008,NY,2,4,TOYOT,HUMAN,Not Applicable,HUMAN,Reaction to Other Uninvolved Vehicle,Not Applicable,1NXBR32E28Z982087
2018,15251464,4 DOOR SEDAN,PASSENGER OR SUBURBAN,Going Straight Ahead,Not Entered,North,Gas,2012,NY,1,4,HONDA,HUMAN,Not Applicable,ENVMT,Animal's Action,Not Applicable,1HGCP2F81CA083889
2018,15251461,4 DOOR SEDAN,PASSENGER OR SUBURBAN,Going Straight Ahead,Not Entered,West,Gas,2004,NY,1,4,TOYOT,HUMAN,Not Applicable,ENVMT,Pavement Slippery,"Fire Hydrant, Collision With Fixed Object",4T1BE32K74U849966
2018,15251467,PICKUP TRUCK,PASSENGER OR SUBURBAN,Going Straight Ahead,Not Entered,North,Gas,1998,NY,1,8,DODGE,HUMAN,Not Applicable,ENVMT,Pavement Slippery,"Light Support/Utility Pole, Collision With Fixed Object",3B6MF3657WM229015
2018,15251466,SUBURBAN,PASSENGER OR SUBURBAN,Parked,Not Entered,North,Gas,2008,NY,0,4,HONDA,HUMAN,Not Applicable,HUMAN,Not Applicable,Not Applicable,JHLRE48578C080572
2018,15251465,SUBURBAN,PASSENGER OR SUBURBAN,Backing,Not Entered,West,Gas,2002,NY,1,6,CHEVR,HUMAN,Not Applicable,ENVMT,Pavement Slippery,Not Applicable,1GNET16S426103277
2018,15251469,4 DOOR SEDAN,PASSENGER OR SUBURBAN,Going Straight Ahead,Not Entered,East,Gas,2012,NY,2,4,TOYOT,HUMAN,Not Applicable,HUMAN,Not Applicable,Not Applicable,2T1KU4EEXCC840564
2018,15251468,4 DOOR SEDAN,PASSENGER OR SUBURBAN,Making Right Turn,Not Entered,Southwest,Gas,2015,NY,1,6,CHRYS,HUMAN,Turning Improperly,HUMAN,Unsafe Speed,Not Applicable,1C3CCCDG6FN615696
2018,15251473,4 DOOR SEDAN,PASSENGER OR SUBURBAN,Going Straight Ahead,Not Entered,East,Gas,2009,NY,1,6,VOLVO,HUMAN,Failure to Yield Right-of-Way,ENVMT,Pavement Slippery,Not Applicable,YV1AS982891092078
2018,15251472,4 DOOR SEDAN,PASSENGER OR SUBURBAN,Going Straight Ahead,Not Entered,South,Gas,2012,NY,1,4,TOYOT,HUMAN,Not Applicable,HUMAN,Not Applicable,Not Applicable,4T1BF1FK1CU048508
2018,15251480,BUS (OMNIBUS),POLITICAL SUBDIVISION,Going Straight Ahead,Not Entered,South,Compressed Natural Gas,2015,NY,1,6,NE/FL,HUMAN,Not Applicable,HUMAN,Not Applicable,Not Applicable,5FYC8FB16FF047635
2018,15251479,SUBURBAN,PASSENGER OR SUBURBAN,Parked,Not Entered,South,Gas,2017,NY,1,4,VOLKS,HUMAN,Unknown,HUMAN,Driver Inattention/Distraction*,Not Applicable,WVGBV7AX1HK004097
2018,15251484,PICKUP TRUCK,PASSENGER OR SUBURBAN,Going Straight Ahead,Not Entered,East,Gas,2017,NY,1,6,FORD,HUMAN,Not Applicable,HUMAN,Not Applicable,Not Applicable,1FTEW1EG6HFA69056
2018,15251483,VAN TRUCK,PASSENGER OR SUBURBAN,Making Left Turn,Not Entered,South,Gas,1997,NY,1,6,DODGE,HUMAN,Failure to Yield Right-of-Way,VEHICLE,Other*,Not Applicable,2B7HB11X7VK543947
2018,15251486,4 DOOR SEDAN,PASSENGER OR SUBURBAN,Going Straight Ahead,Not Entered,East,Gas,2012,NY,1,6,VOLVO,HUMAN,Not Applicable,HUMAN,Not Applicable,Not Applicable,YV1902FH4C2083094
2018,15251485,4 DOOR SEDAN,PASSENGER OR SUBURBAN,Going Straight Ahead,Not Entered,East,Gas,1993,NY,1,4,TOYOT,HUMAN,Following Too Closely,ENVMT,Pavement Slippery,Not Applicable,4T1SK12E5PU322844
2018,15251487,4 DOOR SEDAN,PASSENGER OR SUBURBAN,Going Straight Ahead,Not Entered,North,Gas,2004,NY,1,4,HYUND,HUMAN,Unsafe Speed,HUMAN,Failure to Keep Right,"Light Support/Utility Pole, Collision With Fixed Object",KM8SB12B44U854877
2018,15251488,2 DOOR SEDAN,PASSENGER OR SUBURBAN,Making Right Turn,Not Entered,West,Gas,2010,NY,1,8,DODGE,HUMAN,Not Applicable,ENVMT,Pavement Slippery,Not Applicable,2B3CJ5DT1AH175349
2018,15251489,SUBURBAN,PASSENGER OR SUBURBAN,Going Straight Ahead,Not Entered,East,Gas,2017,NY,1,4,NISSA,HUMAN,Unsafe Speed,ENVMT,Pavement Slippery,Not Applicable,JN1BJ1CR0HW111875
2018,15251494,PICKUP TRUCK,AGRICULTURAL TRUCK,Going Straight Ahead,Not Entered,West,Gas,2016,NY,1,6,CHEVR,HUMAN,Not Applicable,HUMAN,Not Applicable,Not Applicable,1GCGTDE31G1170808
2018,15251493,4 DOOR SEDAN,PASSENGER OR SUBURBAN,Going Straight Ahead,Not Entered,West,Gas,1997,NY,1,8,LINCO,HUMAN,Not Applicable,ENVMT,Pavement Slippery,Not Applicable,1LNLM82WXVY690393
2018,15251506,SUBURBAN,ORGANIZATIONAL,Making Left Turn,Not Entered,Northwest,Gas,2015,NY,1,4,SUBAR,HUMAN,Not Applicable,HUMAN,Unknown,Not Applicable,JF2SJADC1FH801323
2018,15251505,PICKUP TRUCK,PASSENGER OR SUBURBAN,Going Straight Ahead,Not Entered,East,Gas,2000,NY,1,6,FORD,HUMAN,Not Applicable,HUMAN,Unknown,Not Applicable,1FTYR14X1YTA19804
2018,15251504,4 DOOR SEDAN,PASSENGER OR SUBURBAN,Stopped in Traffic,Not Entered,East,Gas,2014,NY,1,4,HONDA,HUMAN,Not Applicable,HUMAN,Not Applicable,Not Applicable,1HGCR2F55EA152392
2018,15251503,PICKUP TRUCK,PASSENGER OR SUBURBAN,Going Straight Ahead,Not Entered,East,Gas,2013,NY,1,8,CHEVR,HUMAN,Following Too Closely,ENVMT,Pavement Slippery,Not Applicable,1GCRKSE7XDZ298545
2018,15251509,SUBURBAN,PASSENGER OR SUBURBAN,Going Straight Ahead,Not Entered,Northeast,Gas,2006,NY,2,6,SUBAR,VEHICLE,Steering Failure,ENVMT,Pavement Slippery,Not Applicable,4S4WX86CX64411845
2018,15251510,4 DOOR SEDAN,PASSENGER OR SUBURBAN,Going Straight Ahead,Not Entered,East,Gas,2012,NY,1,4,VOLKS,HUMAN,Not Applicable,ENVMT,Animal's Action,Not Applicable,3VW1K7AJ7CM382248
2018,15251518,PICKUP TRUCK,PASSENGER OR SUBURBAN,Going Straight Ahead,Not Entered,West,Gas,2007,NY,2,8,CHEVR,HUMAN,Not Applicable,HUMAN,Not Applicable,"Tree, Collision With Fixed Object",1GCHK29U77E137626
2018,15251517,PICKUP TRUCK,PASSENGER OR SUBURBAN,Going Straight Ahead,Not Entered,East,Gas,2004,NY,2,8,DODGE,HUMAN,Driver Inexperience*,ENVMT,Pavement Slippery,Not Applicable,1D7HA16N34J149727
2018,15251519,SUBURBAN,PASSENGER OR SUBURBAN,Going Straight Ahead,Not Entered,South,Gas,2006,NY,1,6,CHEVR,HUMAN,Passing or Lane Usage Improper,ENVMT,Obstruction/ Debris,"Light Support/Utility Pole, Collision With Fixed Object",2CNDL73F366141223
2018,15251526,4 DOOR SEDAN,PASSENGER OR SUBURBAN,Making Left Turn,Not Entered,Northwest,Gas,2004,NY,1,6,KIA,HUMAN,Not Applicable,ENVMT,Pavement Slippery,"Earth Embankment/Rock Cut/Ditch, Collision With Fixed Object",KNALD124045031908
2018,15251527,SUBURBAN,PASSENGER OR SUBURBAN,Going Straight Ahead,Not Entered,West,Gas,2015,NY,1,4,JEEP,ENVMT,Obstruction/ Debris,ENVMT,Pavement Slippery,"Earth Embankment/Rock Cut/Ditch, Collision With Fixed Object",1C4PJMCB6FW589190
2018,15251533,SUBURBAN,PASSENGER OR SUBURBAN,Stopped in Traffic,Not Entered,East,Gas,2013,NY,2,4,SUBAR,HUMAN,Not Applicable,HUMAN,Not Applicable,Not Applicable,JF1GPAD68DH855704
2018,15251532,PICKUP TRUCK,PASSENGER OR SUBURBAN,Backing,Not Entered,West,Gas,2015,NY,2,6,CHEVR,HUMAN,Not Applicable,HUMAN,Backing Unsafely,Not Applicable,1GCRCREH1FZ240616
2018,15251542,SUBURBAN,PASSENGER OR SUBURBAN,Going Straight Ahead,Not Entered,West,Gas,2013,NY,1,4,TOYOT,HUMAN,Not Applicable,HUMAN,Not Applicable,Not Applicable,2T3DFREV3DW001170
2018,15251541,4 DOOR SEDAN,PASSENGER OR SUBURBAN,Going Straight Ahead,Not Entered,Northeast,Gas,2012,NY,1,4,HONDA,HUMAN,Unsafe Speed,ENVMT,Pavement Slippery,Not Applicable,1HGCP2F61CA171940
2018,15251552,4 DOOR SEDAN,PASSENGER OR SUBURBAN,Going Straight Ahead,Not Entered,North,Gas,2001,NY,1,4,TOYOT,HUMAN,Not Applicable,ENVMT,Pavement Slippery,Not Applicable,2T1BR12E11C472213