Year,Case Vehicle ID,Vehicle Body Type,Registration Class,Action Prior to Accident,Type / Axles of Truck or Bus,Direction of Travel,Fuel Type,Vehicle Year,State of Registration,Number of Occupants,Engine Cylinders,Vehicle Make,Contributing Factor 1,Contributing Factor 1 Description,Contributing Factor 2,Contributing Factor 2 Description,Event Type,Partial VIN
2018,15251555,SUBURBAN,PASSENGER OR SUBURBAN,Stopped in Traffic,Not Entered,West,Gas,2010,NY,2,8,GMC,HUMAN,Not Applicable,HUMAN,Not Applicable,Not Applicable,1GKUKCE02AR162820
2018,15251554,SUBURBAN,PASSENGER OR SUBURBAN,Slowing or Stopping,Not Entered,West,Gas,2006,NY,4,6,CHRYS,HUMAN,Unknown,ENVMT,Pavement Slippery,Not Applicable,1A4GP45R56B548883
2018,15251557,SUBURBAN,PASSENGER OR SUBURBAN,Making Left Turn,Not Entered,Southwest,Gas,2016,NY,1,6,CHRYS,HUMAN,Failure to Yield Right-of-Way,ENVMT,View Obstructed/Limited,Not Applicable,2C4RC1BGXGR111363
2018,15251556,4 DOOR SEDAN,OMNIBUS - LIVERY,Going Straight Ahead,Not Entered,East,Gas,2013,NY,1,4,TOYOT,HUMAN,Not Applicable,HUMAN,Not Applicable,Not Applicable,4T1BF1FK3DU235668
2018,15251558,DUMP,COMMERCIAL,Slowing or Stopping,Not Entered,South,Diesel,1997,NY,1,6,GMC,HUMAN,Not Applicable,ENVMT,Pavement Slippery,Not Applicable,1GDP7H1J6VJ513931
2018,15251565,SUBURBAN,PASSENGER OR SUBURBAN,Going Straight Ahead,Not Entered,North,Gas,2004,NY,1,4,CHRYS,HUMAN,Not Applicable,ENVMT,Animal's Action,Not Applicable,3C4FY58B14T240852
2018,15251567,2 DOOR SEDAN,PASSENGER OR SUBURBAN,Parked,Not Entered,West,Gas,2007,NY,0,4,PONTI,HUMAN,Not Applicable,HUMAN,Not Applicable,Not Applicable,1G2AL15F877341053
2018,15251566,4 DOOR SEDAN,PASSENGER OR SUBURBAN,Going Straight Ahead,Not Entered,Northwest,Gas,2017,NY,1,4,NISSA,HUMAN,Unsafe Speed,ENVMT,Pavement Slippery,Not Applicable,3N1AB7AP8HY220462
2018,15251568,SUBURBAN,PASSENGER OR SUBURBAN,Going Straight Ahead,Not Entered,East,Gas,2015,NY,1,4,SUBAR,HUMAN,Not Applicable,ENVMT,Pavement Slippery,Not Applicable,JF2SJAHC2FH595035
2018,15251569,SUBURBAN,ORGANIZATIONAL,Going Straight Ahead,Not Entered,South,Gas,2015,NY,1,4,TOYOT,HUMAN,Not Applicable,ENVMT,Animal's Action,Not Applicable,2T3DFREV4FW365536
2018,15251571,SUBURBAN,PASSENGER OR SUBURBAN,Going Straight Ahead,Not Entered,West,Gas,2017,NY,1,4,HONDA,HUMAN,Not Applicable,HUMAN,Not Applicable,Not Applicable,3CZRU6H71HM733533
2018,15251570,4 DOOR SEDAN,PASSENGER OR SUBURBAN,Going Straight Ahead,Not Entered,West,Gas,2000,NY,1,6,TOYOT,HUMAN,Following Too Closely,HUMAN,Unsafe Speed,Not Applicable,4T1BF22K7YU105054
2018,15251573,UTILITY,COMMERCIAL,Going Straight Ahead,Not Entered,South,Diesel,2014,NY,2,6,FREIG,HUMAN,Not Applicable,HUMAN,Not Applicable,Not Applicable,3ALDCYDT4EDFH9037
2018,15251572,PICKUP TRUCK,PASSENGER OR SUBURBAN,Going Straight Ahead,Not Entered,North,Gas,2004,NY,1,5,CHEVR,HUMAN,Not Applicable,ENVMT,Pavement Slippery,Not Applicable,1GCDT196248164816
2018,15251576,SUBURBAN,PASSENGER OR SUBURBAN,Going Straight Ahead,Not Entered,South,Gas,2003,NY,1,6,TOYOT,HUMAN,Not Applicable,HUMAN,Failure to Yield Right-of-Way,Not Applicable,JTEHF21A730145010
2018,15251575,UNKNOWN VEHICLE,POLITICAL SUBDIVISION,Slowing or Stopping,Not Entered,North,Gas,1965,NY,1,0,OLICR,HUMAN,Not Applicable,HUMAN,Not Applicable,Not Applicable,801312164PL
2018,15251577,SUBURBAN,PASSENGER OR SUBURBAN,Going Straight Ahead,Not Entered,North,Gas,2013,NY,1,4,CHEVR,HUMAN,Not Applicable,ENVMT,Animal's Action,Not Entered,2GNFLEEK6D6378661
2018,15251582,DUMP,COMMERCIAL,Going Straight Ahead,Not Entered,West,Diesel,2014,NY,1,6,RAM,HUMAN,Not Applicable,HUMAN,Backing Unsafely,Not Applicable,3C7WRNAL7EG107560
2018,15251581,4 DOOR SEDAN,PASSENGER OR SUBURBAN,Stopped in Traffic,Not Entered,West,Gas,2004,NY,1,4,HYUND,HUMAN,Following Too Closely,ENVMT,Pavement Slippery,Not Applicable,KMHDN46D64U767298
2018,15251580,SUBURBAN,PASSENGER OR SUBURBAN,Going Straight Ahead,Not Entered,South,Gas,2017,NY,2,6,ACURA,HUMAN,Unsafe Speed,ENVMT,Pavement Slippery,Not Applicable,5J8TB4H36HL039992
2018,15251585,2 DOOR SEDAN,PASSENGER OR SUBURBAN,Going Straight Ahead,Not Entered,North,Gas,2015,NY,1,4,FORD,HUMAN,Unsafe Speed,ENVMT,Pavement Slippery,Not Applicable,1FA6P8TH6F5397009
2018,15251587,PICKUP TRUCK,AGRICULTURAL COMMERCIAL,Going Straight Ahead,Not Entered,North,Diesel,2001,NY,1,8,FORD,HUMAN,Unknown,HUMAN,Unknown,Not Applicable,1FTNX21F41EC85113
2018,15251586,PICKUP TRUCK,PASSENGER OR SUBURBAN,Going Straight Ahead,Not Entered,Southeast,Gas,2003,NY,1,6,DODGE,HUMAN,Unknown,HUMAN,Unknown,Not Applicable,1D7GG16XX3S295174
2018,15251588,4 DOOR SEDAN,PASSENGER OR SUBURBAN,Going Straight Ahead,Not Entered,Southwest,Gas,1995,NY,1,4,MAZDA,HUMAN,Unsafe Speed,ENVMT,Pavement Slippery,Not Applicable,JM1BA141XS0148884
2018,15251591,SUBURBAN,PASSENGER OR SUBURBAN,Going Straight Ahead,Not Entered,Southwest,Gas,2016,NY,1,4,MITSU,HUMAN,Unsafe Speed,ENVMT,Pavement Slippery,Not Applicable,JA4AZ3A31GZ007642
2018,15251595,SUBURBAN,OMNIBUS - TAXI,Making Left Turn,Not Entered,Northwest,Gas,2012,NY,1,8,CHEVR,HUMAN,Not Applicable,HUMAN,Following Too Closely,Not Applicable,1GNSKJE73CR216186
2018,15251594,4 DOOR SEDAN,OMNIBUS - LIVERY,Stopped in Traffic,Not Entered,East,Gas,2011,NY,1,4,TOYOT,HUMAN,Not Applicable,HUMAN,Not Applicable,Not Applicable,4T1BF3EK7BU637302
2018,15251597,4 DOOR SEDAN,PASSENGER OR SUBURBAN,Parked,Not Entered,East,Gas,2013,NY,1,4,ACURA,HUMAN,Not Applicable,HUMAN,Not Applicable,Not Applicable,19VDE1F70DE008327
2018,15251596,SUBURBAN,PASSENGER OR SUBURBAN,Going Straight Ahead,Not Entered,East,Gas,2004,NY,1,6,JEEP,ENVMT,Pavement Slippery,ENVMT,View Obstructed/Limited,Not Applicable,1J4GL48K84W329738
2018,15251598,4 DOOR SEDAN,PASSENGER OR SUBURBAN,Going Straight Ahead,Not Entered,South,Gas,2006,NY,1,4,HYUND,HUMAN,Not Applicable,HUMAN,Unsafe Speed,Not Applicable,KMHDN46D46U222641
2018,15251599,4 DOOR SEDAN,PASSENGER OR SUBURBAN,Slowing or Stopping,Not Entered,Southwest,Gas,2015,NY,1,4,HYUND,HUMAN,Reaction to Other Uninvolved Vehicle,ENVMT,Pavement Slippery,Not Entered,KMHCT4AE8FU877189
2018,15251600,4 DOOR SEDAN,PASSENGER OR SUBURBAN,Going Straight Ahead,Not Entered,East,Gas,2001,NY,2,4,HYUND,HUMAN,Not Applicable,ENVMT,Pavement Slippery,Not Applicable,KMHWF25S91A425187
2018,15251604,DUMP,POLITICAL SUBDIVISION,Going Straight Ahead,Not Entered,Northeast,Diesel,2015,NY,1,6,INTER,HUMAN,Not Applicable,HUMAN,Not Applicable,Not Applicable,1HTGRSNT8FH718668
2018,15251603,SUBURBAN,PASSENGER OR SUBURBAN,Going Straight Ahead,Not Entered,Southwest,Gas,2017,NY,1,4,JEEP,HUMAN,Failure to Keep Right,ENVMT,Pavement Slippery,Not Applicable,1C4PJMCB3HW556361
2018,15251605,SUBURBAN,PASSENGER OR SUBURBAN,Going Straight Ahead,Not Entered,East,Gas,1999,NY,1,6,NISSA,HUMAN,Unsafe Speed,ENVMT,Pavement Slippery,"Light Support/Utility Pole, Collision With Fixed Object",JN8AR05Y2XW311952
2018,15251606,SUBURBAN,PASSENGER OR SUBURBAN,Going Straight Ahead,Not Entered,North,Gas,2016,NY,2,4,JEEP,HUMAN,Not Applicable,ENVMT,Animal's Action,Not Applicable,ZACCJBBTXGPD42878
2018,15251607,PICKUP TRUCK,PASSENGER OR SUBURBAN,Going Straight Ahead,Not Entered,West,Gas,2011,NY,1,8,DODGE,HUMAN,Not Applicable,ENVMT,Animal's Action,Not Applicable,1D7RV1GT0BS508805
2018,15251611,VAN TRUCK,AGRICULTURAL TRUCK,Parked,Not Entered,East,Gas,2012,NY,0,8,FORD,HUMAN,Not Applicable,HUMAN,Not Applicable,Not Applicable,1FTNE1EW1CDA24010
2018,15251610,VAN TRUCK,COMMERCIAL,Going Straight Ahead,Not Entered,East,Diesel,2012,NY,1,6,INTER,HUMAN,Not Applicable,HUMAN,Passing or Lane Usage Improper,Not Applicable,3HAMMAAL6CL043622
2018,15251615,SUBURBAN,SPECIAL PASSENGER,Going Straight Ahead,Not Entered,West,Gas,2013,NY,1,6,TOYOT,HUMAN,Not Applicable,HUMAN,Not Applicable,Not Applicable,5TDBK3EH5DS261727
2018,15251614,SUBURBAN,PASSENGER OR SUBURBAN,Making Right Turn,Not Entered,Northeast,Gas,2014,NY,1,6,DODGE,HUMAN,Turning Improperly,ENVMT,Pavement Slippery,Not Applicable,2C4RDGCG7ER390881
2018,15251616,4 DOOR SEDAN,PASSENGER OR SUBURBAN,Going Straight Ahead,Not Entered,North,Gas,2014,NY,1,4,TOYOT,HUMAN,Not Applicable,ENVMT,Animal's Action,Not Applicable,4T1BD1FK3EU108054
2018,15251617,SUBURBAN,PASSENGER OR SUBURBAN,Backing,Not Entered,East,Gas,2017,NY,1,6,CHEVR,HUMAN,Not Applicable,HUMAN,Driver Inattention/Distraction*,Not Applicable,1GNKRFKD7HJ305798
2018,15251619,4 DOOR SEDAN,PASSENGER OR SUBURBAN,Going Straight Ahead,Not Entered,Northwest,Gas,2008,NY,1,6,FORD,HUMAN,Not Applicable,ENVMT,Pavement Slippery,Not Applicable,3FAHP08198R201988
2018,15251625,4 DOOR SEDAN,PASSENGER OR SUBURBAN,Going Straight Ahead,Not Entered,South,Gas,2010,NY,1,6,BUICK,HUMAN,Not Applicable,HUMAN,Not Applicable,Not Applicable,1G4GC5EG1AF301072
2018,15251624,4 DOOR SEDAN,PASSENGER OR SUBURBAN,Slowing or Stopping,Not Entered,East,Gas,2011,NY,2,4,CHEVR,VEHICLE,Tire Failure/Inadequate,ENVMT,Pavement Slippery,Not Applicable,1G1PC5SH7B7257519
2018,15251621,4 DOOR SEDAN,PASSENGER OR SUBURBAN,Stopped in Traffic,Not Entered,Southwest,Gas,2013,NY,2,4,CHEVR,HUMAN,Not Applicable,HUMAN,Not Applicable,Not Applicable,1G11F5RR4DF115391
2018,15251620,4 DOOR SEDAN,PASSENGER OR SUBURBAN,Making Right Turn,Not Entered,Northeast,Gas,2013,NY,1,4,FORD,HUMAN,Turning Improperly,ENVMT,Pavement Slippery,Not Applicable,3FA6P0H70DR293000
2018,15251623,SUBURBAN,PASSENGER OR SUBURBAN,Stopped in Traffic,Not Entered,North,Gas,2008,NY,1,6,FORD,HUMAN,Not Applicable,HUMAN,Not Applicable,Not Applicable,1FMCU94188KE65145
2018,15251622,PICKUP TRUCK,PASSENGER OR SUBURBAN,Going Straight Ahead,Not Entered,North,Gas,2014,NY,1,6,FORD,HUMAN,Following Too Closely,ENVMT,Pavement Slippery,Not Applicable,1FTFW1ET1EFA99305
2018,15251627,PICKUP TRUCK,PASSENGER OR SUBURBAN,Stopped in Traffic,Not Entered,South,Gas,2013,NY,2,8,CHEVR,HUMAN,Not Applicable,HUMAN,Not Applicable,Not Applicable,3GCPKSE79DG297166
2018,15251626,4 DOOR SEDAN,PASSENGER OR SUBURBAN,Going Straight Ahead,Not Entered,South,Gas,1997,NY,1,4,HONDA,HUMAN,Driver Inattention/Distraction*,HUMAN,Following Too Closely,Not Applicable,1HGCD5556VA225111
2018,15251633,TRACTOR,INTERNATIONAL REGISTRATION,Going Straight Ahead,Not Entered,South,Diesel,2016,NY,1,6,INTER,HUMAN,Not Applicable,HUMAN,Not Applicable,Not Applicable,3HSDJAPR6GN226349
2018,15251632,4 DOOR SEDAN,PASSENGER OR SUBURBAN,Changing Lanes,Not Entered,South,Gas,2007,NY,1,4,HONDA,HUMAN,Not Applicable,HUMAN,Unsafe Lane Changing,Not Applicable,JHMFA36257S002292
2018,15251629,4 DOOR SEDAN,PASSENGER OR SUBURBAN,Parked,Not Entered,South,Gas,1994,NY,0,8,CHEVR,HUMAN,Not Applicable,HUMAN,Not Applicable,Not Entered,1G1BN52PXRR166710
2018,15251628,SUBURBAN,PASSENGER OR SUBURBAN,Going Straight Ahead,Not Entered,North,Gas,2002,NY,1,8,CADIL,ENVMT,Obstruction/ Debris,ENVMT,Pavement Slippery,Not Entered,1GYEK63N92R279483
2018,15251635,4 DOOR SEDAN,PASSENGER OR SUBURBAN,Making Left Turn,Not Entered,East,Gas,2003,NY,1,4,SAAB,HUMAN,Failure to Yield Right-of-Way,HUMAN,Turning Improperly,Not Entered,YS3FD49YX31032587
2018,15251636,4 DOOR SEDAN,PASSENGER OR SUBURBAN,Going Straight Ahead,Not Entered,South,Gas,2016,NY,1,4,NISSA,HUMAN,Not Applicable,HUMAN,Not Applicable,Not Entered,1N4AL3AP5GC270817
2018,15251642,SUBURBAN,PASSENGER OR SUBURBAN,Going Straight Ahead,Not Entered,North,Gas,2017,NY,1,4,BMW,HUMAN,Not Applicable,ENVMT,Pavement Slippery,"Snow Embankment, Collision With Fixed Object",WBXHT3Z31H4A58329
2018,15251644,SUBURBAN,PASSENGER OR SUBURBAN,Going Straight Ahead,Not Entered,East,Gas,2009,NY,1,6,HONDA,HUMAN,Not Applicable,HUMAN,Not Applicable,Not Applicable,5FNRL384X9B027681
2018,15251643,4 DOOR SEDAN,PASSENGER OR SUBURBAN,Going Straight Ahead,Not Entered,West,Gas,2008,NY,2,4,DODGE,HUMAN,Not Applicable,ENVMT,Pavement Slippery,Not Applicable,1B3HB48B48D774462
2018,15251649,4 DOOR SEDAN,PASSENGER OR SUBURBAN,Going Straight Ahead,Not Entered,South,Gas,2015,NY,1,4,CHEVR,HUMAN,Not Applicable,HUMAN,Not Applicable,Not Applicable,1G11A5SL2FF322367
2018,15251648,SUBURBAN,PASSENGER OR SUBURBAN,Changing Lanes,Not Entered,South,Gas,2008,NY,1,6,FORD,HUMAN,Following Too Closely,HUMAN,Unsafe Lane Changing,Not Applicable,2FMDK48C28BB02326
2018,15251651,SUBURBAN,PASSENGER OR SUBURBAN,Stopped in Traffic,Not Entered,East,Gas,2009,NY,1,6,HONDA,HUMAN,Not Applicable,HUMAN,Not Applicable,Not Applicable,5FNYF48569B034077
2018,15251650,4 DOOR SEDAN,PASSENGER OR SUBURBAN,Going Straight Ahead,Not Entered,East,Gas,2003,NY,1,4,TOYOT,HUMAN,Not Applicable,HUMAN,Following Too Closely,Not Applicable,4T1BE32K43U753016
2018,15251653,PICKUP TRUCK,ORGANIZATIONAL,Going Straight Ahead,Not Entered,Northwest,Gas,2008,NY,1,8,DODGE,HUMAN,Not Applicable,HUMAN,Not Applicable,Not Applicable,1D7HU16298J168172
2018,15251652,SUBURBAN,PASSENGER OR SUBURBAN,Going Straight Ahead,Not Entered,Southeast,Gas,1988,NY,1,6,JEEP,HUMAN,Not Applicable,ENVMT,Pavement Slippery,Not Applicable,2BCCV8112JB510792
2018,15251658,SUBURBAN,PASSENGER OR SUBURBAN,Going Straight Ahead,Not Entered,West,Gas,2004,NY,1,6,CHEVR,HUMAN,Not Applicable,HUMAN,Not Applicable,Not Applicable,1GNDS13SX42445894
2018,15251656,SUBURBAN,PASSENGER OR SUBURBAN,Stopped in Traffic,Not Entered,East,Gas,2013,NY,1,4,HYUND,HUMAN,Not Applicable,HUMAN,Not Applicable,Not Entered,KM8JUCAC9DU783980
2018,15251655,PICKUP TRUCK,PASSENGER OR SUBURBAN,Going Straight Ahead,Not Entered,West,Gas,2008,NY,1,6,NISSA,HUMAN,Not Applicable,HUMAN,Unsafe Speed,Not Entered,1N6AD07W58C440581
2018,15251661,4 DOOR SEDAN,PASSENGER OR SUBURBAN,Going Straight Ahead,Not Entered,South,Gas,2013,NY,1,6,CHRYS,HUMAN,Not Applicable,HUMAN,Not Applicable,Not Applicable,2C3CCARG0DH581158
2018,15251660,PICKUP TRUCK,COMMERCIAL,Making Left Turn,Not Entered,East,Gas,2013,NY,2,8,CHEVR,HUMAN,Not Applicable,HUMAN,Failure to Yield Right-of-Way,Not Applicable,1GC2KXCG4DZ197860
2018,15251666,4 DOOR SEDAN,PASSENGER OR SUBURBAN,Parked,Not Entered,West,Gas,2017,NY,0,4,NISSA,HUMAN,Not Applicable,HUMAN,Not Applicable,Not Applicable,3N1AB7AP8HL640722
2018,15251665,DUMP,POLITICAL SUBDIVISION,Making Right Turn,Not Entered,East,Diesel,2012,NY,1,6,INTER,HUMAN,Not Applicable,ENVMT,View Obstructed/Limited,Not Applicable,1HTWMAZR8CJ050832
2018,15251663,4 DOOR SEDAN,PASSENGER OR SUBURBAN,Going Straight Ahead,Not Entered,West,Gas,2015,NY,1,6,CHRYS,ENVMT,Pavement Slippery,ENVMT,View Obstructed/Limited,Not Applicable,2C3CCARG9FH830995
2018,15251667,SUBURBAN,PASSENGER OR SUBURBAN,Going Straight Ahead,Not Entered,South,Gas,2007,NY,1,6,SUZUK,HUMAN,Not Applicable,ENVMT,Animal's Action,Not Applicable,2S3DA717876112454
2018,15251669,SUBURBAN,PASSENGER OR SUBURBAN,Parked,Not Entered,Northwest,Gas,2010,NY,0,6,HYUND,HUMAN,Not Applicable,HUMAN,Not Applicable,Not Applicable,5NMSKDAGXAH359699
2018,15251668,PICKUP TRUCK,COMMERCIAL,Going Straight Ahead,Not Entered,South,Gas,2017,NY,1,8,CHEVR,HUMAN,Unsafe Speed,ENVMT,Pavement Slippery,"Other Fixed Object*, Collision With Fixed Object",1GCVKREC2HZ358117
2018,15251678,4 DOOR SEDAN,PASSENGER OR SUBURBAN,Making Left Turn,Not Entered,West,Gas,2008,NY,2,6,PONTI,HUMAN,Not Applicable,HUMAN,Not Applicable,Not Applicable,1G2ZH57N784243585
2018,15251677,SUBURBAN,PASSENGER OR SUBURBAN,Going Straight Ahead,Not Entered,West,Gas,2007,NY,1,6,MITSU,HUMAN,Driver Inexperience*,HUMAN,Following Too Closely,Not Applicable,4A4MN31S57E053609
2018,15251684,SUBURBAN,PASSENGER OR SUBURBAN,Making Left Turn,Not Entered,West,Gas,2011,NY,2,4,HONDA,HUMAN,Not Applicable,HUMAN,Not Applicable,Not Applicable,5J6RE4H37BL015024
2018,15251683,SUBURBAN,PASSENGER OR SUBURBAN,Going Straight Ahead,Not Entered,West,Gas,2008,NY,1,4,CHEVR,HUMAN,Not Applicable,HUMAN,Following Too Closely,Not Applicable,3GNDA13D98S575759
2018,15251682,VAN TRUCK,AGRICULTURAL TRUCK,Stopped in Traffic,Not Entered,North,Diesel,2007,NY,1,6,FREIG,HUMAN,Not Applicable,HUMAN,Not Applicable,Not Applicable,4UZAANBW47CY01132
2018,15251681,4 DOOR SEDAN,PASSENGER OR SUBURBAN,Going Straight Ahead,Not Entered,East,Gas,2014,NY,1,4,TOYOT,HUMAN,Not Applicable,HUMAN,Not Applicable,Not Applicable,4T4BF1FK2ER364797
2018,15251680,SUBURBAN,SPECIAL PASSENGER,Making Right Turn,Not Entered,Southwest,Gas,2010,NY,1,6,LEXUS,HUMAN,Not Applicable,HUMAN,Failure to Yield Right-of-Way,Not Applicable,JTJBC1BA0A2013734
2018,15251685,4 DOOR SEDAN,PASSENGER OR SUBURBAN,Making Left Turn,Not Entered,East,Gas,2002,NY,1,4,HONDA,HUMAN,Unsafe Speed,ENVMT,Pavement Slippery,Not Applicable,3HGCG66582G703201
2018,15251686,4 DOOR SEDAN,PASSENGER OR SUBURBAN,Going Straight Ahead,Not Entered,East,Gas,2017,NY,1,4,KIA,HUMAN,Unsafe Speed,ENVMT,Pavement Slippery,Not Applicable,3KPFN4A80HE005709
2018,15251688,4 DOOR SEDAN,PASSENGER OR SUBURBAN,Going Straight Ahead,Not Entered,North,Gas,2016,NY,1,4,CHEVR,HUMAN,Not Applicable,HUMAN,Not Applicable,Not Applicable,1G1PE5SB9G7138223
2018,15251687,4 DOOR SEDAN,PASSENGER OR SUBURBAN,Going Straight Ahead,Not Entered,East,Gas,2015,NY,2,4,VOLKS,HUMAN,Not Applicable,HUMAN,Failure to Yield Right-of-Way,Not Applicable,1VWAT7A38FC108254
2018,15251694,4 DOOR SEDAN,PASSENGER OR SUBURBAN,Going Straight Ahead,Not Entered,North,Gas,2007,NY,1,0,MAZDA,HUMAN,Unsafe Speed,ENVMT,Pavement Slippery,Not Applicable,JM1FE173770210848
2018,15251693,4 DOOR SEDAN,PASSENGER OR SUBURBAN,Going Straight Ahead,Not Entered,North,Gas,2006,NY,1,4,HYUND,HUMAN,Not Applicable,ENVMT,Animal's Action,Not Applicable,KMHDN46D76U233794
2018,15251700,SUBURBAN,PASSENGER OR SUBURBAN,Going Straight Ahead,Not Entered,West,Gas,2004,NY,2,6,BUICK,HUMAN,Not Applicable,HUMAN,Not Applicable,Not Applicable,5GADT13S742217374
2018,15251704,SUBURBAN,PASSENGER OR SUBURBAN,Going Straight Ahead,Not Entered,East,Gas,2015,NY,1,4,GMC,HUMAN,Not Applicable,HUMAN,Failure to Yield Right-of-Way,Not Applicable,2GKALREK9F6405210
2018,15251703,4 DOOR SEDAN,PASSENGER OR SUBURBAN,Going Straight Ahead,Not Entered,North,Gas,2015,NY,1,4,HONDA,HUMAN,Not Applicable,HUMAN,Not Applicable,Not Applicable,19XFB2F56FE227986
2018,15251706,SUBURBAN,PASSENGER OR SUBURBAN,Parked,Not Entered,North,Gas,2017,NY,1,4,KIA,HUMAN,Not Applicable,HUMAN,Passing or Lane Usage Improper,Not Applicable,5XYPGDA32HG266992
2018,15251705,PICKUP TRUCK,PASSENGER OR SUBURBAN,Backing,Not Entered,East,Gas,2011,NY,1,8,CHEVR,HUMAN,Not Applicable,HUMAN,Backing Unsafely,Not Applicable,1GCNKPEA3BZ326674
2018,15251709,SUBURBAN,PASSENGER OR SUBURBAN,Stopped in Traffic,Not Entered,North,Gas,2014,NY,1,4,CHEVR,HUMAN,Not Applicable,HUMAN,Not Applicable,Not Applicable,1GNFLFEK6EZ116246
2018,15251708,4 DOOR SEDAN,PASSENGER OR SUBURBAN,Slowing or Stopping,Not Entered,North,Gas,2011,NY,1,4,HYUND,HUMAN,Following Too Closely,ENVMT,Pavement Slippery,Not Applicable,5NPDH4AE1BH016404
2018,15251711,SUBURBAN,PASSENGER OR SUBURBAN,Going Straight Ahead,Not Entered,North,Gas,2005,NY,2,8,DODGE,HUMAN,Not Applicable,HUMAN,Not Applicable,Not Applicable,2D4GV58205H683259
2018,15251710,4 DOOR SEDAN,PASSENGER OR SUBURBAN,Making Left Turn,Not Entered,Southeast,Gas,2012,NY,2,6,CHEVR,HUMAN,Failure to Yield Right-of-Way,HUMAN,Reaction to Other Uninvolved Vehicle,Not Applicable,2G1WB5E35C1261677
2018,15251713,4 DOOR SEDAN,PASSENGER OR SUBURBAN,Stopped in Traffic,Not Entered,East,Gas,2008,NY,1,4,HYUND,HUMAN,Not Applicable,HUMAN,Not Applicable,Not Applicable,KMHDU46D88U531390
2018,15251712,SUBURBAN,PASSENGER OR SUBURBAN,Slowing or Stopping,Not Entered,East,Gas,2006,NY,2,6,JEEP,HUMAN,Following Too Closely,HUMAN,Unsafe Speed,Not Applicable,1J4GR48K96C177195
2018,15251718,SUBURBAN,PASSENGER OR SUBURBAN,Going Straight Ahead,Not Entered,West,Gas,2015,NY,1,4,SUBAR,HUMAN,Not Applicable,HUMAN,Not Applicable,Not Applicable,4S4BSALC3F3262953
2018,15251717,SUBURBAN,PASSENGER OR SUBURBAN,Making Left Turn,Not Entered,Northeast,Gas,2002,NY,1,4,SUBAR,HUMAN,Failure to Yield Right-of-Way,HUMAN,Unsafe Speed,Not Applicable,JF1GD29652H511977
2018,15251716,4 DOOR SEDAN,PASSENGER OR SUBURBAN,Stopped in Traffic,Not Entered,West,Gas,2003,NY,3,4,OLDSM,HUMAN,Not Applicable,HUMAN,Not Applicable,Not Applicable,1G3NL52F93C135959
2018,15251715,4 DOOR SEDAN,PASSENGER OR SUBURBAN,Making Right Turn,Not Entered,North,Gas,2013,NY,1,4,KIA,HUMAN,Not Applicable,ENVMT,Pavement Slippery,Not Applicable,5XXGN4A74DG245066
2018,15251714,SUBURBAN,PASSENGER OR SUBURBAN,Going Straight Ahead,Not Entered,North,Gas,2001,NY,1,6,INFIN,HUMAN,Not Applicable,HUMAN,Unsafe Speed,"Tree, Collision With Fixed Object",JNRDR09Y51W217784
2018,15251719,SUBURBAN,PASSENGER OR SUBURBAN,Going Straight Ahead,Not Entered,South,Gas,2012,NY,1,6,CHEVR,HUMAN,Not Applicable,ENVMT,Animal's Action,Not Applicable,1GNKVGED4CJ191765
2018,15251720,4 DOOR SEDAN,PASSENGER OR SUBURBAN,Going Straight Ahead,Not Entered,East,Gas,2004,NY,1,4,SAAB,HUMAN,Driver Inattention/Distraction*,HUMAN,Following Too Closely,Not Applicable,YS3FB49S241004155
2018,15251729,SUBURBAN,PASSENGER OR SUBURBAN,Stopped in Traffic,Not Entered,East,Gas,2012,NY,1,6,DODGE,HUMAN,Not Applicable,HUMAN,Not Applicable,Not Applicable,3C4PDDBG4CT205977
2018,15251728,SUBURBAN,PASSENGER OR SUBURBAN,Slowing or Stopping,Not Entered,East,Gas,2017,NY,1,4,FORD,HUMAN,Not Applicable,ENVMT,Pavement Slippery,Not Applicable,1FMCU9JDXHUD50419
2018,15251737,SUBURBAN,PASSENGER OR SUBURBAN,Parked,Not Entered,South,Gas,2001,NY,0,8,GMC,HUMAN,Not Applicable,HUMAN,Not Applicable,Not Entered,1GKEK13T31J198228
2018,15251736,4 DOOR SEDAN,PASSENGER OR SUBURBAN,Parked,Not Entered,South,Gas,2003,NY,0,4,PONTI,HUMAN,Not Applicable,HUMAN,Not Applicable,Not Entered,5Y2SL62863Z403857
2018,15251735,SUBURBAN,PASSENGER OR SUBURBAN,Going Straight Ahead,Not Entered,South,Gas,2016,NY,1,6,PORSC,HUMAN,Not Applicable,HUMAN,Not Applicable,Not Entered,WP1AB2A52GLB40613
2018,15251734,4 DOOR SEDAN,PASSENGER OR SUBURBAN,Starting from Parking,Not Entered,South,Gas,2006,NY,1,6,NISSA,HUMAN,Not Applicable,HUMAN,Failure to Yield Right-of-Way,"Other Motor Vehicle, Collision With",1N4BA41E36C814888
2018,15251739,SUBURBAN,PASSENGER OR SUBURBAN,Parked,Not Entered,North,Gas,1998,NY,0,4,HONDA,HUMAN,Not Applicable,HUMAN,Not Applicable,Not Applicable,JHLRD1763WC077192
2018,15251738,4 DOOR SEDAN,PASSENGER OR SUBURBAN,Going Straight Ahead,Not Entered,North,Gas,1990,NY,1,4,HONDA,HUMAN,Driver Inattention/Distraction*,HUMAN,Driver Inexperience*,Not Applicable,JHMCB7658LC060354
2018,15251753,SUBURBAN,PASSENGER OR SUBURBAN,Starting in Traffic,Not Entered,South,Gas,2013,NY,1,6,DODGE,HUMAN,Driver Inattention/Distraction*,HUMAN,Following Too Closely,Not Applicable,2C4RDGBG2DR704369