Year,Case Vehicle ID,Vehicle Body Type,Registration Class,Action Prior to Accident,Type / Axles of Truck or Bus,Direction of Travel,Fuel Type,Vehicle Year,State of Registration,Number of Occupants,Engine Cylinders,Vehicle Make,Contributing Factor 1,Contributing Factor 1 Description,Contributing Factor 2,Contributing Factor 2 Description,Event Type,Partial VIN
2018,15251759,PICKUP TRUCK,PASSENGER OR SUBURBAN,Slowing or Stopping,Not Entered,East,Gas,2003,NY,1,4,CHEVR,HUMAN,Not Applicable,HUMAN,Not Applicable,Not Applicable,1GCCS14H238135791
2018,15251758,4 DOOR SEDAN,PASSENGER OR SUBURBAN,Going Straight Ahead,Not Entered,East,Gas,2013,NY,1,4,TOYOT,HUMAN,Following Too Closely,ENVMT,Pavement Slippery,Not Applicable,4T4BF1FK6DR292646
2018,15251767,SUBURBAN,PASSENGER OR SUBURBAN,Going Straight Ahead,Not Entered,South,Gas,2012,NY,1,4,TOYOT,HUMAN,Not Applicable,HUMAN,Not Applicable,Not Applicable,2T3DF4DV6CW249514
2018,15251766,SUBURBAN,PASSENGER OR SUBURBAN,Going Straight Ahead,Not Entered,South,Gas,2007,NY,1,6,JEEP,HUMAN,Not Applicable,ENVMT,Pavement Slippery,"Other Motor Vehicle, Collision With",1J4GA64137L177470
2018,15251768,4 DOOR SEDAN,PASSENGER OR SUBURBAN,Going Straight Ahead,Not Entered,East,Gas,2015,NY,1,4,SUBAR,HUMAN,Not Applicable,ENVMT,Pavement Slippery,Not Applicable,4S3BNBC62F3013183
2018,15251771,4 DOOR SEDAN,PASSENGER OR SUBURBAN,Going Straight Ahead,Not Entered,East,Gas,2016,NY,1,4,SUBAR,HUMAN,Unsafe Speed,ENVMT,Pavement Slippery,Not Applicable,JF1GJAA60GH008833
2018,15251770,TRACTOR,INTERNATIONAL REGISTRATION,Going Straight Ahead,Not Entered,North,Diesel,2009,NY,1,6,FREIG,HUMAN,Not Applicable,HUMAN,Not Applicable,Not Applicable,1FUJGLDR49LAM2513
2018,15251775,PICKUP TRUCK,PASSENGER OR SUBURBAN,Going Straight Ahead,Not Entered,North,Gas,2012,NY,1,8,DODGE,HUMAN,Not Applicable,HUMAN,Not Applicable,"Snow Embankment, Collision With Fixed Object",3C6JD7AT6CG278421
2018,15251773,SUBURBAN,PASSENGER OR SUBURBAN,Going Straight Ahead,Not Entered,West,Gas,2011,NY,1,4,SUBAR,HUMAN,Not Applicable,ENVMT,Pavement Slippery,Not Applicable,JF2SHADC6BH759382
2018,15251779,4 DOOR SEDAN,PASSENGER OR SUBURBAN,Making Right Turn,Not Entered,Southeast,Gas,2007,NY,1,4,HYUND,HUMAN,Not Applicable,HUMAN,Not Applicable,Not Applicable,KMHCN46C97U092747
2018,15251778,PICKUP TRUCK,PASSENGER OR SUBURBAN,Slowing or Stopping,Not Entered,East,Gas,2012,NY,1,8,NISSA,HUMAN,Following Too Closely,ENVMT,Pavement Slippery,Not Applicable,1N6AA0EC8CN318232
2018,15251786,SUBURBAN,PASSENGER OR SUBURBAN,Stopped in Traffic,Not Entered,South,Gas,2012,NY,1,4,TOYOT,HUMAN,Not Applicable,HUMAN,Not Applicable,Not Applicable,JTDZN3EU5C3033021
2018,15251785,PICKUP TRUCK,PASSENGER OR SUBURBAN,Stopped in Traffic,Not Entered,South,Gas,1998,NY,3,8,CHEVR,HUMAN,Unknown,HUMAN,Unknown,"Other Motor Vehicle, Collision With",1GCGK24R0WZ179030
2018,15251784,4 DOOR SEDAN,PASSENGER OR SUBURBAN,Going Straight Ahead,Not Entered,South,Gas,2013,NY,1,4,FORD,HUMAN,Unknown,HUMAN,Driver Inattention/Distraction*,Not Applicable,3FA6P0HRXDR381571
2018,15251788,SUBURBAN,PASSENGER OR SUBURBAN,Going Straight Ahead,Not Entered,Southeast,Gas,2006,NY,1,6,JEEP,HUMAN,Not Applicable,VEHICLE,Other*,Not Applicable,1J4GL48K66W248854
2018,15251787,4 DOOR SEDAN,PASSENGER OR SUBURBAN,Avoiding Object in Roadway,Not Entered,Northwest,Gas,2014,NY,3,4,FORD,HUMAN,Reaction to Other Uninvolved Vehicle,ENVMT,View Obstructed/Limited,Not Applicable,3FA6P0H75ER239872
2018,15251790,4 DOOR SEDAN,PASSENGER OR SUBURBAN,Going Straight Ahead,Not Entered,West,Gas,2013,NY,1,4,DODGE,HUMAN,Alcohol Involvement,ENVMT,Pavement Slippery,Not Applicable,1C3CDZAB8DN563316
2018,15251791,SUBURBAN,PASSENGER OR SUBURBAN,Going Straight Ahead,Not Entered,West,Gas,2011,NY,1,6,CHRYS,HUMAN,Not Applicable,ENVMT,Animal's Action,Not Applicable,2A4RR5DG9BR750713
2018,15251795,PICKUP TRUCK,COMMERCIAL,Going Straight Ahead,Not Entered,North,Diesel,2009,NY,1,6,DODGE,HUMAN,Not Applicable,ENVMT,Animal's Action,Not Applicable,3D7MX48LX9G546533
2018,15251797,PICKUP TRUCK,AGRICULTURAL TRUCK,Going Straight Ahead,Not Entered,East,Gas,2006,NY,1,6,DODGE,HUMAN,Not Applicable,VEHICLE,Other*,Not Applicable,1D7HE22K96S532767
2018,15251796,PICKUP TRUCK,AGRICULTURAL TRUCK,Going Straight Ahead,Not Entered,West,Diesel,2005,NY,1,8,FORD,HUMAN,Not Applicable,HUMAN,Passing or Lane Usage Improper,Not Applicable,1FTWF31P55EC18760
2018,15251800,SUBURBAN,PASSENGER OR SUBURBAN,Going Straight Ahead,Not Entered,West,Gas,2001,NY,1,4,TOYOT,HUMAN,Unsafe Speed,ENVMT,Pavement Slippery,Not Applicable,JTEHH20V316001639
2018,15251803,SUBURBAN,PASSENGER OR SUBURBAN,Going Straight Ahead,Not Entered,North,Gas,2016,NY,1,4,BUICK,HUMAN,Unsafe Speed,ENVMT,Pavement Slippery,Not Applicable,KL4CJESB7GB582094
2018,15251804,2 DOOR SEDAN,PASSENGER OR SUBURBAN,Going Straight Ahead,Not Entered,West,Gas,2016,NY,3,6,LEXUS,HUMAN,Unsafe Speed,ENVMT,Pavement Slippery,Not Applicable,JTHSE5BC8G5007191
2018,15251806,SUBURBAN,PASSENGER OR SUBURBAN,Stopped in Traffic,Not Entered,North,Gas,2006,NY,1,4,HONDA,HUMAN,Not Applicable,HUMAN,Not Applicable,Not Applicable,SHSRD785X6U402082
2018,15251805,4 DOOR SEDAN,PASSENGER OR SUBURBAN,Going Straight Ahead,Not Entered,North,Gas,2013,NY,1,4,HYUND,HUMAN,Driver Inattention/Distraction*,HUMAN,Following Too Closely,Not Applicable,5NPEB4AC9DH592376
2018,15251813,SUBURBAN,PASSENGER OR SUBURBAN,Going Straight Ahead,Not Entered,West,Gas,2017,NY,1,6,JEEP,HUMAN,Not Applicable,ENVMT,Pavement Slippery,Not Applicable,1C4RJFAG3HC726917
2018,15251810,SUBURBAN,PASSENGER OR SUBURBAN,Parked,Not Entered,North,Gas,2016,NY,0,4,HONDA,HUMAN,Not Applicable,HUMAN,Not Applicable,Not Applicable,2HKRM4H72GH663698
2018,15251809,PICKUP TRUCK,PASSENGER OR SUBURBAN,Making Right Turn,Not Entered,North,Gas,2005,NY,1,8,FORD,HUMAN,Driver Inattention/Distraction*,HUMAN,Turning Improperly,Not Applicable,1FTPW145X5KE56995
2018,15251812,SUBURBAN,PASSENGER OR SUBURBAN,Going Straight Ahead,Not Entered,Southeast,Gas,2014,NY,2,6,FORD,HUMAN,Driver Inattention/Distraction*,HUMAN,Passing or Lane Usage Improper,Not Applicable,2FMDK4KC5EBA01351
2018,15251811,4 DOOR SEDAN,PASSENGER OR SUBURBAN,Going Straight Ahead,Not Entered,Northwest,Gas,2016,NY,1,4,NISSA,HUMAN,Driver Inattention/Distraction*,HUMAN,Passing or Lane Usage Improper,Not Applicable,3N1CN7AP0GL913389
2018,15251817,4 DOOR SEDAN,PASSENGER OR SUBURBAN,Going Straight Ahead,Not Entered,North,Gas,2007,NY,1,4,TOYOT,HUMAN,Not Applicable,HUMAN,Not Applicable,Not Applicable,4T1BE46K37U170538
2018,15251816,SUBURBAN,PASSENGER OR SUBURBAN,Making Left Turn,Not Entered,West,Gas,2011,NY,2,8,JEEP,HUMAN,Driver Inattention/Distraction*,HUMAN,Failure to Yield Right-of-Way,Not Applicable,1J4RR6GT8BC686669
2018,15251824,SUBURBAN,PASSENGER OR SUBURBAN,Parked,Not Entered,Northwest,Gas,2016,NY,0,4,NISSA,HUMAN,Not Applicable,HUMAN,Not Applicable,Not Applicable,KNMAT2MV2GP611727
2018,15251823,SUBURBAN,PASSENGER OR SUBURBAN,Backing,Not Entered,Southeast,Gas,2012,NY,1,6,DODGE,HUMAN,Not Applicable,HUMAN,Backing Unsafely,Not Applicable,1C4RDJDG4CC152441
2018,15251828,PICKUP TRUCK,PASSENGER OR SUBURBAN,Going Straight Ahead,Not Entered,Southeast,Gas,2003,NY,1,8,GMC,HUMAN,Unsafe Speed,ENVMT,Pavement Slippery,"Earth Embankment/Rock Cut/Ditch, Collision With Fixed Object",1GTEK14T73Z340529
2018,15251833,SUBURBAN,PASSENGER OR SUBURBAN,Slowing or Stopping,Not Entered,South,Gas,2005,NY,2,4,HONDA,HUMAN,Not Applicable,HUMAN,Following Too Closely,Not Entered,5J6YH28605L020653
2018,15251832,VAN TRUCK,AGRICULTURAL TRUCK,Slowing or Stopping,Not Entered,South,Diesel,2001,NY,1,8,FORD,HUMAN,Not Applicable,HUMAN,Aggressive Driving/Road Rage,Not Entered,1FTSS34F51HA40760
2018,15251835,4 DOOR SEDAN,PASSENGER OR SUBURBAN,Going Straight Ahead,Not Entered,South,Gas,2008,NY,1,4,SATUR,HUMAN,Not Applicable,HUMAN,Not Applicable,Not Applicable,1G8ZS57B98F265217
2018,15251834,SUBURBAN,PASSENGER OR SUBURBAN,Going Straight Ahead,Not Entered,East,Gas,2010,NY,1,4,SUBAR,HUMAN,Not Applicable,HUMAN,Traffic Control Device Disregarded,Not Applicable,4S4BRBCC3A1323790
2018,15251846,VAN TRUCK,SCHOOL CAR,Going Straight Ahead,Not Entered,Northwest,Gas,2006,NY,1,8,GMC,HUMAN,Not Applicable,ENVMT,Pavement Slippery,Not Applicable,1GDHG31U661139453
2018,15251848,PICKUP TRUCK,COMMERCIAL,Going Straight Ahead,Not Entered,North,Gas,2011,NY,1,8,FORD,HUMAN,Not Applicable,HUMAN,Not Applicable,Not Applicable,1FT7X2B65BEA06776
2018,15251847,DUMP,POLITICAL SUBDIVISION,Making Right Turn,Not Entered,West,Gas,2015,NY,1,8,CHEVR,HUMAN,Not Applicable,ENVMT,View Obstructed/Limited,Not Applicable,1GB3KYCGXFF523891
2018,15251850,PICKUP TRUCK,PASSENGER OR SUBURBAN,Stopped in Traffic,Not Entered,South,Gas,2008,NY,2,8,FORD,HUMAN,Not Applicable,HUMAN,Not Applicable,Not Applicable,1FTRX14WX8FB51377
2018,15251849,4 DOOR SEDAN,PASSENGER OR SUBURBAN,Making Left Turn,Not Entered,North,Gas,2007,NY,1,6,FORD,HUMAN,Turning Improperly,HUMAN,Unsafe Speed,Not Applicable,1FAFP56U37A144522
2018,15251852,PICKUP TRUCK,PASSENGER OR SUBURBAN,Going Straight Ahead,Not Entered,West,Gas,2006,NY,1,6,FORD,HUMAN,Following Too Closely,HUMAN,Passing or Lane Usage Improper,"Snow Embankment, Collision With Fixed Object",1FTYR10U16PA49449
2018,15251858,4 DOOR SEDAN,PASSENGER OR SUBURBAN,Going Straight Ahead,Not Entered,East,Gas,2016,NY,1,4,HYUND,HUMAN,Not Applicable,HUMAN,Not Applicable,Not Applicable,5NPE34AF0GH282600
2018,15251865,4 DOOR SEDAN,PASSENGER OR SUBURBAN,Making Right Turn,Not Entered,North,Gas,1997,NY,1,4,NISSA,HUMAN,Not Applicable,HUMAN,Not Applicable,Not Applicable,1N4AB41D2VC769974
2018,15251864,4 DOOR SEDAN,PASSENGER OR SUBURBAN,Going Straight Ahead,Not Entered,North,Gas,2015,NY,1,4,VOLKS,HUMAN,Not Applicable,HUMAN,Following Too Closely,Not Applicable,3VW1K7AJXFM421256
2018,15251866,SUBURBAN,PASSENGER OR SUBURBAN,Going Straight Ahead,Not Entered,West,Gas,2005,NY,1,6,DODGE,HUMAN,Not Applicable,ENVMT,Pavement Slippery,Not Applicable,2D4GP44L35R448819
2018,15251875,4 DOOR SEDAN,PASSENGER OR SUBURBAN,Going Straight Ahead,Not Entered,North,Gas,2009,NY,1,6,LINCO,HUMAN,Not Applicable,HUMAN,Not Applicable,Not Entered,1LNHM94R19G607920
2018,15251874,4 DOOR SEDAN,PASSENGER OR SUBURBAN,Making Left Turn,Not Entered,South,Gas,2015,NY,1,4,CHEVR,HUMAN,Not Applicable,HUMAN,Failure to Yield Right-of-Way,Not Applicable,1G1PE5SB2F7139034
2018,15251881,FLAT BED TRUCK,COMMERCIAL,Stopped in Traffic,Not Entered,North,Gas,2007,NY,1,8,DODGE,HUMAN,Not Applicable,HUMAN,Not Applicable,Not Applicable,3D6WH46D97G743521
2018,15251880,SUBURBAN,PASSENGER OR SUBURBAN,Going Straight Ahead,Not Entered,West,Gas,2013,NY,1,6,CHRYS,HUMAN,Not Applicable,HUMAN,Driver Inattention/Distraction*,Not Applicable,2C4RC1BG0DR645869
2018,15251879,SUBURBAN,PASSENGER OR SUBURBAN,Stopped in Traffic,Not Entered,North,Gas,2015,NY,1,4,FORD,HUMAN,Not Applicable,HUMAN,Not Applicable,Not Applicable,1FMCU9J93FUA02583
2018,15251883,SUBURBAN,PASSENGER OR SUBURBAN,Going Straight Ahead,Not Entered,North,Gas,2006,NY,1,6,PONTI,HUMAN,Not Applicable,HUMAN,Unsafe Speed,Not Applicable,2CKDL73FX66124996
2018,15251885,4 DOOR SEDAN,POLITICAL SUBDIVISION,Going Straight Ahead,Not Entered,South,Gas,2001,NY,1,4,CHEVR,HUMAN,Not Applicable,HUMAN,Not Applicable,Not Applicable,1G1JC524617324595
2018,15251884,SUBURBAN,OMNIBUS - LIVERY,Making Left Turn,Not Entered,Northwest,Gas,2010,NY,1,6,DODGE,HUMAN,Not Applicable,HUMAN,Failure to Yield Right-of-Way,Not Applicable,2D4RN4DE2AR395718
2018,15251901,4 DOOR SEDAN,PASSENGER OR SUBURBAN,Going Straight Ahead,Not Entered,Northwest,Gas,2002,NY,1,4,HONDA,HUMAN,Not Applicable,HUMAN,Not Applicable,Not Applicable,1HGCG66872A099293
2018,15251900,TOW TRUCK,TOW TRUCK,Going Straight Ahead,Not Entered,Southeast,Diesel,2015,NY,1,6,FREIG,HUMAN,Not Applicable,HUMAN,Passing or Lane Usage Improper,Not Applicable,1FVACWDT0FHGK3994
2018,15251913,VAN TRUCK,PASSENGER OR SUBURBAN,Going Straight Ahead,Not Entered,West,Gas,1997,NY,1,8,FORD,HUMAN,Not Applicable,HUMAN,Not Applicable,"Curbing, Collision With Fixed Object",1FDEE1464VHA89622
2018,15251912,4 DOOR SEDAN,PASSENGER OR SUBURBAN,Slowing or Stopping,Not Entered,North,Gas,2007,NY,1,6,CHEVR,HUMAN,Unsafe Speed,ENVMT,Pavement Slippery,Not Applicable,2G1WB58K579192175
2018,15251920,4 DOOR SEDAN,PASSENGER OR SUBURBAN,Parked,Not Entered,Northeast,Gas,2002,NY,0,4,TOYOT,HUMAN,Not Applicable,HUMAN,Not Applicable,Not Applicable,1NXBR12E72Z571036
2018,15251919,DUMP,POLITICAL SUBDIVISION,Going Straight Ahead,Not Entered,Northeast,Diesel,2002,NY,2,6,FREIG,VEHICLE,Oversized Vehicle,ENVMT,View Obstructed/Limited,Not Applicable,1FVABXAKX2HJ70527
2018,15251929,SUBURBAN,PASSENGER OR SUBURBAN,Going Straight Ahead,Not Entered,West,Gas,2011,NY,1,6,HONDA,HUMAN,Not Applicable,HUMAN,Not Applicable,Not Applicable,5FNYF4H97BB102010
2018,15251928,4 DOOR SEDAN,PASSENGER OR SUBURBAN,Going Straight Ahead,Not Entered,West,Gas,2014,NY,1,4,HONDA,HUMAN,Not Applicable,HUMAN,Fell Asleep,Not Applicable,19XFB2F93EE234797
2018,15251930,SUBURBAN,SPECIAL PASSENGER,Going Straight Ahead,Not Entered,Southeast,Gas,2009,NY,1,8,LA/RO,HUMAN,Unsafe Speed,ENVMT,Pavement Slippery,Not Applicable,SALSK25439A195523
2018,15251932,SUBURBAN,PASSENGER OR SUBURBAN,Stopped in Traffic,Not Entered,East,Gas,1998,NY,1,4,JEEP,HUMAN,Not Applicable,HUMAN,Not Applicable,Not Applicable,1J4FY29P4WP806349
2018,15251935,SUBURBAN,PASSENGER OR SUBURBAN,Going Straight Ahead,Not Entered,North,Gas,2013,NY,1,4,NISSA,HUMAN,Not Applicable,HUMAN,Following Too Closely,Not Applicable,JN8AF5MV4DT231580
2018,15251944,4 DOOR SEDAN,PASSENGER OR SUBURBAN,Going Straight Ahead,Not Entered,West,Gas,2006,NY,2,6,FORD,HUMAN,Driver Inexperience*,ENVMT,Pavement Slippery,Not Applicable,3FAHP08116R229510
2018,15251942,SUBURBAN,PASSENGER OR SUBURBAN,Stopped in Traffic,Not Entered,North,Gas,2010,NY,1,4,FORD,HUMAN,Not Applicable,HUMAN,Not Applicable,Not Applicable,1FMCU0C78AKA32240
2018,15251941,PICKUP TRUCK,PASSENGER OR SUBURBAN,Going Straight Ahead,Not Entered,North,Gas,2002,NY,1,6,FORD,HUMAN,Driver Inattention/Distraction*,HUMAN,Following Too Closely,Not Applicable,2FTRF18272CA38371
2018,15251945,2 DOOR SEDAN,PASSENGER OR SUBURBAN,Going Straight Ahead,Not Entered,North,Gas,2014,NY,1,6,DODGE,HUMAN,Unsafe Speed,HUMAN,Reaction to Other Uninvolved Vehicle,"Earth Embankment/Rock Cut/Ditch, Collision With Fixed Object",2C3CDYAG9EH293755
2018,15251950,SUBURBAN,PASSENGER OR SUBURBAN,Going Straight Ahead,Not Entered,North,Gas,2015,NY,1,4,GMC,HUMAN,Not Applicable,HUMAN,Not Applicable,Not Applicable,2GKFLWEK1F6349882
2018,15251949,DUMP,STATE,Making Left Turn,Not Entered,North,Diesel,2013,NY,1,6,MACK,HUMAN,Driver Inattention/Distraction*,ENVMT,View Obstructed/Limited,Not Applicable,1M2AX04C5DM014443
2018,15251957,SUBURBAN,PASSENGER OR SUBURBAN,Going Straight Ahead,Not Entered,West,Gas,2012,NY,1,4,HONDA,HUMAN,Not Applicable,HUMAN,Unsafe Speed,Not Applicable,2HKRM4H5XCH601278
2018,15251956,PICKUP TRUCK,AGRICULTURAL TRUCK,Making Left Turn,Not Entered,West,Gas,2007,NY,1,8,CHEVR,HUMAN,Not Applicable,HUMAN,Failure to Yield Right-of-Way,Not Applicable,1GCHK24U47E155170
2018,15251955,SUBURBAN,PASSENGER OR SUBURBAN,Going Straight Ahead,Not Entered,North,Gas,2002,NY,2,4,SUBAR,HUMAN,Not Applicable,HUMAN,Fell Asleep,"Overturned, Non-Collision",JF1SF65682H729686
2018,15251967,4 DOOR SEDAN,PASSENGER OR SUBURBAN,Parked,Not Entered,North,Gas,2014,NY,0,3,MITSU,HUMAN,Not Applicable,HUMAN,Not Applicable,Not Applicable,ML32A3HJ7EH020391
2018,15251966,PICKUP TRUCK,AGRICULTURAL TRUCK,Backing,Not Entered,South,Gas,2008,NY,2,8,FORD,HUMAN,Backing Unsafely,HUMAN,Driver Inattention/Distraction*,Not Applicable,1FTNF21568EA51558
2018,15251973,4 DOOR SEDAN,PASSENGER OR SUBURBAN,Going Straight Ahead,Not Entered,East,Gas,2014,NY,1,4,HYUND,HUMAN,Not Applicable,ENVMT,Pavement Slippery,Not Applicable,5NPDH4AE3EH468262
2018,15251989,SUBURBAN,PASSENGER OR SUBURBAN,Going Straight Ahead,Not Entered,North,Gas,2008,NY,1,6,FORD,HUMAN,Unsafe Speed,ENVMT,Pavement Slippery,Not Entered,2FMDK46C08BA39701
2018,15251988,SUBURBAN,PASSENGER OR SUBURBAN,Making Right Turn,Not Entered,West,Gas,2017,NY,1,4,SUBAR,HUMAN,Not Applicable,HUMAN,Not Applicable,Not Entered,4S4BSAFC8H3302023
2018,15251987,SUBURBAN,PASSENGER OR SUBURBAN,Going Straight Ahead,Not Entered,East,Gas,2013,NY,2,4,NISSA,HUMAN,Not Applicable,HUMAN,Not Applicable,"Other Motor Vehicle, Collision With",JN8AS5MV5DW108896
2018,15251991,SUBURBAN,PASSENGER OR SUBURBAN,Going Straight Ahead,Not Entered,West,Gas,2007,NY,1,6,CHEVR,HUMAN,Not Applicable,HUMAN,Not Applicable,"Snow Embankment, Collision With Fixed Object",2CNDL23F776031540
2018,15251990,SUBURBAN,PASSENGER OR SUBURBAN,Making Right Turn,Not Entered,Northwest,Gas,2014,NY,2,6,CHRYS,HUMAN,Passing or Lane Usage Improper,HUMAN,Turning Improperly,Not Applicable,2C4RC1BG0ER397091
2018,15251993,4 DOOR SEDAN,PASSENGER OR SUBURBAN,Going Straight Ahead,Not Entered,Northwest,Gas,2003,NY,3,6,HONDA,HUMAN,Not Applicable,ENVMT,Pavement Slippery,Not Applicable,1HGCM66593A093981
2018,15251999,PICKUP TRUCK,PASSENGER OR SUBURBAN,Going Straight Ahead,Not Entered,South,Gas,2012,NY,1,8,CHEVR,ENVMT,Glare,ENVMT,Pavement Slippery,Not Applicable,1GCRKSE75CZ270165
2018,15251998,4 DOOR SEDAN,PASSENGER OR SUBURBAN,Parked,Not Entered,South,Gas,2007,NY,2,4,TOYOT,HUMAN,Not Applicable,HUMAN,Not Applicable,Not Applicable,JTDBT923271157061
2018,15252002,PICKUP TRUCK,PASSENGER OR SUBURBAN,Backing,Not Entered,North,Gas,2017,NY,1,6,TOYOT,HUMAN,Not Applicable,HUMAN,Driver Inattention/Distraction*,Not Applicable,3TMCZ5AN9HM047174
2018,15252011,SUBURBAN,PASSENGER OR SUBURBAN,Slowing or Stopping,Not Entered,West,Gas,2009,NY,1,4,HONDA,HUMAN,Not Applicable,HUMAN,Not Applicable,Not Applicable,5J6RE48739L042556
2018,15252010,4 DOOR SEDAN,PASSENGER OR SUBURBAN,Slowing or Stopping,Not Entered,West,Gas,2000,NY,1,4,TOYOT,HUMAN,Reaction to Other Uninvolved Vehicle,ENVMT,Pavement Slippery,Not Applicable,1NXBR12E7YZ404250
2018,15252009,SUBURBAN,PASSENGER OR SUBURBAN,Going Straight Ahead,Not Entered,West,Gas,2004,NY,1,6,HONDA,HUMAN,Not Applicable,HUMAN,Not Applicable,Not Applicable,2HKYF18514H572372
2018,15252008,SUBURBAN,PASSENGER OR SUBURBAN,Changing Lanes,Not Entered,West,Gas,2017,NY,1,4,KIA,HUMAN,Not Applicable,HUMAN,Driver Inattention/Distraction*,Not Applicable,5XYPGDA31HG258608
2018,15252007,4 DOOR SEDAN,PASSENGER OR SUBURBAN,Merging,Not Entered,South,Gas,2006,NY,1,5,VOLVO,HUMAN,Unsafe Speed,ENVMT,Pavement Slippery,Not Applicable,YV1RS592962533426
2018,15252021,SUBURBAN,PASSENGER OR SUBURBAN,Going Straight Ahead,Not Entered,East,Gas,2006,NY,1,6,NISSA,HUMAN,Not Applicable,ENVMT,Pavement Slippery,"Sign Post, Collision With Fixed Object",JN8AZ08W26W530581
2018,15252023,PICKUP TRUCK,PASSENGER OR SUBURBAN,Slowing or Stopping,Not Entered,East,Gas,2007,NY,1,6,DODGE,HUMAN,Not Applicable,HUMAN,Not Applicable,Not Applicable,1D7HW28K27S267244
2018,15252029,PICKUP TRUCK,PASSENGER OR SUBURBAN,Going Straight Ahead,Not Entered,West,Gas,2011,NY,1,8,FORD,HUMAN,Not Applicable,ENVMT,Animal's Action,"Guide Rail - Not At End, Collision With Fixed Object",1FTFW1EF4BFA36530
2018,15252034,4 DOOR SEDAN,PASSENGER OR SUBURBAN,Making Left Turn,Not Entered,Southeast,Gas,2007,NY,1,6,PONTI,HUMAN,Not Applicable,HUMAN,Not Applicable,Not Applicable,1G2ZG58N274190259
2018,15252033,SUBURBAN,PASSENGER OR SUBURBAN,Making Left Turn,Not Entered,Southeast,Gas,2015,NY,1,4,JEEP,HUMAN,Not Applicable,HUMAN,Turning Improperly,Not Applicable,ZACCJBBT6FPB34897
2018,15252040,SUBURBAN,PASSENGER OR SUBURBAN,Going Straight Ahead,Not Entered,North,Gas,2015,NY,1,8,CHEVR,HUMAN,Not Applicable,HUMAN,Not Applicable,Not Applicable,1GNSKBKC0FR219283
2018,15252039,SUBURBAN,PASSENGER OR SUBURBAN,Going Straight Ahead,Not Entered,South,Gas,2003,NY,1,6,FORD,HUMAN,Unsafe Speed,ENVMT,Pavement Slippery,Not Applicable,1FMYU92113KB77422
2018,15252041,SUBURBAN,PASSENGER OR SUBURBAN,Going Straight Ahead,Not Entered,West,Gas,2015,NY,1,4,MITSU,HUMAN,Reaction to Other Uninvolved Vehicle,ENVMT,Pavement Slippery,"Other Object (Not Fixed)*, Collision With",4A4AR4AU1FE044502
2018,15252054,PICKUP TRUCK,PASSENGER OR SUBURBAN,Going Straight Ahead,Not Entered,Southeast,Gas,2005,NY,1,8,GMC,HUMAN,Not Applicable,HUMAN,Not Applicable,Not Applicable,1GTEK19B35E342093
2018,15252053,VAN TRUCK,COMMERCIAL,Going Straight Ahead,Not Entered,Northwest,Gas,2014,NY,1,8,FORD,HUMAN,Unsafe Speed,HUMAN,Failure to Keep Right,Not Applicable,1FTNE2EW0EDA28008
2018,15252058,4 DOOR SEDAN,PASSENGER OR SUBURBAN,Going Straight Ahead,Not Entered,North,Gas,2001,NY,1,8,FORD,HUMAN,Not Applicable,HUMAN,Not Applicable,"Fire Hydrant, Collision With Fixed Object",2FAFP73WX1X201251
2018,15252057,SUBURBAN,PASSENGER OR SUBURBAN,Going Straight Ahead,Not Entered,West,Gas,2016,NY,1,4,CHEVR,HUMAN,Not Applicable,HUMAN,Failure to Yield Right-of-Way,Not Applicable,2GNALCEKXG6294930
2018,15252061,SUBURBAN,PASSENGER OR SUBURBAN,Making Left Turn,Not Entered,East,Gas,2013,NY,1,6,FORD,HUMAN,Not Applicable,HUMAN,Not Applicable,Not Applicable,2FMDK4JC9DBB04370
2018,15252060,4 DOOR SEDAN,PASSENGER OR SUBURBAN,Going Straight Ahead,Not Entered,South,Gas,2008,NY,2,4,FORD,HUMAN,Traffic Control Device Disregarded,ENVMT,Pavement Slippery,Not Applicable,3FAHP07Z68R157679
2018,15252062,SUBURBAN,PASSENGER OR SUBURBAN,Backing,Not Entered,West,Gas,2013,NY,1,4,SUBAR,HUMAN,Not Applicable,HUMAN,Backing Unsafely,Not Applicable,JF2SHABC9DH402302
2018,15252083,4 DOOR SEDAN,PASSENGER OR SUBURBAN,Parked,Not Entered,South,Gas,1994,NY,0,4,GEO,HUMAN,Not Applicable,HUMAN,Not Applicable,Not Applicable,1Y1SK5369RZ035446
2018,15252082,4 DOOR SEDAN,PASSENGER OR SUBURBAN,Making Left Turn,Not Entered,South,Gas,2008,NY,1,6,BMW,HUMAN,Traffic Control Device Disregarded,HUMAN,Unsafe Speed,"Fence, Collision With Fixed Object",WBANV13598CZ60249
2018,15252094,SUBURBAN,PASSENGER OR SUBURBAN,Going Straight Ahead,Not Entered,West,Gas,2009,NY,2,4,NISSA,HUMAN,Not Applicable,ENVMT,Pavement Slippery,"Other Object (Not Fixed)*, Collision With",JN8AS58V49W173417
2018,15252093,PICKUP TRUCK,PASSENGER OR SUBURBAN,Parked,Not Entered,East,Gas,1994,NY,0,4,MAZDA,HUMAN,Not Applicable,HUMAN,Not Applicable,Not Applicable,4F4CR12A7RTM76554