Year,Case Vehicle ID,Vehicle Body Type,Registration Class,Action Prior to Accident,Type / Axles of Truck or Bus,Direction of Travel,Fuel Type,Vehicle Year,State of Registration,Number of Occupants,Engine Cylinders,Vehicle Make,Contributing Factor 1,Contributing Factor 1 Description,Contributing Factor 2,Contributing Factor 2 Description,Event Type,Partial VIN
2018,15252092,PICKUP TRUCK,COMMERCIAL,Parked,Not Entered,West,Diesel,2002,NY,0,8,FORD,HUMAN,Not Applicable,HUMAN,Not Applicable,Not Applicable,1FTSW31F32ED45668
2018,15252095,PICKUP TRUCK,PASSENGER OR SUBURBAN,Going Straight Ahead,Not Entered,East,Gas,2017,NY,3,8,RAM,HUMAN,Not Applicable,HUMAN,Not Applicable,Not Applicable,1C6RR7FT0HS530306
2018,15252118,SUBURBAN,SPECIAL PASSENGER,Stopped in Traffic,Not Entered,East,Gas,2017,NY,2,4,HYUND,HUMAN,Not Applicable,HUMAN,Not Applicable,Not Entered,KM8J3CA42HU348381
2018,15252120,4 DOOR SEDAN,PASSENGER OR SUBURBAN,Going Straight Ahead,Not Entered,South,Gas,2001,NY,1,4,TOYOT,HUMAN,Not Applicable,ENVMT,Pavement Slippery,Not Applicable,2T1BR12E71C408290
2018,15252136,DUMP,AGRICULTURAL TRUCK,Slowing or Stopping,Not Entered,North,Gas,1988,NY,2,8,FORD,HUMAN,Not Applicable,ENVMT,Pavement Slippery,Not Applicable,1FDKF37H1JKB41925
2018,15252135,PICKUP TRUCK,POLITICAL SUBDIVISION,Slowing or Stopping,Not Entered,North,Gas,2008,NY,1,8,FORD,HUMAN,Not Applicable,HUMAN,Not Applicable,Not Applicable,1FTSW21518ED72992
2018,15252138,4 DOOR SEDAN,PASSENGER OR SUBURBAN,Going Straight Ahead,Not Entered,West,Gas,2009,NY,1,4,HYUND,HUMAN,Not Applicable,ENVMT,Pavement Slippery,Not Applicable,KMHDU46D09U792871
2018,15252137,4 DOOR SEDAN,PASSENGER OR SUBURBAN,Going Straight Ahead,Not Entered,West,Gas,2005,NY,1,4,NISSA,HUMAN,Not Applicable,HUMAN,Not Applicable,"Snow Embankment, Collision With Fixed Object",3N1CB51A45L524132
2018,15252141,SUBURBAN,PASSENGER OR SUBURBAN,Going Straight Ahead,Not Entered,West,Gas,2009,NY,2,6,JEEP,HUMAN,Not Applicable,HUMAN,Not Applicable,Not Applicable,1J8GN28K09W547855
2018,15252144,4 DOOR SEDAN,PASSENGER OR SUBURBAN,Going Straight Ahead,Not Entered,East,Gas,2006,NY,1,4,TOYOT,HUMAN,Not Applicable,HUMAN,Fell Asleep,Not Applicable,JTDKB22U063164080
2018,15252140,4 DOOR SEDAN,PASSENGER OR SUBURBAN,Going Straight Ahead,Not Entered,South,Gas,2004,NY,1,4,TOYOT,HUMAN,Not Applicable,ENVMT,Pavement Slippery,Not Applicable,4T1BE32K54U294547
2018,15252139,SUBURBAN,PASSENGER OR SUBURBAN,Parked,Not Entered,South,Gas,2006,NY,0,4,CHEVR,HUMAN,Not Applicable,HUMAN,Not Applicable,Not Applicable,3GNDA23P96S587357
2018,15252145,SUBURBAN,OMNIBUS - TAXI,Going Straight Ahead,Not Entered,West,Gas,2016,NY,3,6,TOYOT,HUMAN,Not Applicable,ENVMT,Obstruction/ Debris,Not Applicable,5TDJKRFH6GS230021
2018,15252147,TANK TRUCK,AGRICULTURAL TRUCK,Going Straight Ahead,Not Entered,North,Diesel,2010,NY,1,6,INTER,HUMAN,Not Applicable,HUMAN,Unknown,Not Applicable,1HTMKAAN2AH243973
2018,15252146,4 DOOR SEDAN,PASSENGER OR SUBURBAN,Starting in Traffic,Not Entered,West,Gas,2011,NY,1,6,ME/BE,HUMAN,Not Applicable,HUMAN,Unknown,Not Applicable,WDDHF8HB0BA407096
2018,15252194,4 DOOR SEDAN,PASSENGER OR SUBURBAN,Going Straight Ahead,Not Entered,West,Gas,2001,NY,1,6,MERCU,HUMAN,Not Applicable,HUMAN,Physical Disability,Not Applicable,1MEFM55S81G647890
2018,15252202,SUBURBAN,PASSENGER OR SUBURBAN,Slowing or Stopping,Not Entered,West,Gas,2009,NY,1,4,NISSA,HUMAN,Failure to Yield Right-of-Way,ENVMT,Pavement Slippery,Not Applicable,JN8AS58T89W327755
2018,15252201,SUBURBAN,PASSENGER OR SUBURBAN,Going Straight Ahead,Not Entered,South,Gas,2015,NY,1,4,HONDA,HUMAN,Not Applicable,HUMAN,Not Applicable,Not Applicable,2HKRM4H55FH652076
2018,15252204,SUBURBAN,PASSENGER OR SUBURBAN,Slowing or Stopping,Not Entered,South,Gas,2013,NY,1,4,TOYOT,HUMAN,Not Applicable,HUMAN,Reaction to Other Uninvolved Vehicle,Not Applicable,JTMZFREV3D5016426
2018,15252203,SUBURBAN,PASSENGER OR SUBURBAN,Stopped in Traffic,Not Entered,South,Gas,2008,NY,2,6,HYUND,HUMAN,Not Applicable,HUMAN,Not Applicable,Not Applicable,KNDMC233586054414
2018,15252211,4 DOOR SEDAN,PASSENGER OR SUBURBAN,Making Left Turn,Not Entered,South,Gas,2004,NY,1,4,HONDA,HUMAN,Driver Inattention/Distraction*,ENVMT,Pavement Slippery,Not Applicable,2HGES16584H526226
2018,15252210,PICKUP TRUCK,PASSENGER OR SUBURBAN,Going Straight Ahead,Not Entered,North,Gas,2015,NY,1,8,RAM,HUMAN,Not Applicable,HUMAN,Not Applicable,Not Applicable,1C6RR7VT5FS666591
2018,15252213,SUBURBAN,PASSENGER OR SUBURBAN,Making Right Turn,Not Entered,West,Gas,2003,NY,2,6,NISSA,HUMAN,Not Applicable,ENVMT,Pavement Slippery,Not Applicable,5N1ED28Y93C640643
2018,15252212,SUBURBAN,PASSENGER OR SUBURBAN,Going Straight Ahead,Not Entered,East,Gas,2013,NY,1,4,HONDA,HUMAN,Not Applicable,HUMAN,Not Applicable,Not Applicable,5J6RM4H39DL074131
2018,15252216,SUBURBAN,PASSENGER OR SUBURBAN,Slowing or Stopping,Not Entered,West,Gas,2014,NY,1,8,JEEP,HUMAN,Not Applicable,HUMAN,Not Applicable,Not Applicable,1C4RJFCT2EC487219
2018,15252223,SUBURBAN,PASSENGER OR SUBURBAN,Parked,Not Entered,West,Gas,2004,NY,0,6,INFIN,HUMAN,Not Applicable,HUMAN,Not Applicable,"Other Motor Vehicle, Collision With",JNRAS08W14X218596
2018,15252222,SUBURBAN,PASSENGER OR SUBURBAN,Going Straight Ahead,Not Entered,West,Gas,2006,NY,1,4,HONDA,HUMAN,Alcohol Involvement,HUMAN,Passing or Lane Usage Improper,Not Applicable,SHSRD68566U404213
2018,15252230,SUBURBAN,PASSENGER OR SUBURBAN,Going Straight Ahead,Not Entered,South,Gas,2006,NY,1,6,GMC,ENVMT,Pavement Slippery,ENVMT,View Obstructed/Limited,Not Applicable,1GKDS13S162106960
2018,15252233,4 DOOR SEDAN,PASSENGER OR SUBURBAN,Going Straight Ahead,Not Entered,South,Gas,2013,NY,1,6,DODGE,HUMAN,Not Applicable,HUMAN,Not Applicable,Not Applicable,2C3CDXBG7DH639874
2018,15252237,4 DOOR SEDAN,PASSENGER OR SUBURBAN,Parked,Not Entered,South,Gas,2011,NY,0,4,CHEVR,HUMAN,Not Applicable,HUMAN,Not Applicable,Not Applicable,1G1PC5SH4B7101972
2018,15252236,4 DOOR SEDAN,PASSENGER OR SUBURBAN,Making Right Turn,Not Entered,North,Gas,2016,NY,2,4,BMW,HUMAN,Not Applicable,ENVMT,Pavement Slippery,Not Applicable,WBA8E3G57GNT26346
2018,15252242,SUBURBAN,PASSENGER OR SUBURBAN,Going Straight Ahead,Not Entered,East,Gas,2003,NY,2,6,DODGE,HUMAN,Not Applicable,HUMAN,Not Applicable,Not Applicable,1D4GP25R23B302978
2018,15252247,4 DOOR SEDAN,PASSENGER OR SUBURBAN,Going Straight Ahead,Not Entered,Northeast,Gas,2011,NY,1,4,VOLKS,HUMAN,Not Applicable,HUMAN,Following Too Closely,Not Applicable,3VW2K7AJ9BM021753
2018,15252259,4 DOOR SEDAN,PASSENGER OR SUBURBAN,Going Straight Ahead,Not Entered,North,Gas,2013,NY,1,4,HONDA,HUMAN,Not Applicable,ENVMT,Pavement Slippery,Not Applicable,19XFB2E54DE011861
2018,15252258,4 DOOR SEDAN,PASSENGER OR SUBURBAN,Going Straight Ahead,Not Entered,North,Gas,2003,NY,2,4,PONTI,HUMAN,Not Applicable,HUMAN,Reaction to Other Uninvolved Vehicle,Not Applicable,1G2NE52FX3C246941
2018,15252261,4 DOOR SEDAN,PASSENGER OR SUBURBAN,Going Straight Ahead,Not Entered,South,Gas,2016,NY,1,6,BUICK,HUMAN,Not Applicable,HUMAN,Traffic Control Device Disregarded,Not Applicable,1G4GC5G37GF153058
2018,15252260,SUBURBAN,PASSENGER OR SUBURBAN,Going Straight Ahead,Not Entered,East,Gas,2015,NY,1,6,BMW,HUMAN,Not Applicable,HUMAN,Not Applicable,Not Applicable,5UXKR0C59F0P01021
2018,15252264,4 DOOR SEDAN,PASSENGER OR SUBURBAN,Making Left Turn,Not Entered,South,Gas,2005,NY,1,4,HONDA,HUMAN,Driver Inattention/Distraction*,ENVMT,View Obstructed/Limited,Not Applicable,2HGES16605H533505
2018,15252263,4 DOOR SEDAN,PASSENGER OR SUBURBAN,Going Straight Ahead,Not Entered,West,Gas,2007,NY,1,6,HONDA,HUMAN,Not Applicable,HUMAN,Not Applicable,"Snow Embankment, Collision With Fixed Object",1HGCM65557A015950
2018,15252280,SUBURBAN,PASSENGER OR SUBURBAN,Making Left Turn,Not Entered,North,Gas,2016,NY,1,4,CHEVR,HUMAN,Not Applicable,HUMAN,Reaction to Other Uninvolved Vehicle,Not Applicable,KL7CJKSB1GB760082
2018,15252282,SUBURBAN,PASSENGER OR SUBURBAN,Going Straight Ahead,Not Entered,South,Gas,2008,NY,1,6,JEEP,HUMAN,Not Applicable,HUMAN,Unknown,"Light Support/Utility Pole, Collision With Fixed Object",1J8GR48K98C176453
2018,15252281,SUBURBAN,PASSENGER OR SUBURBAN,Making Left Turn,Not Entered,North,Gas,2018,NY,2,4,CHEVR,HUMAN,Unknown,HUMAN,Failure to Yield Right-of-Way,Not Entered,3GNAXJEVXJS568042
2018,15252283,PICKUP TRUCK,PASSENGER OR SUBURBAN,Going Straight Ahead,Not Entered,Northeast,Gas,2009,NY,1,8,CHEVR,HUMAN,Not Applicable,ENVMT,Pavement Slippery,Not Applicable,1GCEK19CX9Z291490
2018,15252284,SUBURBAN,PASSENGER OR SUBURBAN,Going Straight Ahead,Not Entered,South,Gas,2004,NY,1,6,FORD,HUMAN,Not Applicable,ENVMT,Animal's Action,Not Applicable,1FMZU73E24UB53324
2018,15252288,SUBURBAN,PASSENGER OR SUBURBAN,Parked,Not Entered,Southwest,Gas,2013,NY,0,6,FORD,HUMAN,Not Applicable,HUMAN,Not Applicable,Not Applicable,1FM5K8GT0DGC85287
2018,15252287,SUBURBAN,PASSENGER OR SUBURBAN,Parked,Not Entered,Southwest,Gas,2014,NY,0,4,CHEVR,HUMAN,Not Applicable,HUMAN,Not Applicable,"Other Motor Vehicle, Collision With",2GNFLEEK2E6156233
2018,15252286,4 DOOR SEDAN,PASSENGER OR SUBURBAN,Parked,Not Entered,Southwest,Gas,2006,NY,0,6,FORD,HUMAN,Not Applicable,HUMAN,Not Applicable,"Other Motor Vehicle, Collision With",3FAFP07166R236039
2018,15252285,SUBURBAN,PASSENGER OR SUBURBAN,Going Straight Ahead,Not Entered,West,Gas,2006,NY,2,4,HONDA,HUMAN,Passing or Lane Usage Improper,HUMAN,Unsafe Speed,Not Applicable,JHLRD68536C026830
2018,15252292,VAN TRUCK,AGRICULTURAL TRUCK,Parked,Not Entered,South,Diesel,2016,NY,0,6,FREIG,HUMAN,Not Applicable,HUMAN,Not Applicable,Not Applicable,1FVACWDT3GHHE0420
2018,15252291,4 DOOR SEDAN,PASSENGER OR SUBURBAN,Backing,Not Entered,West,Gas,2008,NY,1,6,DODGE,HUMAN,Backing Unsafely,ENVMT,View Obstructed/Limited,Not Applicable,2B3KA43G58H143640
2018,15252297,SUBURBAN,PASSENGER OR SUBURBAN,Going Straight Ahead,Not Entered,West,Gas,2018,NY,1,6,TOYOT,HUMAN,Not Applicable,ENVMT,Pavement Slippery,"Earth Embankment/Rock Cut/Ditch, Collision With Fixed Object",JTEBU5JR7J5484644
2018,15252296,SUBURBAN,PASSENGER OR SUBURBAN,Going Straight Ahead,Not Entered,East,Gas,2015,NY,1,6,NISSA,HUMAN,Unsafe Lane Changing,ENVMT,Pavement Slippery,Not Applicable,5N1AR2MMXFC704454
2018,15252299,4 DOOR SEDAN,PASSENGER OR SUBURBAN,Going Straight Ahead,Not Entered,East,Gas,2010,NY,1,4,AUDI,HUMAN,Not Applicable,HUMAN,Not Applicable,Not Applicable,WAUBFAFLXAN044538
2018,15252298,SUBURBAN,PASSENGER OR SUBURBAN,Going Straight Ahead,Not Entered,East,Gas,2016,NY,2,4,BUICK,HUMAN,Unsafe Lane Changing,ENVMT,Pavement Slippery,Not Applicable,KL4CJBSB4GB677078
2018,15252302,4 DOOR SEDAN,PASSENGER OR SUBURBAN,Going Straight Ahead,Not Entered,North,Gas,2012,NY,2,6,NISSA,HUMAN,Not Applicable,HUMAN,Unsafe Speed,Not Applicable,1N4AA5AP7CC800829
2018,15252307,4 DOOR SEDAN,PASSENGER OR SUBURBAN,Going Straight Ahead,Not Entered,North,Gas,2005,NY,1,6,CHEVR,HUMAN,Unsafe Speed,ENVMT,Pavement Slippery,Not Applicable,2G1WF52E859172183
2018,15252308,SUBURBAN,PASSENGER OR SUBURBAN,Going Straight Ahead,Not Entered,South,Gas,2007,NY,2,8,LA/RO,HUMAN,Not Applicable,HUMAN,Unsafe Speed,Not Applicable,SALSH23477A992002
2018,15252306,SUBURBAN,PASSENGER OR SUBURBAN,Going Straight Ahead,Not Entered,West,Gas,2017,NY,2,4,CHEVR,HUMAN,Not Applicable,HUMAN,Not Applicable,"Snow Embankment, Collision With Fixed Object",2GNALCEK2H1587168
2018,15252305,SUBURBAN,PASSENGER OR SUBURBAN,Making Left Turn,Not Entered,East,Gas,2006,NY,1,6,FORD,HUMAN,Not Applicable,HUMAN,Failure to Yield Right-of-Way,Not Applicable,1FMEU73E86UB55189
2018,15252312,SUBURBAN,PASSENGER OR SUBURBAN,Going Straight Ahead,Not Entered,East,Gas,2006,NY,1,6,TOYOT,HUMAN,Driver Inattention/Distraction*,HUMAN,Unsafe Speed,"Other Fixed Object*, Collision With Fixed Object",5TDZA23C26S569007
2018,15252314,PICKUP TRUCK,PASSENGER OR SUBURBAN,Going Straight Ahead,Not Entered,East,Gas,2003,NY,1,8,CHEVR,HUMAN,Not Applicable,HUMAN,Traffic Control Device Disregarded,Not Applicable,3GNEK13T73G196649
2018,15252313,PICKUP TRUCK,AGRICULTURAL TRUCK,Making Left Turn,Not Entered,North,Gas,2008,NY,2,10,FORD,HUMAN,Not Applicable,HUMAN,Not Applicable,Not Applicable,1FTSW21Y68ED79639
2018,15252317,SUBURBAN,PASSENGER OR SUBURBAN,Going Straight Ahead,Not Entered,West,Gas,2007,NY,3,6,CHEVR,HUMAN,Not Applicable,HUMAN,Not Applicable,Not Applicable,1GNDT13S972177891
2018,15252316,SUBURBAN,PASSENGER OR SUBURBAN,Making Left Turn,Not Entered,Southeast,Gas,2014,NY,1,4,FORD,HUMAN,Failure to Yield Right-of-Way,ENVMT,View Obstructed/Limited,Not Applicable,1FMCU0GX7EUB25710
2018,15252320,SUBURBAN,PASSENGER OR SUBURBAN,Going Straight Ahead,Not Entered,North,Gas,2014,NY,1,4,JEEP,HUMAN,Not Applicable,HUMAN,Not Applicable,Not Applicable,1C4PJMCB2EW151345
2018,15252319,SUBURBAN,PASSENGER OR SUBURBAN,Going Straight Ahead,Not Entered,South,Gas,2003,NY,2,6,JEEP,HUMAN,Unsafe Speed,ENVMT,Pavement Slippery,Not Applicable,1J4GW48S93C579318
2018,15252322,4 DOOR SEDAN,PASSENGER OR SUBURBAN,Going Straight Ahead,Not Entered,South,Gas,2008,NY,1,4,HONDA,HUMAN,Not Applicable,HUMAN,Not Applicable,Not Applicable,2HGFA16578H508247
2018,15252321,SUBURBAN,PASSENGER OR SUBURBAN,Going Straight Ahead,Not Entered,East,Gas,2016,NY,1,4,JEEP,HUMAN,Traffic Control Device Disregarded,ENVMT,Pavement Slippery,Not Applicable,1C4NJDEB6GD775801
2018,15252327,4 DOOR SEDAN,PASSENGER OR SUBURBAN,Going Straight Ahead,Not Entered,East,Gas,2005,NY,2,6,BUICK,HUMAN,Not Applicable,HUMAN,Not Applicable,Not Applicable,1G4HP54K05U135689
2018,15252326,4 DOOR SEDAN,PASSENGER OR SUBURBAN,Going Straight Ahead,Not Entered,East,Gas,2016,NY,2,4,CHEVR,HUMAN,Not Applicable,HUMAN,Not Applicable,Not Applicable,1G1BE5SM2G7322155
2018,15252325,PICKUP TRUCK,COMMERCIAL,Going Straight Ahead,Not Entered,East,Gas,2015,NY,2,8,CHEVR,HUMAN,Not Applicable,HUMAN,Following Too Closely,Not Applicable,1GCVKREC8FZ443606
2018,15252328,2 DOOR SEDAN,PASSENGER OR SUBURBAN,Going Straight Ahead,Not Entered,Southeast,Gas,2011,NY,1,4,TOYOT,HUMAN,Not Applicable,HUMAN,Unsafe Speed,Not Applicable,JTKJF5C71B3017473
2018,15252330,PICKUP TRUCK,PASSENGER OR SUBURBAN,Parked,Not Entered,North,Gas,2014,NY,0,8,GMC,HUMAN,Not Applicable,HUMAN,Not Applicable,Not Applicable,1GTV2UEC4EZ385351
2018,15252329,SUBURBAN,PASSENGER OR SUBURBAN,Backing,Not Entered,West,Gas,2008,NY,1,6,CHRYS,HUMAN,Backing Unsafely,HUMAN,Driver Inattention/Distraction*,Not Applicable,2A8HR54P28R629234
2018,15252332,SUBURBAN,PASSENGER OR SUBURBAN,Stopped in Traffic,Not Entered,South,Gas,2017,NY,2,4,GMC,HUMAN,Not Applicable,HUMAN,Not Applicable,Not Applicable,2GKFLTEK9H6286077
2018,15252331,4 DOOR SEDAN,PASSENGER OR SUBURBAN,Going Straight Ahead,Not Entered,Southeast,Gas,2006,NY,1,6,PONTI,HUMAN,Not Applicable,HUMAN,Unsafe Speed,Not Applicable,1G2ZH578564179697
2018,15252334,SUBURBAN,PASSENGER OR SUBURBAN,Making Left Turn,Not Entered,North,Gas,2010,NY,1,6,FORD,HUMAN,Not Applicable,HUMAN,Not Applicable,Not Applicable,1FMEU7EE9AUA24360
2018,15252333,4 DOOR SEDAN,PASSENGER OR SUBURBAN,Going Straight Ahead,Not Entered,North,Gas,2015,NY,2,4,CHEVR,HUMAN,Not Applicable,ENVMT,Pavement Slippery,Not Applicable,1G11C5SL6FF331017
2018,15252336,SUBURBAN,SPORTS,Merging,Not Entered,West,Gas,2005,NY,1,8,FORD,HUMAN,Not Applicable,HUMAN,Not Applicable,Not Applicable,1FMZU73W75UA11691
2018,15252335,4 DOOR SEDAN,PASSENGER OR SUBURBAN,Going Straight Ahead,Not Entered,West,Gas,2011,NY,3,6,FORD,HUMAN,Not Applicable,HUMAN,Unsafe Speed,Not Applicable,3FAHP0JG7BR276260
2018,15252338,SUBURBAN,PASSENGER OR SUBURBAN,Going Straight Ahead,Not Entered,East,Gas,2012,NY,2,4,SUBAR,HUMAN,Not Applicable,HUMAN,Not Applicable,Not Applicable,4S4BRBGC3C3290128
2018,15252337,SUBURBAN,PASSENGER OR SUBURBAN,Making Left Turn,Not Entered,North,Gas,2007,NY,1,6,JEEP,HUMAN,Alcohol Involvement,HUMAN,Failure to Yield Right-of-Way,Not Applicable,1J8GR48K77C541937
2018,15252342,SUBURBAN,PASSENGER OR SUBURBAN,Going Straight Ahead,Not Entered,West,Gas,2017,NY,1,4,TOYOT,HUMAN,Not Applicable,HUMAN,Not Applicable,Not Applicable,JTMRFREVXHJ161749
2018,15252341,SUBURBAN,PASSENGER OR SUBURBAN,Making Left Turn,Not Entered,South,Gas,2012,NY,2,4,FORD,HUMAN,Not Applicable,HUMAN,Failure to Yield Right-of-Way,Not Applicable,1FMCU9C7XCKA36829
2018,15252344,4 DOOR SEDAN,PASSENGER OR SUBURBAN,Going Straight Ahead,Not Entered,South,Gas,2015,NY,2,6,LEXUS,HUMAN,Not Applicable,HUMAN,Driver Inattention/Distraction*,Not Applicable,JTHCF1D26F5017988
2018,15252343,4 DOOR SEDAN,PASSENGER OR SUBURBAN,Parked,Not Entered,South,Gas,2016,NY,0,6,INFIN,HUMAN,Not Applicable,HUMAN,Unknown,Not Applicable,JN1FV7AR9GM450561
2018,15252350,4 DOOR SEDAN,PASSENGER OR SUBURBAN,Going Straight Ahead,Not Entered,East,Gas,2007,NY,1,4,HYUND,HUMAN,Not Applicable,ENVMT,Animal's Action,Not Applicable,5NPET46CX7H189579
2018,15252352,SUBURBAN,PASSENGER OR SUBURBAN,Parked,Not Entered,East,Gas,2014,NY,0,6,HYUND,HUMAN,Not Applicable,HUMAN,Not Applicable,Not Applicable,KM8SNDHF6EU052741
2018,15252356,SUBURBAN,PASSENGER OR SUBURBAN,Stopped in Traffic,Not Entered,East,Gas,2004,NY,1,6,NISSA,HUMAN,Not Applicable,HUMAN,Not Applicable,Not Applicable,5N1ED28YX4C646775
2018,15252355,SUBURBAN,PASSENGER OR SUBURBAN,Slowing or Stopping,Not Entered,East,Gas,2014,NY,1,6,NISSA,HUMAN,Unsafe Speed,ENVMT,Pavement Slippery,Not Applicable,5N1AR2MM5EC614773
2018,15252357,SUBURBAN,PASSENGER OR SUBURBAN,Making Right Turn,Not Entered,Northwest,Gas,2013,NY,1,4,FORD,HUMAN,Not Applicable,HUMAN,Aggressive Driving/Road Rage,Not Applicable,1FMCU9G98DUB47168
2018,15252369,PICKUP TRUCK,PASSENGER OR SUBURBAN,Stopped in Traffic,Not Entered,West,Gas,2004,NY,1,8,CHEVR,HUMAN,Not Applicable,HUMAN,Not Applicable,Not Applicable,1GCEK19T34Z311250
2018,15252368,SUBURBAN,PASSENGER OR SUBURBAN,Slowing or Stopping,Not Entered,Northeast,Gas,2015,NY,1,4,JEEP,HUMAN,Not Applicable,ENVMT,Pavement Slippery,Not Applicable,1C4NJDBB8FD153817
2018,15252373,4 DOOR SEDAN,PASSENGER OR SUBURBAN,Slowing or Stopping,Not Entered,South,Gas,1998,NY,1,4,HONDA,HUMAN,Not Applicable,HUMAN,Not Applicable,Not Applicable,1HGCG5649WA078989
2018,15252372,DUMP,COMMERCIAL,Going Straight Ahead,Not Entered,South,Diesel,2003,NY,2,6,MACK,HUMAN,Not Applicable,HUMAN,Following Too Closely,Not Applicable,1M2K185C03M009359
2018,15252379,4 DOOR SEDAN,PASSENGER OR SUBURBAN,Going Straight Ahead,Not Entered,North,Gas,2009,NY,5,4,TOYOT,HUMAN,Not Applicable,HUMAN,Not Applicable,"Light Support/Utility Pole, Collision With Fixed Object",4T1BE46K49U899635
2018,15252378,PICKUP TRUCK,AGRICULTURAL TRUCK,Making Left Turn,Not Entered,East,Gas,1973,NY,1,6,FORD,HUMAN,Driver Inattention/Distraction*,HUMAN,Failure to Yield Right-of-Way,Not Applicable,F25BCR08209
2018,15252381,4 DOOR SEDAN,PASSENGER OR SUBURBAN,Going Straight Ahead,Not Entered,South,Gas,2016,NY,1,4,TOYOT,HUMAN,Not Applicable,HUMAN,Not Applicable,Not Applicable,2T1BURHE7GC731168
2018,15252380,SUBURBAN,PASSENGER OR SUBURBAN,Going Straight Ahead,Not Entered,Northwest,Gas,2008,NY,2,4,MAZDA,HUMAN,Not Applicable,ENVMT,Pavement Slippery,Not Applicable,JM3ER293X80215702
2018,15252389,4 DOOR SEDAN,PASSENGER OR SUBURBAN,Going Straight Ahead,Not Entered,North,Gas,2016,NY,1,4,CHRYS,HUMAN,Not Applicable,HUMAN,Not Applicable,Not Applicable,1C3CCCAB0GN140928
2018,15252393,SUBURBAN,PASSENGER OR SUBURBAN,Starting from Parking,Not Entered,North,Gas,2018,NY,1,4,GMC,HUMAN,Not Applicable,HUMAN,Not Applicable,Not Applicable,3GKALTEV2JL205832
2018,15252392,4 DOOR SEDAN,PASSENGER OR SUBURBAN,Going Straight Ahead,Not Entered,North,Gas,2009,NY,3,4,CHEVR,HUMAN,Not Applicable,HUMAN,Not Applicable,Not Applicable,1G1AT58H597299064
2018,15252398,4 DOOR SEDAN,PASSENGER OR SUBURBAN,Going Straight Ahead,Not Entered,South,Gas,1998,NY,1,4,HONDA,HUMAN,Not Applicable,HUMAN,Not Applicable,Not Applicable,2HGEJ6679WH584852
2018,15252418,4 DOOR SEDAN,PASSENGER OR SUBURBAN,Going Straight Ahead,Not Entered,Southwest,Gas,2014,NY,1,4,CHEVR,HUMAN,Not Applicable,HUMAN,Not Applicable,Not Applicable,1G11C5SL3EF272197
2018,15252417,4 DOOR SEDAN,PASSENGER OR SUBURBAN,Going Straight Ahead,Not Entered,Northeast,Gas,2010,NY,1,4,DODGE,HUMAN,Unsafe Speed,ENVMT,Pavement Slippery,Not Applicable,1B3CC5FB3AN144027
2018,15252435,SUBURBAN,PASSENGER OR SUBURBAN,Going Straight Ahead,Not Entered,East,Gas,2005,NY,1,6,SATUR,HUMAN,Unsafe Speed,ENVMT,Pavement Slippery,Not Applicable,5GZCZ63455S813591
2018,15252436,SUBURBAN,PASSENGER OR SUBURBAN,Going Straight Ahead,Not Entered,North,Gas,2001,NY,5,6,JEEP,HUMAN,Unsafe Speed,HUMAN,Failure to Keep Right,"Overturned, Non-Collision",1J4GW58S41C717737
2018,15252437,4 DOOR SEDAN,PASSENGER OR SUBURBAN,Going Straight Ahead,Not Entered,North,Gas,2005,NY,1,4,TOYOT,HUMAN,Unsafe Speed,ENVMT,Pavement Slippery,"Guide Rail - Not At End, Collision With Fixed Object",JTDBE30K453037183
2018,15252439,SUBURBAN,PASSENGER OR SUBURBAN,Going Straight Ahead,Not Entered,East,Gas,2017,NY,5,6,FORD,HUMAN,Not Applicable,ENVMT,Animal's Action,Not Applicable,1FM5K8D87HGB73110
2018,15252440,4 DOOR SEDAN,PASSENGER OR SUBURBAN,Going Straight Ahead,Not Entered,East,Gas,2013,NY,1,4,NISSA,HUMAN,Unsafe Speed,ENVMT,Pavement Slippery,Not Applicable,3N1AB7AP6DL639952
2018,15252438,4 DOOR SEDAN,PASSENGER OR SUBURBAN,Going Straight Ahead,Not Entered,West,Gas,2013,NY,1,4,NISSA,HUMAN,Not Applicable,ENVMT,Animal's Action,Not Applicable,3N1AB7AP4DL714065
2018,15252441,PICKUP TRUCK,PASSENGER OR SUBURBAN,Going Straight Ahead,Not Entered,South,Gas,2015,NY,1,8,FORD,HUMAN,Not Applicable,ENVMT,Animal's Action,Not Applicable,1FTFX1EF1FFC04949
2018,15252449,4 DOOR SEDAN,PASSENGER OR SUBURBAN,Stopped in Traffic,Not Entered,North,Gas,2013,NY,1,4,CHEVR,HUMAN,Not Applicable,HUMAN,Not Applicable,Not Applicable,1G11J5SX9DF343894
2018,15252448,SUBURBAN,PASSENGER OR SUBURBAN,Backing,Not Entered,South,Gas,2016,NY,1,4,FORD,HUMAN,Not Applicable,HUMAN,Backing Unsafely,Not Applicable,1FMCU9GXXGUA13359
2018,15252450,4 DOOR SEDAN,PASSENGER OR SUBURBAN,Going Straight Ahead,Not Entered,North,Gas,2012,NY,3,4,KIA,HUMAN,Unsafe Speed,ENVMT,Pavement Slippery,Not Applicable,5XXGM4A79CG060674
2018,15252452,FLAT BED TRUCK,COMMERCIAL,Making Left Turn,Not Entered,West,Gas,1991,NY,1,8,GMC,HUMAN,Not Applicable,HUMAN,Not Applicable,Not Applicable,1GDJ6H1P7MJ521161
2018,15252451,SUBURBAN,PASSENGER OR SUBURBAN,Going Straight Ahead,Not Entered,East,Gas,1997,NY,1,6,CHEVR,HUMAN,Unsafe Speed,ENVMT,Pavement Slippery,Not Applicable,1GNCT18WXVK115808