Year,Case Vehicle ID,Vehicle Body Type,Registration Class,Action Prior to Accident,Type / Axles of Truck or Bus,Direction of Travel,Fuel Type,Vehicle Year,State of Registration,Number of Occupants,Engine Cylinders,Vehicle Make,Contributing Factor 1,Contributing Factor 1 Description,Contributing Factor 2,Contributing Factor 2 Description,Event Type,Partial VIN
2018,15252454,4 DOOR SEDAN,PASSENGER OR SUBURBAN,Going Straight Ahead,Not Entered,East,Gas,2004,NY,3,6,CHEVR,HUMAN,Not Applicable,HUMAN,Not Applicable,Not Applicable,1G1ZT54824F119918
2018,15252453,4 DOOR SEDAN,PASSENGER OR SUBURBAN,Backing,Not Entered,North,Gas,2007,NY,1,4,SATUR,HUMAN,Backing Unsafely,ENVMT,View Obstructed/Limited,Not Applicable,1G8AJ55F27Z163471
2018,15252455,PICKUP TRUCK,PASSENGER OR SUBURBAN,Going Straight Ahead,Not Entered,South,Gas,2000,NY,1,8,CHEVR,HUMAN,Not Applicable,ENVMT,Pavement Slippery,Not Applicable,1GCGK29U8YE431839
2018,15252457,4 DOOR SEDAN,PASSENGER OR SUBURBAN,Going Straight Ahead,Not Entered,South,Gas,2008,NY,1,6,CHEVR,HUMAN,Not Applicable,HUMAN,Not Applicable,Not Applicable,2G1WB58N581284865
2018,15252456,SUBURBAN,PASSENGER OR SUBURBAN,Making Right Turn,Not Entered,East,Gas,2011,NY,1,6,KIA,HUMAN,Not Applicable,HUMAN,Failure to Yield Right-of-Way,Not Applicable,KNDMG4C74B6376469
2018,15252459,SUBURBAN,PASSENGER OR SUBURBAN,Starting in Traffic,Not Entered,East,Gas,2003,NY,3,8,TOYOT,HUMAN,Not Applicable,HUMAN,Not Applicable,Not Applicable,5TDBT44A63S198191
2018,15252458,2 DOOR SEDAN,PASSENGER OR SUBURBAN,Going Straight Ahead,Not Entered,East,Gas,1998,NY,1,6,FORD,HUMAN,Unsafe Speed,ENVMT,Pavement Slippery,Not Applicable,1FAFP4046WF147693
2018,15252466,SUBURBAN,ORGANIZATIONAL,Slowing or Stopping,Not Entered,South,Gas,2008,NY,2,6,JEEP,HUMAN,Not Applicable,ENVMT,Pavement Slippery,Not Applicable,1J8GN58K08W191827
2018,15252469,SUBURBAN,PASSENGER OR SUBURBAN,Going Straight Ahead,Not Entered,North,Gas,1992,NY,1,6,JEEP,HUMAN,Unsafe Speed,ENVMT,Pavement Slippery,Not Applicable,2J4FY49S8NJ502906
2018,15252470,4 DOOR SEDAN,PASSENGER OR SUBURBAN,Going Straight Ahead,Not Entered,North,Gas,2000,NY,1,4,CHEVR,HUMAN,Alcohol Involvement,HUMAN,Failure to Keep Right,Not Applicable,3G1JC5241YS135137
2018,15252475,SUBURBAN,PASSENGER OR SUBURBAN,Going Straight Ahead,Not Entered,South,Gas,1998,NY,1,4,SUBAR,HUMAN,Unsafe Speed,ENVMT,Pavement Slippery,"Overturned, Non-Collision",4S3BG6850W7628762
2018,15252477,SUBURBAN,PASSENGER OR SUBURBAN,Going Straight Ahead,Not Entered,North,Gas,2003,NY,1,6,DODGE,HUMAN,Unsafe Speed,ENVMT,Pavement Slippery,Not Applicable,1D4GP44383B248000
2018,15252478,SUBURBAN,POLITICAL SUBDIVISION,Going Straight Ahead,Not Entered,South,Gas,2014,NY,1,6,DODGE,HUMAN,Not Applicable,ENVMT,Animal's Action,Not Applicable,2C4RDGBG0ER462649
2018,15252479,4 DOOR SEDAN,PASSENGER OR SUBURBAN,Going Straight Ahead,Not Entered,North,Gas,2005,NY,1,6,BUICK,HUMAN,Unsafe Speed,ENVMT,Pavement Slippery,Not Applicable,1G4HP52K05U260758
2018,15252480,PICKUP TRUCK,PASSENGER OR SUBURBAN,Going Straight Ahead,Not Entered,West,Gas,2016,NY,1,8,FORD,HUMAN,Unsafe Speed,ENVMT,Pavement Slippery,"Median - Not At End, Collision With Fixed Object",1FTEW1EF6GFA49332
2018,15252481,SUBURBAN,PASSENGER OR SUBURBAN,Going Straight Ahead,Not Entered,East,Gas,2010,NY,1,4,SUBAR,HUMAN,Not Applicable,ENVMT,Animal's Action,Not Applicable,JF2SH6AC8AH746231
2018,15252484,SUBURBAN,PASSENGER OR SUBURBAN,Going Straight Ahead,Not Entered,North,Gas,2015,NY,1,6,TOYOT,HUMAN,Not Applicable,ENVMT,Animal's Action,Not Entered,5TDKK3DC2FS540366
2018,15252483,SUBURBAN,PASSENGER OR SUBURBAN,Parked,Not Entered,North,Gas,2012,NY,0,6,DODGE,HUMAN,Not Applicable,HUMAN,Not Applicable,Not Applicable,3C4PDDDGXCT185831
2018,15252482,PICKUP TRUCK,AGRICULTURAL TRUCK,Backing,Not Entered,North,Diesel,2002,NY,1,8,GMC,HUMAN,Backing Unsafely,ENVMT,View Obstructed/Limited,Not Applicable,1GTJK33122F208255
2018,15252486,SUBURBAN,PASSENGER OR SUBURBAN,Going Straight Ahead,Not Entered,South,Gas,2012,NY,2,6,JEEP,HUMAN,Unsafe Speed,ENVMT,Pavement Slippery,"Guide Rail - Not At End, Collision With Fixed Object",1C4PJMAK0CW142451
2018,15252488,SUBURBAN,PASSENGER OR SUBURBAN,Going Straight Ahead,Not Entered,East,Gas,1997,NY,4,4,JEEP,VEHICLE,Tire Failure/Inadequate,ENVMT,Pavement Slippery,Not Applicable,1J4FY29P2VP488603
2018,15252491,SUBURBAN,PASSENGER OR SUBURBAN,Going Straight Ahead,Not Entered,East,Gas,2013,NY,1,6,FORD,ENVMT,Animal's Action,ENVMT,Shoulders Defective/Improper,Not Applicable,1FM5K8D88DGA91199
2018,15252492,4 DOOR SEDAN,PASSENGER OR SUBURBAN,Going Straight Ahead,Not Entered,North,Gas,2002,NY,1,4,HYUND,HUMAN,Not Applicable,HUMAN,Unsafe Lane Changing,Not Applicable,KMHWF25S52A655021
2018,15252494,SUBURBAN,PASSENGER OR SUBURBAN,Going Straight Ahead,Not Entered,West,Gas,2010,NY,1,6,HONDA,HUMAN,Not Applicable,HUMAN,Not Applicable,Not Applicable,5FNYF4H89AB039949
2018,15252493,SUBURBAN,PASSENGER OR SUBURBAN,Starting in Traffic,Not Entered,South,Gas,2013,NY,1,6,TOYOT,HUMAN,Not Applicable,HUMAN,Failure to Yield Right-of-Way,Not Applicable,5TDBK3EHXDS271847
2018,15252495,4 DOOR SEDAN,PASSENGER OR SUBURBAN,Making Left Turn,Not Entered,South,Gas,2010,NY,1,6,FORD,HUMAN,Not Applicable,VEHICLE,Brakes Defective,Not Applicable,1FAHP2KT1AG106263
2018,15252496,CONVERTIBLE,PASSENGER OR SUBURBAN,Going Straight Ahead,Not Entered,South,Gas,2017,NY,1,4,AUDI,HUMAN,Not Applicable,HUMAN,Unsafe Speed,Not Applicable,TRUT5CFV9H1004353
2018,15252500,4 DOOR SEDAN,PASSENGER OR SUBURBAN,Going Straight Ahead,Not Entered,Southwest,Gas,2002,NY,1,6,CHEVR,HUMAN,Not Applicable,HUMAN,Not Applicable,Not Applicable,2G1WF52E629287232
2018,15252499,PICKUP TRUCK,AGRICULTURAL TRUCK,Slowing or Stopping,Not Entered,Northwest,Gas,2011,NY,1,8,CHEVR,HUMAN,Traffic Control Device Disregarded,ENVMT,Pavement Slippery,Not Applicable,1GC1KXCG4BF243312
2018,15252498,VAN TRUCK,COMMERCIAL,Starting in Traffic,Not Entered,North,Gas,2016,NY,1,4,FORD,HUMAN,Not Applicable,HUMAN,Not Applicable,Not Applicable,NM0LS7E74G1287236
2018,15252497,SUBURBAN,PASSENGER OR SUBURBAN,Slowing or Stopping,Not Entered,North,Gas,2012,NY,4,6,HONDA,HUMAN,Not Applicable,HUMAN,Following Too Closely,Not Applicable,5FNYF4H51CB085073
2018,15252502,PICKUP TRUCK,PASSENGER OR SUBURBAN,Going Straight Ahead,Not Entered,South,Gas,1999,NY,1,4,CHEVR,HUMAN,Not Applicable,HUMAN,Not Applicable,"Guide Rail - Not At End, Collision With Fixed Object",1GCCS1447X8169633
2018,15252501,PICKUP TRUCK,PASSENGER OR SUBURBAN,Going Straight Ahead,Not Entered,Southeast,Gas,2017,NY,1,6,TOYOT,HUMAN,Unsafe Speed,ENVMT,Pavement Slippery,Not Applicable,5TFCZ5AN1HX069891
2018,15252503,4 DOOR SEDAN,PASSENGER OR SUBURBAN,Going Straight Ahead,Not Entered,North,Gas,2014,NY,1,6,CHRYS,HUMAN,Unsafe Speed,ENVMT,Pavement Slippery,Not Applicable,1C3CCBAG3EN157743
2018,15252507,2 DOOR SEDAN,PASSENGER OR SUBURBAN,Stopped in Traffic,Not Entered,South,Gas,1995,NY,1,4,ACURA,HUMAN,Not Applicable,HUMAN,Not Applicable,Not Applicable,JH4DC4456SS015629
2018,15252506,PICKUP TRUCK,AGRICULTURAL TRUCK,Backing,Not Entered,North,Gas,2007,NY,1,8,DODGE,HUMAN,Not Applicable,HUMAN,Backing Unsafely,Not Applicable,1D7KS28D77J577284
2018,15252509,4 DOOR SEDAN,PASSENGER OR SUBURBAN,Slowing or Stopping,Not Entered,North,Gas,2005,NY,1,6,FORD,HUMAN,Not Applicable,HUMAN,Not Applicable,Not Applicable,1FAFP53U65A228769
2018,15252508,SUBURBAN,PASSENGER OR SUBURBAN,Going Straight Ahead,Not Entered,North,Gas,2012,NY,1,4,SUBAR,HUMAN,Not Applicable,HUMAN,Following Too Closely,Not Applicable,4S4BRBLC4C3243440
2018,15252513,2 DOOR SEDAN,PASSENGER OR SUBURBAN,Stopped in Traffic,Not Entered,West,Gas,2011,NY,1,6,HONDA,HUMAN,Not Applicable,HUMAN,Not Applicable,Not Applicable,1HGCS2B81BA007544
2018,15252512,SUBURBAN,PASSENGER OR SUBURBAN,Going Straight Ahead,Not Entered,West,Gas,2009,NY,1,6,GMC,HUMAN,Not Applicable,HUMAN,Following Too Closely,Not Applicable,1GKEV13D79J199846
2018,15252517,PICKUP TRUCK,COMMERCIAL,Going Straight Ahead,Not Entered,Northwest,Gas,2004,NY,1,8,CHEVR,HUMAN,Not Applicable,HUMAN,Failure to Yield Right-of-Way,Not Entered,1GCHK23U34F165745
2018,15355561,SUBURBAN,PASSENGER OR SUBURBAN,Going Straight Ahead,Not Entered,Northeast,Gas,2014,NY,1,4,HONDA,HUMAN,Not Entered,HUMAN,Not Entered,Not Entered,2HKRM4H78EH707491
2018,15252519,TRACTOR,INTERNATIONAL REGISTRATION,Going Straight Ahead,Not Entered,East,Diesel,2006,NY,1,6,INTER,HUMAN,Unsafe Speed,ENVMT,Pavement Slippery,Not Applicable,2HSCNSCR76C327623
2018,15252521,4 DOOR SEDAN,PASSENGER OR SUBURBAN,Changing Lanes,Not Entered,North,Gas,2012,NY,1,6,DODGE,HUMAN,Not Applicable,HUMAN,Reaction to Other Uninvolved Vehicle,Not Applicable,2C3CDXHG5CH302299
2018,15252520,SUBURBAN,PASSENGER OR SUBURBAN,Going Straight Ahead,Not Entered,North,Gas,2017,NY,1,4,HONDA,HUMAN,Not Applicable,HUMAN,Failure to Yield Right-of-Way,Not Applicable,3CZRU6H71HM709135
2018,15252522,CONVERTIBLE,PASSENGER OR SUBURBAN,Going Straight Ahead,Not Entered,East,Gas,2002,NY,1,6,MITSU,HUMAN,Unsafe Speed,ENVMT,Pavement Slippery,Not Applicable,4A3AE85H22E075434
2018,15252524,SUBURBAN,PASSENGER OR SUBURBAN,Going Straight Ahead,Not Entered,East,Gas,2009,NY,1,6,KIA,HUMAN,Not Applicable,HUMAN,Not Applicable,"Guide Rail - Not At End, Collision With Fixed Object",KNDJE723X97640517
2018,15252523,4 DOOR SEDAN,PASSENGER OR SUBURBAN,Merging,Not Entered,East,Gas,2006,NY,1,4,CHEVR,HUMAN,Unsafe Speed,ENVMT,Pavement Slippery,Not Applicable,1G1ZT51F36F275830
2018,15252525,SUBURBAN,SPECIAL PASSENGER,Going Straight Ahead,Not Entered,West,Gas,2016,NY,1,6,FORD,HUMAN,Not Applicable,ENVMT,Pavement Slippery,Not Applicable,1FMJK1MT6GEF16560
2018,15252528,4 DOOR SEDAN,PASSENGER OR SUBURBAN,Going Straight Ahead,Not Entered,East,Gas,2017,NY,2,4,TOYOT,HUMAN,Not Applicable,HUMAN,Not Applicable,"Snow Embankment, Collision With Fixed Object",2T1BURHE0HC829458
2018,15252527,4 DOOR SEDAN,PASSENGER OR SUBURBAN,Going Straight Ahead,Not Entered,East,Gas,2008,NY,1,4,TOYOT,HUMAN,Passing or Lane Usage Improper,ENVMT,Pavement Slippery,Not Applicable,JTDBT923981270653
2018,15252531,DUMP,POLITICAL SUBDIVISION,Going Straight Ahead,Not Entered,East,Diesel,2016,NY,1,6,WE/ST,HUMAN,Not Applicable,HUMAN,Not Applicable,Not Applicable,5KKHAVDV5GLGZ9851
2018,15252530,SUBURBAN,PASSENGER OR SUBURBAN,Going Straight Ahead,Not Entered,East,Gas,2018,NY,1,4,HONDA,HUMAN,Unsafe Speed,ENVMT,Pavement Slippery,Not Applicable,2HKRW2H84JH602884
2018,15252533,PICKUP TRUCK,ORGANIZATIONAL COMMERCIAL,Stopped in Traffic,Not Entered,East,Gas,2010,NY,2,8,CHEVR,HUMAN,Not Applicable,HUMAN,Not Applicable,Not Applicable,3GCRKREA0AG190919
2018,15252532,SUBURBAN,PASSENGER OR SUBURBAN,Slowing or Stopping,Not Entered,East,Gas,2014,NY,1,4,AUDI,HUMAN,Following Too Closely,ENVMT,Pavement Slippery,Not Applicable,WA1LFAFP9EA027375
2018,15252534,SUBURBAN,PASSENGER OR SUBURBAN,Going Straight Ahead,Not Entered,East,Gas,2014,NY,2,4,HONDA,HUMAN,Unsafe Speed,ENVMT,Pavement Slippery,Not Applicable,2HKRM4H58EH692554
2018,15252536,SUBURBAN,PASSENGER OR SUBURBAN,Going Straight Ahead,Not Entered,West,Gas,2012,NY,2,4,SUBAR,HUMAN,Unsafe Speed,ENVMT,Pavement Slippery,Not Applicable,4S4BRBJC9C3223008
2018,15252535,4 DOOR SEDAN,PASSENGER OR SUBURBAN,Going Straight Ahead,Not Entered,West,Gas,2010,NY,1,4,TOYOT,HUMAN,Unsafe Speed,ENVMT,Pavement Slippery,Not Applicable,JTDBU4EEXAJ072408
2018,15252539,4 DOOR SEDAN,PASSENGER OR SUBURBAN,Slowing or Stopping,Not Entered,East,Gas,2015,NY,1,4,CHEVR,HUMAN,Not Applicable,HUMAN,Not Applicable,Not Applicable,1G11C5SL9FF123407
2018,15252541,SUBURBAN,PASSENGER OR SUBURBAN,Stopped in Traffic,Not Entered,East,Gas,2007,NY,1,6,HYUND,HUMAN,Not Applicable,HUMAN,Not Applicable,Not Applicable,5NMSG13D87H100009
2018,15252540,SUBURBAN,PASSENGER OR SUBURBAN,Slowing or Stopping,Not Entered,East,Gas,2007,NY,2,6,LEXUS,HUMAN,Unsafe Speed,ENVMT,Pavement Slippery,Not Applicable,2T2HK31U27C020083
2018,15252543,4 DOOR SEDAN,PASSENGER OR SUBURBAN,Stopped in Traffic,Not Entered,East,Gas,2013,NY,1,4,TOYOT,HUMAN,Not Applicable,HUMAN,Not Applicable,Not Applicable,JTDKN3DU6D5575463
2018,15252542,PICKUP TRUCK,COMMERCIAL,Slowing or Stopping,Not Entered,East,Gas,2016,NY,2,8,CHEVR,HUMAN,Following Too Closely,ENVMT,Pavement Slippery,Not Applicable,1GCVKRECXGZ235065
2018,15252544,SUBURBAN,PASSENGER OR SUBURBAN,Going Straight Ahead,Not Entered,East,Gas,2017,NY,1,4,TOYOT,HUMAN,Reaction to Other Uninvolved Vehicle,ENVMT,Pavement Slippery,"Snow Embankment, Collision With Fixed Object",JTMBFREV8HJ118495
2018,15252546,4 DOOR SEDAN,PASSENGER OR SUBURBAN,Slowing or Stopping,Not Entered,East,Gas,2010,NY,1,6,PONTI,HUMAN,Not Applicable,HUMAN,Unsafe Speed,Not Applicable,1G2ZA5EKXA4133083
2018,15252547,4 DOOR SEDAN,PASSENGER OR SUBURBAN,Going Straight Ahead,Not Entered,West,Gas,2009,NY,1,4,NISSA,HUMAN,Not Applicable,ENVMT,Animal's Action,Not Applicable,1N4AL21E49N452184
2018,15252549,4 DOOR SEDAN,PASSENGER OR SUBURBAN,Going Straight Ahead,Not Entered,West,Gas,2009,NY,1,5,VOLKS,HUMAN,Not Applicable,HUMAN,Unsafe Speed,Not Applicable,3VWRZ71K59M086712
2018,15252550,PICKUP TRUCK,PASSENGER OR SUBURBAN,Going Straight Ahead,Not Entered,West,Gas,2004,NY,1,8,DODGE,HUMAN,Unsafe Speed,ENVMT,Pavement Slippery,Not Applicable,1D7HU18D74S538229
2018,15252551,SUBURBAN,PASSENGER OR SUBURBAN,Going Straight Ahead,Not Entered,West,Gas,2013,NY,1,4,SUBAR,ENVMT,Animal's Action,ENVMT,Pavement Slippery,Not Applicable,JF2SHADC2DH445781
2018,15252553,4 DOOR SEDAN,PASSENGER OR SUBURBAN,Going Straight Ahead,Not Entered,West,Gas,2014,NY,1,4,FORD,HUMAN,Driver Inattention/Distraction*,HUMAN,Reaction to Other Uninvolved Vehicle,Not Applicable,1FADP3F22EL370224
2018,15252555,4 DOOR SEDAN,PASSENGER OR SUBURBAN,Overtaking/Passing,Not Entered,East,Gas,2008,NY,1,4,CHEVR,HUMAN,Unsafe Lane Changing,HUMAN,Passing Too Closely,Not Applicable,KL1TD56608B061821
2018,15252561,4 DOOR SEDAN,PASSENGER OR SUBURBAN,Going Straight Ahead,Not Entered,West,Gas,2014,NY,1,4,CHEVR,HUMAN,Unsafe Speed,ENVMT,Pavement Slippery,Not Applicable,1G11B5SL3EF183359
2018,15252564,4 DOOR SEDAN,PASSENGER OR SUBURBAN,Parked,Not Entered,West,Gas,2013,NY,0,4,CHEVR,HUMAN,Not Applicable,HUMAN,Not Applicable,Not Applicable,1G1PB5SG4D7229528
2018,15252563,SUBURBAN,PASSENGER OR SUBURBAN,Backing,Not Entered,North,Gas,2005,NY,1,6,CHEVR,HUMAN,Not Applicable,HUMAN,Backing Unsafely,Not Applicable,1GNDT13S952253557
2018,15252566,SUBURBAN,PASSENGER OR SUBURBAN,Going Straight Ahead,Not Entered,West,Gas,2003,NY,1,4,SUBAR,HUMAN,Unsafe Speed,HUMAN,Unsafe Lane Changing,Not Applicable,4S3BH675637633765
2018,15252565,SUBURBAN,PASSENGER OR SUBURBAN,Going Straight Ahead,Not Entered,West,Gas,2016,NY,1,4,JEEP,HUMAN,Not Applicable,HUMAN,Not Applicable,Not Applicable,1C4NJDBB4GD797090
2018,15252567,SUBURBAN,PASSENGER OR SUBURBAN,Going Straight Ahead,Not Entered,North,Gas,2014,NY,1,4,TOYOT,HUMAN,Unsafe Speed,ENVMT,Pavement Slippery,Not Applicable,JTLZE4FE7EJ053142
2018,15252570,TRACTOR,AGRICULTURAL TRUCK,Going Straight Ahead,Not Entered,East,Diesel,2015,NY,2,6,KENWO,HUMAN,Unsafe Speed,ENVMT,Pavement Slippery,"Guide Rail - Not At End, Collision With Fixed Object",2XKHAJ8X3FM438227
2018,15252572,PICKUP TRUCK,SPECIAL PASSENGER,Going Straight Ahead,Not Entered,West,Gas,2014,NY,2,8,CHEVR,HUMAN,Not Applicable,HUMAN,Not Applicable,Not Applicable,1GCVKREC4EZ109863
2018,15252571,2 DOOR SEDAN,PASSENGER OR SUBURBAN,Going Straight Ahead,Not Entered,West,Gas,2006,NY,1,4,CHEVR,HUMAN,Unsafe Speed,HUMAN,Unsafe Lane Changing,Not Applicable,1G1AL15F467708372
2018,15252573,PICKUP TRUCK,PASSENGER OR SUBURBAN,Going Straight Ahead,Not Entered,East,Gas,2013,NY,1,8,GMC,HUMAN,Fell Asleep,HUMAN,Unsafe Lane Changing,Not Applicable,3GTP2VE78DG273930
2018,15252574,4 DOOR SEDAN,PASSENGER OR SUBURBAN,Going Straight Ahead,Not Entered,South,Gas,2011,NY,1,6,BMW,HUMAN,Alcohol Involvement,HUMAN,Unsafe Speed,Not Applicable,WBAPL5G59BNN21872
2018,15252575,4 DOOR SEDAN,PASSENGER OR SUBURBAN,Going Straight Ahead,Not Entered,East,Gas,2009,NY,3,4,CHEVR,HUMAN,Unsafe Speed,ENVMT,Pavement Slippery,Not Applicable,1G1AT58H097249513
2018,15252578,4 DOOR SEDAN,PASSENGER OR SUBURBAN,Going Straight Ahead,Not Entered,East,Gas,2015,NY,1,4,CHEVR,HUMAN,Not Applicable,HUMAN,Not Applicable,Not Applicable,1G11D5SL7FF255160
2018,15252577,2 DOOR SEDAN,PASSENGER OR SUBURBAN,Going Straight Ahead,Not Entered,East,Gas,2001,NY,1,6,CHEVR,HUMAN,Unsafe Speed,ENVMT,Pavement Slippery,Not Applicable,2G1WW12E019207446
2018,15252576,PICKUP TRUCK,PASSENGER OR SUBURBAN,Going Straight Ahead,Not Entered,Northwest,Gas,1999,NY,1,6,FORD,HUMAN,Alcohol Involvement,HUMAN,Failure to Keep Right,Not Applicable,1FTYR11V8XTA32731
2018,15252580,SUBURBAN,PASSENGER OR SUBURBAN,Changing Lanes,Not Entered,South,Gas,2015,NY,1,4,NISSA,HUMAN,Following Too Closely,HUMAN,Unsafe Lane Changing,Not Applicable,KNMAT2MV0FP520079
2018,15252581,SUBURBAN,PASSENGER OR SUBURBAN,Going Straight Ahead,Not Entered,East,Gas,2006,NY,1,6,CHRYS,HUMAN,Unsafe Speed,ENVMT,Pavement Slippery,Not Applicable,2A4GP54L66R910515
2018,15252582,SUBURBAN,PASSENGER OR SUBURBAN,Going Straight Ahead,Not Entered,South,Gas,2009,NY,1,6,LEXUS,HUMAN,Not Applicable,HUMAN,Alcohol Involvement,Not Applicable,2T2HK31U49C105445
2018,15252583,SUBURBAN,PASSENGER OR SUBURBAN,Going Straight Ahead,Not Entered,South,Gas,2006,NY,1,4,TOYOT,HUMAN,Not Applicable,ENVMT,Obstruction/ Debris,Not Applicable,JTLKT324564071444
2018,15252586,2 DOOR SEDAN,PASSENGER OR SUBURBAN,Going Straight Ahead,Not Entered,West,Gas,2003,NY,1,4,TOYOT,HUMAN,Alcohol Involvement,HUMAN,Unsafe Speed,"Snow Embankment, Collision With Fixed Object",JTDDY32T730066424
2018,15252590,4 DOOR SEDAN,PASSENGER OR SUBURBAN,Going Straight Ahead,Not Entered,Southeast,Gas,2015,NY,1,4,MITSU,HUMAN,Alcohol Involvement,HUMAN,Unsafe Speed,Not Applicable,JA32U2FU4FU012039
2018,15252593,4 DOOR SEDAN,PASSENGER OR SUBURBAN,Slowing or Stopping,Not Entered,South,Gas,2005,NY,2,4,CHEVR,HUMAN,Not Applicable,HUMAN,Not Applicable,Not Applicable,1G1ND52F25M174203
2018,15252601,SUBURBAN,PASSENGER OR SUBURBAN,Going Straight Ahead,Not Entered,West,Gas,2005,NY,2,6,FORD,HUMAN,Unsafe Speed,ENVMT,Pavement Slippery,Not Applicable,1FMDK031X5GA79073
2018,15252600,DUMP,AGRICULTURAL TRUCK,Making Right Turn,Not Entered,North,Compressed Natural Gas,2012,NY,3,6,PETER,HUMAN,Not Applicable,HUMAN,Not Applicable,Not Applicable,1NPSL20X7CD170063
2018,15252609,PICKUP TRUCK,COMMERCIAL,Going Straight Ahead,Not Entered,South,Gas,2015,NY,1,8,FORD,HUMAN,Not Applicable,HUMAN,Fell Asleep,Not Applicable,1FTFW1EF6FFC40767
2018,15252611,4 DOOR SEDAN,PASSENGER OR SUBURBAN,Going Straight Ahead,Not Entered,South,Gas,2013,NY,1,4,AUDI,HUMAN,Not Applicable,HUMAN,Not Applicable,"Guide Rail - Not At End, Collision With Fixed Object",WAUFFAFL0DN040908
2018,15252610,SUBURBAN,PASSENGER OR SUBURBAN,Going Straight Ahead,Not Entered,North,Gas,2005,NY,1,6,NISSA,HUMAN,Unsafe Speed,ENVMT,Pavement Slippery,"Guide Rail - Not At End, Collision With Fixed Object",JN8AZ08WX5W428976
2018,15252615,PICKUP TRUCK,COMMERCIAL,Going Straight Ahead,Not Entered,West,Diesel,2006,NY,1,8,FORD,HUMAN,Unsafe Speed,ENVMT,Pavement Slippery,Not Applicable,1FTSX21P56ED01015
2018,15252617,SUBURBAN,ORGANIZATIONAL,Going Straight Ahead,Not Entered,South,Gas,2009,NY,1,6,TOYOT,HUMAN,Not Applicable,HUMAN,Not Applicable,Not Applicable,JTEES41A592136104
2018,15252616,4 DOOR SEDAN,PASSENGER OR SUBURBAN,Going Straight Ahead,Not Entered,North,Gas,2004,NY,1,8,MERCU,HUMAN,Not Applicable,HUMAN,Failure to Keep Right,"Guide Rail - Not At End, Collision With Fixed Object",2MEFM74W94X605274
2018,15252621,SUBURBAN,PASSENGER OR SUBURBAN,Stopped in Traffic,Not Entered,North,Gas,2017,NY,1,6,TOYOT,HUMAN,Not Applicable,HUMAN,Not Applicable,Not Applicable,5TDBZRFH2HS446210
2018,15252620,PICKUP TRUCK,PASSENGER OR SUBURBAN,Going Straight Ahead,Not Entered,North,Gas,2003,NY,2,6,DODGE,HUMAN,Not Applicable,HUMAN,Following Too Closely,Not Applicable,1D7HA18K93J577447
2018,15252627,PICKUP TRUCK,PASSENGER OR SUBURBAN,Making Right Turn,Not Entered,East,Gas,2015,NY,1,6,FORD,HUMAN,Unsafe Speed,ENVMT,Pavement Slippery,Not Applicable,1FTEW1E88FKD14677
2018,15252628,4 DOOR SEDAN,PASSENGER OR SUBURBAN,Avoiding Object in Roadway,Not Entered,Northwest,Gas,2015,NY,1,4,KIA,HUMAN,Reaction to Other Uninvolved Vehicle,ENVMT,Pavement Slippery,Not Applicable,KNAFX4A62F5273577
2018,15252629,SUBURBAN,PASSENGER OR SUBURBAN,Going Straight Ahead,Not Entered,East,Gas,2002,NY,3,4,CHRYS,HUMAN,Unsafe Speed,VEHICLE,Tire Failure/Inadequate,Not Applicable,3C8FY68B62T261679
2018,15252630,4 DOOR SEDAN,PASSENGER OR SUBURBAN,Making Left Turn,Not Entered,West,Gas,2006,NY,1,6,PONTI,HUMAN,Unsafe Speed,ENVMT,Pavement Slippery,Not Applicable,1G2ZG558664186177
2018,15252632,TRACTOR,INTERNATIONAL REGISTRATION,Going Straight Ahead,Not Entered,South,Diesel,2009,NY,1,6,PETER,HUMAN,Not Applicable,HUMAN,Not Applicable,Not Applicable,1XPWD40X69D788256
2018,15252631,TRACTOR,AGRICULTURAL COMMERCIAL,Going Straight Ahead,Not Entered,North,Diesel,2005,NY,1,6,WE/ST,HUMAN,Not Applicable,VEHICLE,Other*,Not Applicable,5KJJAECV25PN71044
2018,15252634,SUBURBAN,PASSENGER OR SUBURBAN,Going Straight Ahead,Not Entered,East,Gas,2014,NY,1,4,CHEVR,HUMAN,Alcohol Involvement,HUMAN,Passing or Lane Usage Improper,"Guide Rail - Not At End, Collision With Fixed Object",2GNALAEK3E6363975
2018,15252635,SUBURBAN,PASSENGER OR SUBURBAN,Going Straight Ahead,Not Entered,Northwest,Gas,2013,NY,5,4,NISSA,HUMAN,Not Applicable,ENVMT,Animal's Action,Not Applicable,JN8AS5MV9DW639406
2018,15252636,PICKUP TRUCK,COMMERCIAL,Going Straight Ahead,Not Entered,West,Gas,2011,NY,1,8,FORD,HUMAN,Unsafe Speed,ENVMT,Pavement Slippery,Not Applicable,1FTBF2B68BED06115
2018,15252639,SUBURBAN,PASSENGER OR SUBURBAN,Stopped in Traffic,Not Entered,South,Gas,2016,NY,7,6,CHRYS,HUMAN,Not Applicable,HUMAN,Not Applicable,Not Applicable,2C4RC1BG9GR118496
2018,15252638,PICKUP TRUCK,PASSENGER OR SUBURBAN,Making Right Turn,Not Entered,Northwest,Gas,2017,NY,1,8,GMC,HUMAN,Turning Improperly,HUMAN,Unsafe Speed,Not Applicable,3GTU2NEC4HG303172
2018,15252643,SUBURBAN,PASSENGER OR SUBURBAN,Going Straight Ahead,Not Entered,Southeast,Gas,2016,NY,1,4,FORD,HUMAN,Not Applicable,ENVMT,Animal's Action,Not Applicable,1FMCU9GX4GUC03982