Year,Case Vehicle ID,Vehicle Body Type,Registration Class,Action Prior to Accident,Type / Axles of Truck or Bus,Direction of Travel,Fuel Type,Vehicle Year,State of Registration,Number of Occupants,Engine Cylinders,Vehicle Make,Contributing Factor 1,Contributing Factor 1 Description,Contributing Factor 2,Contributing Factor 2 Description,Event Type,Partial VIN
2018,15252642,SUBURBAN,PASSENGER OR SUBURBAN,Avoiding Object in Roadway,Not Entered,South,Gas,2006,NY,1,4,SUBAR,HUMAN,Unsafe Speed,ENVMT,Pavement Slippery,"Overturned, Non-Collision",JF1GG67666H810837
2018,15252646,4 DOOR SEDAN,PASSENGER OR SUBURBAN,Going Straight Ahead,Not Entered,North,Gas,2007,NY,1,4,DODGE,HUMAN,Passing or Lane Usage Improper,HUMAN,Unsafe Speed,"Snow Embankment, Collision With Fixed Object",1B3HB48B87D252447
2018,15252647,4 DOOR SEDAN,PASSENGER OR SUBURBAN,Going Straight Ahead,Not Entered,Northeast,Gas,2001,NY,1,4,TOYOT,HUMAN,Unsafe Speed,ENVMT,Pavement Slippery,Not Applicable,4T1BG22K61U778954
2018,15252649,4 DOOR SEDAN,PASSENGER OR SUBURBAN,Going Straight Ahead,Not Entered,East,Gas,2017,NY,1,4,CHEVR,HUMAN,Not Applicable,ENVMT,Animal's Action,Not Applicable,1G1ZE5ST6HF130542
2018,15252650,2 DOOR SEDAN,PASSENGER OR SUBURBAN,Going Straight Ahead,Not Entered,West,Gas,2001,NY,1,4,TOYOT,HUMAN,Unsafe Speed,ENVMT,Pavement Slippery,Not Applicable,2T1CG22P81C528360
2018,15252653,4 DOOR SEDAN,PASSENGER OR SUBURBAN,Going Straight Ahead,Not Entered,East,Gas,2007,NY,1,6,CHRYS,HUMAN,Unsafe Speed,ENVMT,Pavement Slippery,"Median - Not At End, Collision With Fixed Object",1C3LC56R97N520447
2018,15252655,SUBURBAN,PASSENGER OR SUBURBAN,Going Straight Ahead,Not Entered,East,Gas,2017,NY,1,6,TOYOT,HUMAN,Not Applicable,HUMAN,Not Applicable,Not Applicable,5TDJZRFH1HS397691
2018,15252654,4 DOOR SEDAN,PASSENGER OR SUBURBAN,Going Straight Ahead,Not Entered,East,Gas,2008,NY,1,4,DODGE,HUMAN,Unsafe Speed,ENVMT,Pavement Slippery,Not Applicable,1B3LC46K98N241205
2018,15252657,4 DOOR SEDAN,PASSENGER OR SUBURBAN,Changing Lanes,Not Entered,West,Gas,2003,NY,1,8,MERCU,HUMAN,Unsafe Speed,ENVMT,Pavement Slippery,Not Applicable,2MEFM75W93X644136
2018,15252659,4 DOOR SEDAN,PASSENGER OR SUBURBAN,Slowing or Stopping,Not Entered,West,Gas,2016,NY,1,4,HONDA,HUMAN,Not Applicable,HUMAN,Not Applicable,Not Applicable,1HGCR2F55GA162200
2018,15252658,SUBURBAN,PASSENGER OR SUBURBAN,Going Straight Ahead,Not Entered,West,Gas,1999,NY,1,8,JEEP,HUMAN,Unsafe Speed,ENVMT,Pavement Slippery,"Median - Not At End, Collision With Fixed Object",1J4GW58N6XC633258
2018,15252660,4 DOOR SEDAN,PASSENGER OR SUBURBAN,Going Straight Ahead,Not Entered,East,Gas,2002,NY,1,4,HONDA,HUMAN,Unsafe Speed,ENVMT,Pavement Slippery,Not Applicable,2HGES16572H535528
2018,15252661,PICKUP TRUCK,ORGANIZATIONAL,Going Straight Ahead,Not Entered,West,Gas,2004,NY,3,5,GMC,HUMAN,Unsafe Speed,ENVMT,Pavement Slippery,"Median - Not At End, Collision With Fixed Object",1GTDT136248128617
2018,15252663,SUBURBAN,PASSENGER OR SUBURBAN,Going Straight Ahead,Not Entered,East,Gas,2002,NY,1,8,CHEVR,HUMAN,Reaction to Other Uninvolved Vehicle,ENVMT,Pavement Slippery,Not Applicable,1GNEK13ZX2R241974
2018,15252662,4 DOOR SEDAN,PASSENGER OR SUBURBAN,Going Straight Ahead,Not Entered,North,Gas,2007,NY,1,4,FORD,HUMAN,Unsafe Speed,ENVMT,Pavement Slippery,Not Applicable,3FAHP06ZX7R242055
2018,15252665,2 DOOR SEDAN,PASSENGER OR SUBURBAN,Going Straight Ahead,Not Entered,South,Gas,2000,NY,1,4,HONDA,HUMAN,Not Applicable,HUMAN,Not Applicable,"Guide Rail - Not At End, Collision With Fixed Object",1HGCG3277YA002534
2018,15252664,SUBURBAN,PASSENGER OR SUBURBAN,Going Straight Ahead,Not Entered,South,Gas,2010,NY,1,4,TOYOT,HUMAN,Unsafe Speed,ENVMT,Pavement Slippery,Not Applicable,2T3JF4DV9AW030417
2018,15252667,4 DOOR SEDAN,PASSENGER OR SUBURBAN,Going Straight Ahead,Not Entered,South,Gas,2016,NY,1,4,CHEVR,HUMAN,Not Applicable,HUMAN,Not Applicable,Not Applicable,1G1ZE5ST8GF336749
2018,15252666,VAN TRUCK,COMMERCIAL,Going Straight Ahead,Not Entered,South,Gas,2006,NY,1,8,CHEVR,HUMAN,Unsafe Speed,HUMAN,Unsafe Lane Changing,Not Applicable,1GCGG25U161164135
2018,15252668,4 DOOR SEDAN,PASSENGER OR SUBURBAN,Going Straight Ahead,Not Entered,West,Gas,2007,NY,1,4,HYUND,HUMAN,Unsafe Speed,ENVMT,Pavement Slippery,Not Applicable,KMHDU46D27U156126
2018,15252670,4 DOOR SEDAN,PASSENGER OR SUBURBAN,Going Straight Ahead,Not Entered,West,Gas,2005,NY,1,4,TOYOT,HUMAN,Following Too Closely,HUMAN,Unsafe Speed,"Barrier, Collision With Fixed Object",JTDBR32E752054352
2018,15252669,4 DOOR SEDAN,PASSENGER OR SUBURBAN,Going Straight Ahead,Not Entered,West,Gas,2013,NY,1,4,TOYOT,HUMAN,Unsafe Speed,ENVMT,Pavement Slippery,"Barrier, Collision With Fixed Object",2T1BU4EE2DC954463
2018,15252671,4 DOOR SEDAN,PASSENGER OR SUBURBAN,Going Straight Ahead,Not Entered,West,Gas,2017,NY,2,6,NISSA,HUMAN,Unsafe Speed,ENVMT,Pavement Slippery,Not Applicable,1N4AA6AP4HC378208
2018,15252673,SUBURBAN,SPECIAL PASSENGER,Going Straight Ahead,Not Entered,East,Gas,2003,NY,3,8,FORD,HUMAN,Unsafe Speed,ENVMT,Pavement Slippery,Not Applicable,1FTNS24L83HC03515
2018,15252674,4 DOOR SEDAN,PASSENGER OR SUBURBAN,Going Straight Ahead,Not Entered,North,Gas,2007,NY,1,4,DODGE,HUMAN,Unsafe Speed,ENVMT,Pavement Slippery,Not Applicable,1B3HB48BX7D535514
2018,15252680,SUBURBAN,PASSENGER OR SUBURBAN,Going Straight Ahead,Not Entered,East,Gas,2007,NY,1,6,HYUND,HUMAN,Failure to Keep Right,ENVMT,Pavement Slippery,Not Applicable,5NMSG73D97H106257
2018,15252683,4 DOOR SEDAN,PASSENGER OR SUBURBAN,Going Straight Ahead,Not Entered,West,Gas,2015,NY,1,4,FORD,HUMAN,Illness,HUMAN,Unsafe Lane Changing,Not Applicable,3FADP4EJ4FM209260
2018,15252684,SUBURBAN,SPECIAL PASSENGER,Going Straight Ahead,Not Entered,South,Gas,2012,NY,1,6,HONDA,HUMAN,Not Applicable,ENVMT,Animal's Action,Not Applicable,5FNRL5H64CB037420
2018,15252688,SUBURBAN,PASSENGER OR SUBURBAN,Going Straight Ahead,Not Entered,West,Gas,2015,NY,1,4,JEEP,HUMAN,Not Applicable,HUMAN,Not Applicable,Not Applicable,1C4NJDEB1FD370850
2018,15252687,4 DOOR SEDAN,OMNIBUS - TAXI,Changing Lanes,Not Entered,West,Gas,2015,NY,1,4,TOYOT,HUMAN,Unsafe Lane Changing,VEHICLE,Tire Failure/Inadequate,Not Applicable,4T1BF1FK0FU954167
2018,15252690,SUBURBAN,PASSENGER OR SUBURBAN,Going Straight Ahead,Not Entered,West,Gas,2017,NY,1,6,DODGE,HUMAN,Not Applicable,ENVMT,Pavement Slippery,Not Applicable,1C4RDJDGXHC908121
2018,15252689,4 DOOR SEDAN,PASSENGER OR SUBURBAN,Going Straight Ahead,Not Entered,West,Gas,2010,NY,1,4,HONDA,HUMAN,Unsafe Speed,ENVMT,Pavement Slippery,Not Applicable,1HGCP2F48AA018810
2018,15252693,4 DOOR SEDAN,PASSENGER OR SUBURBAN,Stopped in Traffic,Not Entered,East,Gas,2011,NY,1,4,HONDA,HUMAN,Not Applicable,HUMAN,Not Applicable,Not Applicable,2HGFA1F99BH519695
2018,15252692,4 DOOR SEDAN,PASSENGER OR SUBURBAN,Stopped in Traffic,Not Entered,East,Gas,2006,NY,1,4,HONDA,HUMAN,Not Applicable,HUMAN,Not Applicable,Not Applicable,1HGCM56386A085870
2018,15252691,SUBURBAN,PASSENGER OR SUBURBAN,Going Straight Ahead,Not Entered,East,Gas,2012,NY,2,8,FORD,HUMAN,Not Applicable,HUMAN,Reaction to Other Uninvolved Vehicle,Not Applicable,1FMJU2A52CEF65335
2018,15252695,SUBURBAN,PASSENGER OR SUBURBAN,Going Straight Ahead,Not Entered,South,Gas,2007,NY,2,6,NISSA,HUMAN,Not Applicable,HUMAN,Following Too Closely,Not Applicable,JN8AZ08W57W640915
2018,15252694,SUBURBAN,PASSENGER OR SUBURBAN,Slowing or Stopping,Not Entered,South,Gas,2013,NY,4,4,HYUND,HUMAN,Not Applicable,HUMAN,Not Applicable,Not Applicable,5XYZUDLBXDG062103
2018,15252700,SUBURBAN,PASSENGER OR SUBURBAN,Stopped in Traffic,Not Entered,West,Gas,2017,NY,1,6,JEEP,HUMAN,Not Applicable,HUMAN,Not Applicable,Not Applicable,1C4RJFBG7HC804274
2018,15252699,SUBURBAN,PASSENGER OR SUBURBAN,Stopped in Traffic,Not Entered,West,Gas,2003,NY,1,6,FORD,HUMAN,Not Applicable,HUMAN,Not Applicable,"Other Motor Vehicle, Collision With",1FMZU73K13UB11134
2018,15252702,SUBURBAN,PASSENGER OR SUBURBAN,Slowing or Stopping,Not Entered,South,Gas,2002,NY,1,8,TOYOT,HUMAN,Not Applicable,HUMAN,Not Applicable,Not Applicable,5TDBT44A12S115636
2018,15252701,4 DOOR SEDAN,PASSENGER OR SUBURBAN,Going Straight Ahead,Not Entered,South,Gas,2009,NY,1,4,NISSA,HUMAN,Unsafe Speed,ENVMT,Pavement Slippery,Not Applicable,1N4AL21E09N418517
2018,15252704,SUBURBAN,PASSENGER OR SUBURBAN,Stopped in Traffic,Not Entered,East,Gas,1999,NY,1,6,NISSA,HUMAN,Not Applicable,HUMAN,Not Applicable,Not Applicable,JN8AR07Y1XW378538
2018,15252703,4 DOOR SEDAN,PASSENGER OR SUBURBAN,Going Straight Ahead,Not Entered,East,Gas,2004,NY,1,4,TOYOT,HUMAN,Not Applicable,HUMAN,Following Too Closely,Not Applicable,4T1BE32K54U841851
2018,15252706,SUBURBAN,PASSENGER OR SUBURBAN,Going Straight Ahead,Not Entered,North,Gas,2017,NY,1,4,NISSA,HUMAN,Following Too Closely,ENVMT,Pavement Slippery,Not Applicable,5N1AT2MV2HC745089
2018,15252705,4 DOOR SEDAN,PASSENGER OR SUBURBAN,Other,Not Entered,North,Gas,2006,NY,1,6,FORD,HUMAN,Unsafe Speed,ENVMT,Pavement Slippery,Not Applicable,1FAFP53U26A256554
2018,15252707,VAN TRUCK,AMBULANCE,Going Straight Ahead,Not Entered,North,Diesel,2010,NY,2,8,FORD,HUMAN,Unsafe Speed,ENVMT,Pavement Slippery,Not Applicable,1FDSS3EP1ADA09015
2018,15252709,SUBURBAN,PASSENGER OR SUBURBAN,Changing Lanes,Not Entered,East,Gas,2013,NY,1,4,KIA,HUMAN,Not Applicable,HUMAN,Unsafe Speed,Not Applicable,KNDJT2A68D7609120
2018,15252710,SUBURBAN,ORGANIZATIONAL,Stopped in Traffic,Not Entered,West,Gas,2013,NY,2,6,LEXUS,HUMAN,Not Applicable,HUMAN,Not Applicable,Not Applicable,2T2BK1BA2DC167403
2018,15252713,CONVERTIBLE,PASSENGER OR SUBURBAN,Overtaking/Passing,Not Entered,South,Gas,2004,NY,1,8,ME/BE,HUMAN,Not Applicable,HUMAN,Passing or Lane Usage Improper,Not Applicable,WDBTK75G94T018537
2018,15252712,4 DOOR SEDAN,PASSENGER OR SUBURBAN,Going Straight Ahead,Not Entered,South,Gas,2015,NY,1,4,NISSA,HUMAN,Not Applicable,HUMAN,Not Applicable,Not Applicable,1N4AL3AP1FC429105
2018,15252715,SUBURBAN,OMNIBUS-SPECIAL (PRIVATE RENTAL),Stopped in Traffic,Not Entered,North,Gas,2017,NY,1,4,TOYOT,HUMAN,Not Applicable,HUMAN,Not Applicable,Not Applicable,JTMRJREV4HD105867
2018,15252714,4 DOOR SEDAN,PASSENGER OR SUBURBAN,Going Straight Ahead,Not Entered,North,Gas,2018,NY,1,4,VOLKS,HUMAN,Not Applicable,HUMAN,Following Too Closely,Not Applicable,3VW2B7AJ7JM215714
2018,15252717,PICKUP TRUCK,PASSENGER OR SUBURBAN,Going Straight Ahead,Not Entered,East,Gas,2016,NY,1,8,RAM,HUMAN,Not Applicable,HUMAN,Not Applicable,Not Applicable,1C6RR7MT2GS159120
2018,15252716,2 DOOR SEDAN,PASSENGER OR SUBURBAN,Changing Lanes,Not Entered,East,Gas,2017,NY,1,4,HONDA,HUMAN,Not Applicable,HUMAN,Unsafe Lane Changing,Not Applicable,2HGFC3A58HH751742
2018,15252719,SUBURBAN,SCHOOL CAR,Stopped in Traffic,Not Entered,Southwest,Gas,2015,NY,2,8,THOMA,HUMAN,Not Applicable,HUMAN,Not Applicable,Not Applicable,1GB3G3BGXE1149798
2018,15252718,4 DOOR SEDAN,SPECIAL PASSENGER,Slowing or Stopping,Not Entered,Southwest,Gas,2015,NY,1,4,NISSA,HUMAN,Driver Inattention/Distraction*,HUMAN,Following Too Closely,Not Applicable,1N4AL3AP9FN350060
2018,15252720,SUBURBAN,PASSENGER OR SUBURBAN,Going Straight Ahead,Not Entered,North,Gas,2015,NY,1,6,HONDA,HUMAN,Unsafe Speed,ENVMT,Pavement Slippery,"Snow Embankment, Collision With Fixed Object",5FNYF4H50FB020431
2018,15252722,4 DOOR SEDAN,PASSENGER OR SUBURBAN,Going Straight Ahead,Not Entered,North,Gas,2014,NY,1,6,ME/BE,HUMAN,Not Applicable,HUMAN,Not Applicable,Not Applicable,WDDHF8JBXEB042032
2018,15252721,SUBURBAN,OMNIBUS-SPECIAL (PRIVATE RENTAL),Changing Lanes,Not Entered,North,Gas,2017,NY,2,6,JEEP,HUMAN,Passing or Lane Usage Improper,HUMAN,Unsafe Lane Changing,Not Applicable,1C4RJFBG7HC899564
2018,15252724,SUBURBAN,PASSENGER OR SUBURBAN,Going Straight Ahead,Not Entered,North,Gas,2016,NY,1,6,HONDA,HUMAN,Not Applicable,HUMAN,Not Applicable,Not Applicable,5FNYF6H13GB068709
2018,15252726,SUBURBAN,PASSENGER OR SUBURBAN,Slowing or Stopping,Not Entered,North,Gas,2014,NY,1,6,JEEP,HUMAN,Unsafe Speed,HUMAN,Aggressive Driving/Road Rage,Not Applicable,1C4PJMCS3EW151919
2018,15252725,SUBURBAN,PASSENGER OR SUBURBAN,Slowing or Stopping,Not Entered,North,Gas,2016,NY,1,8,RAM,HUMAN,Not Applicable,HUMAN,Aggressive Driving/Road Rage,Not Applicable,3C6TR5MTXGG117974
2018,15252731,VAN TRUCK,AGRICULTURAL TRUCK,Going Straight Ahead,Not Entered,West,Gas,2012,NY,2,8,CHEVR,HUMAN,Not Applicable,HUMAN,Not Applicable,Not Applicable,1GB3G3CG3C1125127
2018,15252730,4 DOOR SEDAN,PASSENGER OR SUBURBAN,Slowing or Stopping,Not Entered,North,Gas,2016,NY,1,4,CHEVR,HUMAN,Unsafe Speed,ENVMT,Pavement Slippery,Not Applicable,1G1PC5SG8G7146508
2018,15252735,4 DOOR SEDAN,PASSENGER OR SUBURBAN,Slowing or Stopping,Not Entered,West,Gas,2016,NY,1,4,FORD,HUMAN,Not Applicable,HUMAN,Reaction to Other Uninvolved Vehicle,Not Applicable,3FA6P0H79GR138515
2018,15252734,4 DOOR SEDAN,PASSENGER OR SUBURBAN,Going Straight Ahead,Not Entered,West,Gas,2014,NY,4,6,ME/BE,HUMAN,Following Too Closely,HUMAN,Reaction to Other Uninvolved Vehicle,Not Applicable,WDDGF8ABXEG174299
2018,15252733,4 DOOR SEDAN,PASSENGER OR SUBURBAN,Going Straight Ahead,Not Entered,East,Gas,1997,NY,1,4,HONDA,HUMAN,Not Applicable,HUMAN,Not Applicable,Not Applicable,JHMEJ662XVS028946
2018,15252732,SUBURBAN,PASSENGER OR SUBURBAN,Slowing or Stopping,Not Entered,South,Gas,2016,NY,1,6,CHRYS,HUMAN,Unsafe Speed,ENVMT,Pavement Slippery,Not Applicable,2C4RC1BG6GR294941
2018,15252737,REFRIGERATOR TRUCK,AGRICULTURAL TRUCK,Going Straight Ahead,Not Entered,East,Diesel,2012,NY,2,4,ISUZU,HUMAN,Not Applicable,HUMAN,Traffic Control Device Disregarded,Not Applicable,JALE5W161C7900770
2018,15252736,4 DOOR SEDAN,PASSENGER OR SUBURBAN,Going Straight Ahead,Not Entered,North,Gas,2013,NY,1,6,CHEVR,HUMAN,Reaction to Other Uninvolved Vehicle,ENVMT,Pavement Slippery,Not Applicable,2G1WG5E36D1170498
2018,15252738,4 DOOR SEDAN,OMNIBUS - TAXI,Going Straight Ahead,Not Entered,South,Gas,2015,NY,1,4,TOYOT,HUMAN,Not Applicable,HUMAN,Unsafe Speed,Not Applicable,4T1BF1FK7FU025884
2018,15252741,SUBURBAN,PASSENGER OR SUBURBAN,Going Straight Ahead,Not Entered,South,Gas,2004,NY,1,4,HONDA,HUMAN,Not Applicable,HUMAN,Unsafe Speed,Not Entered,5J6YH28684L002352
2018,15252740,SUBURBAN,PASSENGER OR SUBURBAN,Going Straight Ahead,Not Entered,South,Gas,2003,NY,1,8,TOYOT,HUMAN,Not Applicable,HUMAN,Not Applicable,Not Entered,5TDBT44A63S144079
2018,15252742,SUBURBAN,PASSENGER OR SUBURBAN,Going Straight Ahead,Not Entered,Northwest,Gas,2015,NY,1,4,SUBAR,HUMAN,Not Applicable,ENVMT,Animal's Action,Not Applicable,JF2SJAGC1FH572525
2018,15252744,4 DOOR SEDAN,PASSENGER OR SUBURBAN,Going Straight Ahead,Not Entered,East,Gas,2006,NY,1,4,HONDA,HUMAN,Following Too Closely,HUMAN,Unsafe Speed,Not Applicable,1HGCM55836A027520
2018,15252746,SUBURBAN,PASSENGER OR SUBURBAN,Going Straight Ahead,Not Entered,Northwest,Gas,2014,NY,2,4,FORD,HUMAN,Not Applicable,HUMAN,Not Applicable,"Light Support/Utility Pole, Collision With Fixed Object",1FMCU9G90EUA01879
2018,15252745,2 DOOR SEDAN,PASSENGER OR SUBURBAN,Making Left Turn,Not Entered,Northeast,Gas,2003,NY,1,4,CHRYS,HUMAN,Not Applicable,HUMAN,Failure to Yield Right-of-Way,Not Applicable,4C3AG42G63E140663
2018,15252748,4 DOOR SEDAN,PASSENGER OR SUBURBAN,Slowing or Stopping,Not Entered,East,Gas,2010,NY,2,4,HONDA,HUMAN,Not Applicable,HUMAN,Not Applicable,Not Applicable,2HGFA1F52AH534812
2018,15252747,4 DOOR SEDAN,PASSENGER OR SUBURBAN,Going Straight Ahead,Not Entered,East,Gas,2010,NY,1,4,NISSA,HUMAN,Not Applicable,HUMAN,Following Too Closely,Not Applicable,1N4AL2AP5AN552901
2018,15252749,PICKUP TRUCK,PASSENGER OR SUBURBAN,Overtaking/Passing,Not Entered,Northeast,Gas,2007,NY,1,6,TOYOT,HUMAN,Unsafe Speed,ENVMT,Pavement Slippery,Not Applicable,5TEUU42N67Z444063
2018,15252751,4 DOOR SEDAN,PASSENGER OR SUBURBAN,Changing Lanes,Not Entered,South,Gas,2015,NY,1,4,TOYOT,HUMAN,Not Applicable,HUMAN,Unsafe Lane Changing,Not Applicable,JTDKN3DU2F1878976
2018,15252750,4 DOOR SEDAN,PASSENGER OR SUBURBAN,Changing Lanes,Not Entered,South,Gas,2010,NY,1,6,VOLVO,HUMAN,Not Applicable,HUMAN,Unsafe Lane Changing,Not Applicable,YV1992AH1A1123180
2018,15252753,SUBURBAN,PASSENGER OR SUBURBAN,Slowing or Stopping,Not Entered,West,Gas,2014,NY,1,6,ME/BE,HUMAN,Not Applicable,HUMAN,Not Applicable,Not Applicable,4JGDA5HB3EA430636
2018,15252752,4 DOOR SEDAN,PASSENGER OR SUBURBAN,Going Straight Ahead,Not Entered,West,Gas,2017,NY,1,4,VOLKS,HUMAN,Not Applicable,HUMAN,Following Too Closely,Not Applicable,1VWBT7A36HC053987
2018,15252755,SUBURBAN,PASSENGER OR SUBURBAN,Parked,Not Entered,West,Gas,2011,NY,0,8,GMC,HUMAN,Not Applicable,HUMAN,Not Applicable,Not Applicable,1GKS2AE08BR334863
2018,15252754,CONVERTIBLE,PASSENGER OR SUBURBAN,Making Right Turn,Not Entered,Southeast,Gas,1994,NY,1,6,FORD,HUMAN,Unsafe Speed,ENVMT,Pavement Slippery,Not Applicable,1FALP4445RF210560
2018,15252756,2 DOOR SEDAN,PASSENGER OR SUBURBAN,Making Right Turn,Not Entered,West,Gas,2011,NY,2,6,BMW,HUMAN,Unsafe Speed,HUMAN,Failure to Keep Right,Not Applicable,WBAKF5C59BE656213
2018,15252759,SUBURBAN,PASSENGER OR SUBURBAN,Slowing or Stopping,Not Entered,South,Gas,2006,NY,1,6,CHRYS,HUMAN,Unsafe Speed,ENVMT,Pavement Slippery,Not Applicable,2A4GP54L66R769123
2018,15252758,4 DOOR SEDAN,PASSENGER OR SUBURBAN,Parked,Not Entered,North,Gas,2013,NY,0,4,NISSA,HUMAN,Not Applicable,HUMAN,Not Applicable,Not Applicable,3N1AB7AP0DL725984
2018,15252757,PICKUP TRUCK,POLITICAL SUBDIVISION,Going Straight Ahead,Not Entered,South,Gas,2005,NY,2,8,FORD,HUMAN,Not Applicable,HUMAN,Passing or Lane Usage Improper,Not Applicable,1FTWF31525EA24797
2018,15252761,SUBURBAN,PASSENGER OR SUBURBAN,Going Straight Ahead,Not Entered,East,Gas,2015,NY,1,8,DODGE,HUMAN,Not Applicable,HUMAN,Not Applicable,Not Applicable,1C4SDJCT5FC245876
2018,15252760,4 DOOR SEDAN,PASSENGER OR SUBURBAN,Making Right Turn,Not Entered,North,Gas,2005,NY,1,8,CADIL,HUMAN,Not Applicable,HUMAN,Failure to Yield Right-of-Way,Not Applicable,1G6DC67A850123663
2018,15252763,4 DOOR SEDAN,PASSENGER OR SUBURBAN,Stopped in Traffic,Not Entered,West,Gas,2017,NY,1,4,KIA,HUMAN,Not Applicable,HUMAN,Not Applicable,Not Applicable,KNDPMCAC8H7165293
2018,15252762,4 DOOR SEDAN,PASSENGER OR SUBURBAN,Going Straight Ahead,Not Entered,West,Gas,2016,NY,1,4,KIA,HUMAN,Unsafe Speed,ENVMT,Pavement Slippery,Not Applicable,5XXGU4L34GG078449
2018,15252766,SUBURBAN,PASSENGER OR SUBURBAN,Going Straight Ahead,Not Entered,East,Gas,2016,NY,3,4,JEEP,HUMAN,Not Applicable,HUMAN,Not Applicable,Not Applicable,ZACCJBDT8GPD81059
2018,15252765,4 DOOR SEDAN,PASSENGER OR SUBURBAN,Going Straight Ahead,Not Entered,East,Gas,2013,NY,1,6,FORD,HUMAN,Not Applicable,HUMAN,Not Applicable,Not Applicable,1FAHP2H82DG165698
2018,15252764,SUBURBAN,PASSENGER OR SUBURBAN,Going Straight Ahead,Not Entered,East,Gas,2004,NY,1,8,LA/RO,HUMAN,Unsafe Speed,ENVMT,Pavement Slippery,"Other Motor Vehicle, Collision With",SALTY19434A855964
2018,15252770,4 DOOR SEDAN,PASSENGER OR SUBURBAN,Going Straight Ahead,Not Entered,South,Gas,2009,NY,1,4,HYUND,HUMAN,Not Applicable,HUMAN,Not Applicable,Not Applicable,KMHDU46D89U687799
2018,15252773,SUBURBAN,PASSENGER OR SUBURBAN,Going Straight Ahead,Not Entered,South,Gas,2015,NY,1,4,CHEVR,HUMAN,Unsafe Speed,ENVMT,Pavement Slippery,Not Applicable,2GNALAEK0F6183404
2018,15252772,SUBURBAN,PASSENGER OR SUBURBAN,Going Straight Ahead,Not Entered,East,Gas,2014,NY,1,4,SUBAR,HUMAN,Not Applicable,HUMAN,Not Applicable,Not Applicable,JF2GPACC8E8313149
2018,15252771,SUBURBAN,PASSENGER OR SUBURBAN,Going Straight Ahead,Not Entered,East,Gas,2014,NY,1,4,GMC,HUMAN,Not Applicable,HUMAN,Following Too Closely,Not Applicable,2GKFLVEK1E6198678
2018,15252775,PICKUP TRUCK,COMMERCIAL,Going Straight Ahead,Not Entered,South,Diesel,2017,NY,1,8,CHEVR,HUMAN,Not Applicable,HUMAN,Not Applicable,Not Applicable,1GC1KWEY8HF164301
2018,15252774,4 DOOR SEDAN,PASSENGER OR SUBURBAN,Going Straight Ahead,Not Entered,South,Gas,2008,NY,1,6,CHEVR,HUMAN,Following Too Closely,HUMAN,Unsafe Speed,Not Applicable,2G1WT58N881381085
2018,15252777,SUBURBAN,SPECIAL PASSENGER,Slowing or Stopping,Not Entered,West,Gas,2012,NY,1,8,VPG,HUMAN,Not Applicable,HUMAN,Not Applicable,Not Applicable,523MF1A69CM100677
2018,15252776,SUBURBAN,PASSENGER OR SUBURBAN,Going Straight Ahead,Not Entered,West,Gas,2017,NY,1,4,MITSU,HUMAN,Unsafe Speed,ENVMT,Pavement Slippery,"Barrier, Collision With Fixed Object",JA4AZ3A37HZ058855
2018,15252779,SUBURBAN,PASSENGER OR SUBURBAN,Stopped in Traffic,Not Entered,North,Gas,2007,NY,3,8,FORD,HUMAN,Not Applicable,HUMAN,Not Applicable,Not Applicable,1FMEU73877UA35928
2018,15252778,SUBURBAN,PASSENGER OR SUBURBAN,Going Straight Ahead,Not Entered,North,Gas,2017,NY,2,4,JEEP,HUMAN,Not Applicable,HUMAN,Unsafe Speed,Not Applicable,1C4NJRFB6HD107350
2018,15252781,DUMP,POLITICAL SUBDIVISION,Stopped in Traffic,Not Entered,West,Diesel,2012,NY,1,6,INTER,HUMAN,Not Applicable,HUMAN,Not Applicable,Not Applicable,1HTWLAZR5CJ461818
2018,15252780,SUBURBAN,PASSENGER OR SUBURBAN,Overtaking/Passing,Not Entered,West,Gas,2016,NY,1,4,JEEP,HUMAN,Passing or Lane Usage Improper,ENVMT,Pavement Slippery,Not Applicable,1C4NJDEB3GD744988
2018,15252785,4 DOOR SEDAN,PASSENGER OR SUBURBAN,Going Straight Ahead,Not Entered,North,Gas,2006,NY,1,4,SUBAR,HUMAN,Unsafe Speed,ENVMT,Pavement Slippery,Not Applicable,4S3BL626767209451
2018,15252786,4 DOOR SEDAN,PASSENGER OR SUBURBAN,Going Straight Ahead,Not Entered,West,Gas,2016,NY,1,4,HYUND,HUMAN,Not Applicable,HUMAN,Unsafe Speed,Not Applicable,KMHCT4AE1GU167147
2018,15252790,4 DOOR SEDAN,PASSENGER OR SUBURBAN,Going Straight Ahead,Not Entered,North,Gas,2012,NY,1,4,NISSA,HUMAN,Not Applicable,HUMAN,Not Applicable,Not Applicable,1N4AL2AP9CN422462
2018,15252789,PICKUP TRUCK,PASSENGER OR SUBURBAN,Going Straight Ahead,Not Entered,North,Gas,2014,NY,1,8,FORD,HUMAN,Following Too Closely,ENVMT,Pavement Slippery,Not Applicable,1FTFW1EF0EFC49270
2018,15252793,SUBURBAN,PASSENGER OR SUBURBAN,Going Straight Ahead,Not Entered,North,Gas,2008,NY,2,6,CHEVR,HUMAN,Unsafe Speed,ENVMT,Pavement Slippery,"Tree, Collision With Fixed Object",2CNDL63F886067231
2018,15252802,PICKUP TRUCK,PASSENGER OR SUBURBAN,Going Straight Ahead,Not Entered,South,Gas,2014,NY,2,8,CHEVR,HUMAN,Not Applicable,HUMAN,Not Applicable,Not Applicable,3GCUKREC1EG281554
2018,15252801,SUBURBAN,PASSENGER OR SUBURBAN,Going Straight Ahead,Not Entered,South,Gas,2013,NY,1,4,FORD,HUMAN,Unsafe Speed,ENVMT,Pavement Slippery,Not Applicable,1FMCU9G92DUC87779