Year,Case Vehicle ID,Vehicle Body Type,Registration Class,Action Prior to Accident,Type / Axles of Truck or Bus,Direction of Travel,Fuel Type,Vehicle Year,State of Registration,Number of Occupants,Engine Cylinders,Vehicle Make,Contributing Factor 1,Contributing Factor 1 Description,Contributing Factor 2,Contributing Factor 2 Description,Event Type,Partial VIN
2018,15253616,4 DOOR SEDAN,PASSENGER OR SUBURBAN,Going Straight Ahead,Not Entered,South,Gas,2003,NY,1,4,HONDA,HUMAN,Not Applicable,HUMAN,Passing or Lane Usage Improper,Not Applicable,1HGCM56373A016924
2018,15253644,SUBURBAN,PASSENGER OR SUBURBAN,Parked,Not Entered,West,Gas,2017,NY,0,6,LINCO,HUMAN,Not Applicable,HUMAN,Not Applicable,Not Applicable,5LMJJ2JT5HEL06348
2018,15253671,PICKUP TRUCK,PASSENGER OR SUBURBAN,Parked,Not Entered,East,Gas,2015,NY,0,6,TOYOT,HUMAN,Not Entered,HUMAN,Not Entered,Not Entered,5TFUU4EN4FX128565
2018,15253670,4 DOOR SEDAN,PASSENGER OR SUBURBAN,Parked,Not Entered,Unknown,Gas,2000,NY,0,6,CHEVR,HUMAN,Not Entered,HUMAN,Not Entered,Not Entered,2G1WF52E8Y9272286
2018,15253669,2 DOOR SEDAN,PASSENGER OR SUBURBAN,Going Straight Ahead,Not Entered,East,Gas,2007,NY,1,6,MITSU,HUMAN,Not Entered,HUMAN,Driver Inattention/Distraction*,"Other Motor Vehicle, Collision With",4A3AK34T17E014598
2018,15253687,SUBURBAN,OMNIBUS - TAXI,Making Left Turn,Not Entered,South,Gas,2011,NY,1,4,FORD,HUMAN,Not Entered,HUMAN,Driver Inattention/Distraction*,Not Entered,1FMCU4K32BKA76435
2018,15253686,4 DOOR SEDAN,OMNIBUS - TAXI,Going Straight Ahead,Not Entered,East,Gas,2015,NY,1,6,CHRYS,HUMAN,Not Entered,HUMAN,Not Entered,Not Entered,2C3CCAEG0FH898530
2018,15253689,4 DOOR SEDAN,PASSENGER OR SUBURBAN,Going Straight Ahead,Not Entered,East,Gas,2016,NY,1,4,HONDA,HUMAN,Not Entered,HUMAN,Not Entered,Not Entered,2HGFC2F58GH525718
2018,15253688,4 DOOR SEDAN,PASSENGER OR SUBURBAN,Going Straight Ahead,Not Entered,East,Gas,2017,NY,4,4,NISSA,HUMAN,Not Entered,HUMAN,Driver Inattention/Distraction*,Not Entered,1N4AL3AP8HN326979
2018,15253691,SUBURBAN,PASSENGER OR SUBURBAN,Making Right Turn,Not Entered,Northeast,Gas,2016,NY,2,6,HONDA,HUMAN,Not Applicable,HUMAN,Passing or Lane Usage Improper,Not Entered,5FNRL5H45GB060337
2018,15253690,4 DOOR SEDAN,PASSENGER OR SUBURBAN,Making Right Turn,Not Entered,Northeast,Gas,2016,NY,2,4,TOYOT,HUMAN,Not Applicable,HUMAN,Not Applicable,Not Entered,4T1BF1FK1GU123035
2018,15253692,4 DOOR SEDAN,OMNIBUS - TAXI,Going Straight Ahead,Not Entered,East,Gas,2016,NY,1,4,FORD,HUMAN,Not Entered,HUMAN,Not Entered,Not Entered,1FA6P0H73G5134785
2018,15253694,SUBURBAN,PASSENGER OR SUBURBAN,Going Straight Ahead,Not Entered,North,Gas,2014,NY,1,6,ACURA,HUMAN,Not Entered,HUMAN,Not Entered,Not Entered,5J8TB4H53EL022824
2018,15253696,CONVERTIBLE,SPECIAL PASSENGER,Backing,Not Entered,North,Gas,2003,NY,2,6,MITSU,HUMAN,Backing Unsafely,HUMAN,Driver Inattention/Distraction*,Not Entered,4A3AE75H53E020889
2018,15253697,SUBURBAN,PASSENGER OR SUBURBAN,Parked,Not Entered,East,Gas,2008,NY,0,6,LA/RO,HUMAN,Not Applicable,HUMAN,Not Applicable,Not Entered,SALFS24N78H049871
2018,15253699,SUBURBAN,PASSENGER OR SUBURBAN,Going Straight Ahead,Not Entered,North,Gas,2012,NY,1,6,FORD,HUMAN,Not Entered,HUMAN,Unknown,Not Entered,2FMDK3KC0CBA30778
2018,15253706,4 DOOR SEDAN,PASSENGER OR SUBURBAN,Going Straight Ahead,Not Entered,North,Gas,2016,NY,1,4,ME/BE,HUMAN,Not Entered,HUMAN,Following Too Closely,Not Entered,WDDSJ4GB0GN369190
2018,15253705,4 DOOR SEDAN,PASSENGER OR SUBURBAN,Going Straight Ahead,Not Entered,North,Gas,2016,NY,1,4,NISSA,HUMAN,Not Entered,HUMAN,Not Entered,Not Entered,1N4AL3APXGC267394
2018,15253708,SUBURBAN,OMNIBUS - TAXI,Going Straight Ahead,Not Entered,West,Gas,2013,NY,2,8,GMC,HUMAN,Not Applicable,HUMAN,Failure to Yield Right-of-Way,Not Entered,1GKS2KE71DR207782
2018,15253707,4 DOOR SEDAN,OMNIBUS - TAXI,Going Straight Ahead,Not Entered,South,Gas,2007,NY,2,4,TOYOT,HUMAN,Not Applicable,HUMAN,Unsafe Speed,Not Entered,4T1BE46K97U189613
2018,15253710,SUBURBAN,PASSENGER OR SUBURBAN,Starting from Parking,Not Entered,South,Gas,2018,NY,1,4,TOYOT,HUMAN,Driver Inattention/Distraction*,HUMAN,Failure to Yield Right-of-Way,Not Entered,JTMRFREV5JJ722798
2018,15253709,SUBURBAN,PASSENGER OR SUBURBAN,Going Straight Ahead,Not Entered,South,Gas,2002,NY,2,6,ACURA,HUMAN,Not Entered,HUMAN,Not Entered,Not Entered,2HNYD18802H500840
2018,15253711,4 DOOR SEDAN,REGIONAL,Going Straight Ahead,Not Entered,North,Gas,2017,NY,2,6,LEXUS,HUMAN,Not Applicable,VEHICLE,Other*,Not Entered,58ABK1GG9HU052585
2018,15253714,4 DOOR SEDAN,PASSENGER OR SUBURBAN,Going Straight Ahead,Not Entered,East,Gas,2017,NY,1,4,HONDA,HUMAN,Not Entered,HUMAN,Following Too Closely,Not Entered,1HGCR2F38HA064763
2018,15253713,SUBURBAN,PASSENGER OR SUBURBAN,Going Straight Ahead,Not Entered,East,Gas,2016,NY,2,6,ME/BE,HUMAN,Not Entered,HUMAN,Not Entered,Not Entered,4JGDA5HB1GA754364
2018,15253930,4 DOOR SEDAN,PASSENGER OR SUBURBAN,Going Straight Ahead,Not Entered,Southwest,Gas,2004,NY,1,8,MERCU,HUMAN,Not Applicable,HUMAN,Driver Inattention/Distraction*,Not Applicable,2MHHM75W14X638165
2018,15253954,4 DOOR SEDAN,PASSENGER OR SUBURBAN,Going Straight Ahead,Not Entered,North,Gas,2009,NY,1,4,TOYOT,HUMAN,Not Applicable,HUMAN,Not Applicable,"Guide Rail - Not At End, Collision With Fixed Object",JTDBL40E899049152
2018,15253967,SUBURBAN,PASSENGER OR SUBURBAN,Going Straight Ahead,Not Entered,West,Gas,2015,NY,1,6,TOYOT,HUMAN,Not Applicable,HUMAN,Not Applicable,Not Applicable,5TDBKRFH7FS170463
2018,15253966,SUBURBAN,PASSENGER OR SUBURBAN,Going Straight Ahead,Not Entered,West,Gas,2016,NY,1,4,NISSA,HUMAN,Not Applicable,HUMAN,Not Applicable,"Other Motor Vehicle, Collision With",KNMAT2MV5GP677933
2018,15253995,4 DOOR SEDAN,PASSENGER OR SUBURBAN,Parked,Not Entered,North,Gas,2015,NY,1,4,HYUND,HUMAN,Not Applicable,HUMAN,Not Applicable,Not Applicable,5NPE34AF5FH219894
2018,15253996,SUBURBAN,PASSENGER OR SUBURBAN,Going Straight Ahead,Not Entered,South,Gas,2016,NY,1,4,NISSA,HUMAN,Following Too Closely,HUMAN,Unsafe Speed,Not Applicable,5N1AT2MV0GC831712
2018,15253999,4 DOOR SEDAN,PASSENGER OR SUBURBAN,Going Straight Ahead,Not Entered,North,Gas,2017,NY,1,4,HYUND,HUMAN,Not Applicable,HUMAN,Not Applicable,Not Applicable,5NPD84LF8HH108219
2018,15254026,SUBURBAN,PASSENGER OR SUBURBAN,Stopped in Traffic,Not Entered,South,Gas,2010,NY,2,6,DODGE,HUMAN,Not Applicable,HUMAN,Not Applicable,"Other Motor Vehicle, Collision With",1D4PU2GK0AW116421
2018,15254025,4 DOOR SEDAN,PASSENGER OR SUBURBAN,Going Straight Ahead,Not Entered,South,Gas,2015,NY,2,4,CHEVR,HUMAN,Driver Inattention/Distraction*,HUMAN,Following Too Closely,Not Applicable,1G11C5SL2FF292412
2018,15254056,4 DOOR SEDAN,PASSENGER OR SUBURBAN,Parked,Not Entered,West,Gas,2013,NY,0,4,CHEVR,HUMAN,Not Applicable,HUMAN,Not Applicable,Not Applicable,1G11E5SA3DF156599
2018,15254058,SUBURBAN,PASSENGER OR SUBURBAN,Entering Parked Position,Not Entered,Southeast,Gas,2014,NY,1,4,HONDA,HUMAN,Not Applicable,HUMAN,Not Applicable,Not Applicable,2HKRM4H55EH710282
2018,15254057,SUBURBAN,PASSENGER OR SUBURBAN,Slowing or Stopping,Not Entered,Southeast,Gas,2008,NY,1,6,FORD,HUMAN,Not Applicable,ENVMT,Pavement Slippery,Not Applicable,2FMDK48C38BA67120
2018,15254060,FLAT BED TRUCK,TOW TRUCK,Going Straight Ahead,Not Entered,North,Diesel,2015,NY,1,6,HINO,HUMAN,Not Applicable,HUMAN,Not Applicable,Not Applicable,5PVNE8JP8F4S51142
2018,15254061,SUBURBAN,PASSENGER OR SUBURBAN,Slowing or Stopping,Not Entered,Southeast,Gas,2014,NY,1,4,HONDA,HUMAN,Not Applicable,ENVMT,Pavement Slippery,Not Applicable,2HKRM4H55EH710282
2018,15254071,SUBURBAN,PASSENGER OR SUBURBAN,Slowing or Stopping,Not Entered,North,Gas,2010,NY,1,6,KIA,HUMAN,Not Applicable,HUMAN,Not Applicable,Not Applicable,KNDMG4C30A6339530
2018,15254074,PICKUP TRUCK,PASSENGER OR SUBURBAN,Stopped in Traffic,Not Entered,North,Gas,2016,NY,2,6,CHEVR,HUMAN,Not Applicable,HUMAN,Not Applicable,Not Applicable,1GCGTDE31G1331142
2018,15254088,4 DOOR SEDAN,PASSENGER OR SUBURBAN,Parked,Not Entered,West,Gas,2015,NY,0,4,VOLKS,HUMAN,Not Applicable,HUMAN,Not Applicable,Not Applicable,3VW2K7AJ1FM262423
2018,15254112,SUBURBAN,OMNIBUS - TAXI,Going Straight Ahead,Not Entered,East,Gas,2016,NY,1,6,TOYOT,HUMAN,Not Entered,HUMAN,Failure to Yield Right-of-Way,Not Entered,5TDJKRFH3GS356322
2018,15254111,4 DOOR SEDAN,OMNIBUS - TAXI,Going Straight Ahead,Not Entered,North,Gas,2017,NY,1,4,HYUND,HUMAN,Not Entered,HUMAN,Not Entered,"Other Motor Vehicle, Collision With",5NPD84LF5HH153778
2018,15254115,SUBURBAN,PASSENGER OR SUBURBAN,Stopped in Traffic,Not Entered,South,Gas,2007,NY,1,6,CHEVR,HUMAN,Not Applicable,HUMAN,Not Applicable,Not Applicable,2CNDL23F576021010
2018,15254117,4 DOOR SEDAN,SPECIAL PASSENGER,Parked,Not Entered,North,Gas,2018,NY,0,4,BMW,HUMAN,Not Applicable,HUMAN,Not Applicable,Not Applicable,WBA4J3C50JBG91401
2018,15254143,TAXI,OMNIBUS - TAXI,Going Straight Ahead,Not Entered,North,Gas,2015,NY,1,4,NISSA,HUMAN,Not Entered,VEHICLE,Other*,Not Entered,3N8CM0JT3FK713006
2018,15254142,SUBURBAN,PASSENGER OR SUBURBAN,Making Left Turn,Not Entered,North,Gas,2012,NY,1,6,HONDA,HUMAN,Not Entered,HUMAN,Not Entered,Not Entered,5FNYF4H93CB010975
2018,15254146,BUS (OMNIBUS),POLITICAL SUBDIVISION,Going Straight Ahead,Not Entered,South,Electric,2006,NY,7,6,ORION,HUMAN,Not Entered,HUMAN,Not Entered,Not Entered,1VHHH3P2466702417
2018,15254151,4 DOOR SEDAN,PASSENGER OR SUBURBAN,Making Left Turn,Not Entered,Southeast,Gas,2014,NY,1,4,CHEVR,HUMAN,Not Applicable,HUMAN,Not Applicable,Not Applicable,1G11B5SL2EF239906
2018,15254152,4 DOOR SEDAN,PASSENGER OR SUBURBAN,Going Straight Ahead,Not Entered,East,Gas,2004,NY,2,8,MERCU,HUMAN,Not Entered,HUMAN,Unsafe Lane Changing,Not Entered,2MEFM74W94X683540
2018,15254157,4 DOOR SEDAN,PASSENGER OR SUBURBAN,Parked,Not Entered,East,Gas,2004,NY,0,4,TOYOT,HUMAN,Not Entered,HUMAN,Not Entered,Not Entered,4T1BE32K84U925355
2018,15254156,4 DOOR SEDAN,PASSENGER OR SUBURBAN,Parked,Not Entered,East,Gas,2012,NY,0,4,TOYOT,HUMAN,Not Entered,HUMAN,Not Entered,"Other Motor Vehicle, Collision With",2T1BU4EE9CC856674
2018,15254155,4 DOOR SEDAN,PASSENGER OR SUBURBAN,Parked,Not Entered,East,Gas,2003,NY,0,4,TOYOT,HUMAN,Not Entered,HUMAN,Not Entered,"Other Motor Vehicle, Collision With",JTDBR32E230029688
2018,15254160,4 DOOR SEDAN,PASSENGER OR SUBURBAN,Parked,Not Entered,West,Gas,2015,NY,0,4,HYUND,HUMAN,Not Applicable,HUMAN,Not Applicable,Not Applicable,KM8JTCAF0FU960531
2018,15254158,SUBURBAN,PASSENGER OR SUBURBAN,Going Straight Ahead,Not Entered,West,Gas,2005,NY,1,6,NISSA,VEHICLE,Other*,ENVMT,Pavement Slippery,Not Applicable,5N1AR18W65C771105
2018,15254165,4 DOOR SEDAN,PASSENGER OR SUBURBAN,Going Straight Ahead,Not Entered,East,Gas,2016,NY,1,4,HONDA,HUMAN,Driver Inattention/Distraction*,ENVMT,Pavement Slippery,Not Entered,2HGFC1F3XGH659011
2018,15254177,4 DOOR SEDAN,PASSENGER OR SUBURBAN,Parked,Not Entered,West,Gas,2017,NY,0,4,TOYOT,HUMAN,Not Applicable,HUMAN,Not Applicable,Not Applicable,4T1BF1FK5HU788697
2018,15254183,SUBURBAN,PASSENGER OR SUBURBAN,Going Straight Ahead,Not Entered,North,Gas,2016,NY,1,6,TOYOT,HUMAN,Not Entered,HUMAN,Not Entered,Not Entered,5TDKK3DC4GS722796
2018,15254182,SUBURBAN,PASSENGER OR SUBURBAN,Going Straight Ahead,Not Entered,North,Gas,2014,NY,3,6,TOYOT,HUMAN,Driver Inattention/Distraction*,HUMAN,Passing or Lane Usage Improper,"Other Motor Vehicle, Collision With",5TDKK3DC7ES410940
2018,15254181,SUBURBAN,PASSENGER OR SUBURBAN,Going Straight Ahead,Not Entered,Northeast,Gas,2011,NY,1,6,TOYOT,HUMAN,Not Entered,HUMAN,Not Entered,Not Entered,5TDYK3DC6BS136314
2018,15254185,SUBURBAN,PASSENGER OR SUBURBAN,Going Straight Ahead,Not Entered,East,Gas,2007,NY,1,6,MERCU,HUMAN,Following Too Closely,HUMAN,Unsafe Speed,Not Entered,4M2EU48E47UJ04117
2018,15254184,4 DOOR SEDAN,OMNIBUS - TAXI,Going Straight Ahead,Not Entered,East,Gas,2014,NY,2,4,TOYOT,HUMAN,Not Entered,HUMAN,Not Entered,Not Entered,4T1BF1FK1EU353459
2018,15254195,4 DOOR SEDAN,PASSENGER OR SUBURBAN,Going Straight Ahead,Not Entered,East,Gas,2006,NY,1,6,NISSA,HUMAN,Not Entered,HUMAN,Not Entered,Not Entered,1N4BA41E46C863002
2018,15254203,SUBURBAN,PASSENGER OR SUBURBAN,Parked,Not Entered,West,Gas,2012,NY,0,4,NISSA,HUMAN,Not Entered,HUMAN,Not Entered,Not Entered,JN8AS5MV3CW355297
2018,15254202,SUBURBAN,PASSENGER OR SUBURBAN,Parked,Not Entered,West,Gas,2001,NY,0,4,DODGE,HUMAN,Not Entered,HUMAN,Not Entered,Not Entered,1B8GP25B71B278749
2018,15254201,SUBURBAN,PASSENGER OR SUBURBAN,Parked,Not Entered,West,Gas,2004,NY,0,6,BMW,HUMAN,Not Entered,HUMAN,Not Entered,"Other Motor Vehicle, Collision With",WBXPA93464WD00312
2018,15254200,SUBURBAN,PASSENGER OR SUBURBAN,Parked,Not Entered,West,Gas,2017,NY,0,6,TOYOT,HUMAN,Not Entered,HUMAN,Not Entered,"Other Motor Vehicle, Collision With",5TDYZ3DC2HS780087
2018,15254199,4 DOOR SEDAN,PASSENGER OR SUBURBAN,Going Straight Ahead,Not Entered,West,Gas,2006,NY,1,6,AUDI,HUMAN,Not Entered,HUMAN,Unknown,"Other Motor Vehicle, Collision With",WAUDG74F46N069755
2018,15254207,SUBURBAN,PASSENGER OR SUBURBAN,Going Straight Ahead,Not Entered,West,Gas,2005,NY,4,6,TOYOT,HUMAN,Not Applicable,HUMAN,Not Applicable,Not Applicable,5TDZA23C55S236475
2018,15564705,SUBURBAN,PASSENGER OR SUBURBAN,Going Straight Ahead,Not Entered,East,Gas,2016,NY,1,4,ME/BE,HUMAN,Not Entered,HUMAN,Driver Inattention/Distraction*,Not Entered,WDC0G4KB8GF060353
2018,15254209,TAXI,OMNIBUS - TAXI,Making Left Turn,Not Entered,East,Gas,2013,NY,3,4,TOYOT,HUMAN,Driver Inattention/Distraction*,HUMAN,Turning Improperly,Not Entered,4T1BD1FK3DU066340
2018,15254213,4 DOOR SEDAN,PASSENGER OR SUBURBAN,Parked,Not Entered,East,Gas,2014,NY,0,4,NISSA,HUMAN,Not Applicable,HUMAN,Not Applicable,Not Applicable,1N4AL3AP1EC119826
2018,15254215,4 DOOR SEDAN,PASSENGER OR SUBURBAN,Parked,Not Entered,North,Gas,2012,NY,0,5,VOLKS,HUMAN,Not Applicable,HUMAN,Not Applicable,Not Applicable,1VWBP7A36CC078059
2018,15254217,4 DOOR SEDAN,PASSENGER OR SUBURBAN,Parked,Not Entered,South,Gas,2015,NY,0,4,HONDA,HUMAN,Not Applicable,HUMAN,Not Applicable,Not Applicable,19XFB2F90FE284199
2018,15254229,SUBURBAN,PASSENGER OR SUBURBAN,Parked,Not Entered,Unknown,Gas,2010,NY,0,6,DODGE,HUMAN,Not Applicable,HUMAN,Not Applicable,Not Applicable,2D4RN4DE0AR175980
2018,15254239,4 DOOR SEDAN,PASSENGER OR SUBURBAN,Parked,Not Entered,South,Gas,2011,NY,0,4,HYUND,HUMAN,Not Applicable,HUMAN,Not Applicable,Not Applicable,5NPDH4AE2BH055289
2018,15254243,4 DOOR SEDAN,OMNIBUS - TAXI,Going Straight Ahead,Not Entered,South,Gas,2015,NY,1,4,TOYOT,HUMAN,Not Entered,HUMAN,Following Too Closely,Not Entered,4T1BD1FK0FU164289
2018,15254242,SUBURBAN,OMNIBUS - TAXI,Making Right Turn,Not Entered,South,Gas,2014,NY,1,6,LINCO,HUMAN,Not Entered,HUMAN,Not Entered,Not Entered,2LMHJ5AT9EBL54840
2018,15260995,PICKUP TRUCK,AGRICULTURAL TRUCK,Going Straight Ahead,Not Entered,West,Gas,2011,NY,1,8,DODGE,HUMAN,Alcohol Involvement,HUMAN,Unsafe Speed,"Snow Embankment, Collision With Fixed Object",3D7TT2CT9BG574137
2018,15264636,4 DOOR SEDAN,PASSENGER OR SUBURBAN,Going Straight Ahead,Not Entered,North,Gas,2015,NY,1,6,DODGE,HUMAN,Alcohol Involvement,HUMAN,Failure to Keep Right,Not Applicable,2C3CDXFG5FH891572
2018,15285123,4 DOOR SEDAN,PASSENGER OR SUBURBAN,Going Straight Ahead,Not Entered,East,Gas,1999,NY,1,6,FORD,HUMAN,Unknown,HUMAN,Failure to Keep Right,Not Applicable,1FAFP53U4XA172205
2018,15298150,PICKUP TRUCK,PASSENGER OR SUBURBAN,Going Straight Ahead,Not Entered,North,Gas,2013,NY,1,6,FORD,HUMAN,Illness,HUMAN,Unsafe Speed,"Light Support/Utility Pole, Collision With Fixed Object",1FTFX1ET7DFC25923
2018,15270155,SUBURBAN,PASSENGER OR SUBURBAN,Going Straight Ahead,Not Entered,West,Gas,2006,NY,1,6,SATUR,HUMAN,Not Entered,HUMAN,Illness,Not Entered,5GZCZ63426S804560
2018,15275247,SUBURBAN,PASSENGER OR SUBURBAN,Going Straight Ahead,Not Entered,South,Gas,2011,NY,1,4,HONDA,HUMAN,Not Applicable,HUMAN,Lost Consciousness,Not Applicable,5J6RE4H36BL026550
2018,15277615,SUBURBAN,PASSENGER OR SUBURBAN,Going Straight Ahead,Not Entered,West,Gas,2002,NY,2,4,KIA,HUMAN,Failure to Keep Right,ENVMT,Pavement Slippery,Not Applicable,KNDJB723625116839
2018,15283771,SUBURBAN,PASSENGER OR SUBURBAN,Other,Not Entered,West,Gas,2015,NY,1,4,KIA,HUMAN,Unknown,HUMAN,Drugs (Illegal),Not Applicable,KNDJN2A28F7232685
2018,15284773,4 DOOR SEDAN,PASSENGER OR SUBURBAN,Going Straight Ahead,Not Entered,West,Gas,2009,NY,2,4,PONTI,HUMAN,Illness,HUMAN,Lost Consciousness,Not Applicable,1G2ZG57B594192680
2018,15252986,SUBURBAN,PASSENGER OR SUBURBAN,Going Straight Ahead,Not Entered,East,Gas,2012,NY,1,4,SUBAR,HUMAN,Passing or Lane Usage Improper,ENVMT,Pavement Slippery,Not Applicable,4S4BRBLC4C3271125
2018,15281390,4 DOOR SEDAN,PASSENGER OR SUBURBAN,Going Straight Ahead,Not Entered,South,Gas,2016,NY,1,4,NISSA,HUMAN,Unknown,HUMAN,Failure to Keep Right,Not Entered,1N4AL3AP5GC168191
2018,15334490,4 DOOR SEDAN,PASSENGER OR SUBURBAN,Going Straight Ahead,Not Entered,East,Gas,2015,NY,2,4,CHRYS,HUMAN,Not Applicable,HUMAN,Driver Inattention/Distraction*,Not Applicable,1C3CCCAB8FN719518
2018,15411568,PICKUP TRUCK,AGRICULTURAL TRUCK,Going Straight Ahead,Not Entered,East,Gas,2002,NY,1,8,FORD,HUMAN,Passing or Lane Usage Improper,HUMAN,Unsafe Speed,"Earth Embankment/Rock Cut/Ditch, Collision With Fixed Object",1FTNX21L32ED00479
2018,15514502,SUBURBAN,PASSENGER OR SUBURBAN,Going Straight Ahead,Not Entered,East,Gas,2012,NY,1,4,NISSA,HUMAN,Unknown,HUMAN,Unsafe Speed,"Light Support/Utility Pole, Collision With Fixed Object",JN8AS5MV9CW701367
2018,15578011,MOTORCYCLE,MOTORCYCLE,Making Right Turn,Not Entered,Northeast,Gas,2016,NY,1,3,YAMAH,HUMAN,Failure to Yield Right-of-Way,HUMAN,Turning Improperly,Not Entered,JYARN33E1GA011574
2018,15628946,4 DOOR SEDAN,PASSENGER OR SUBURBAN,Going Straight Ahead,Not Entered,West,Gas,2004,NY,1,6,OLDSM,HUMAN,Not Entered,HUMAN,Not Entered,Not Entered,1G3NL52E24C198118
2018,15641715,4 DOOR SEDAN,SPECIAL PASSENGER,Going Straight Ahead,Not Entered,Southeast,Gas,2013,NY,2,6,SUBAR,HUMAN,Not Applicable,HUMAN,Not Applicable,"Earth Embankment/Rock Cut/Ditch, Collision With Fixed Object",4S3BMDP6XD2009510
2018,15694373,4 DOOR SEDAN,PASSENGER OR SUBURBAN,Going Straight Ahead,Not Entered,North,Gas,2007,NY,1,4,HONDA,HUMAN,Not Entered,HUMAN,Not Entered,"Other Motor Vehicle, Collision With",1HGFA15887L139671
2018,15725939,MOTORCYCLE,MOTORCYCLE,Going Straight Ahead,Not Entered,Southeast,Gas,2015,NY,1,4,SUZUK,HUMAN,Driver Inexperience*,HUMAN,Unsafe Speed,Not Applicable,JS1GT78A8F2101130
2018,15772902,SUBURBAN,PASSENGER OR SUBURBAN,Going Straight Ahead,Not Entered,South,Gas,2012,NY,1,4,JEEP,HUMAN,Not Applicable,HUMAN,Failure to Keep Right,Not Applicable,1C4NJDBB7CD611911
2018,15758871,ALL TERRAIN VEHICLE,ALL TERRAIN VEHICLE,Making Left Turn,Not Entered,East,Gas,2015,NY,1,1,AR/CA,HUMAN,Failure to Yield Right-of-Way,HUMAN,Turning Improperly,"Fence, Collision With Fixed Object",4UF15ATV8FT207061
2018,15262872,SUBURBAN,PASSENGER OR SUBURBAN,Going Straight Ahead,Not Entered,North,Gas,2015,NY,2,4,TOYOT,HUMAN,Driver Inattention/Distraction*,HUMAN,Following Too Closely,Not Applicable,2T3RFREV5FW333216
2018,15264766,SUBURBAN,PASSENGER OR SUBURBAN,Going Straight Ahead,Not Entered,North,Gas,2008,NY,2,6,ACURA,HUMAN,Driver Inattention/Distraction*,HUMAN,Traffic Control Device Disregarded,Not Entered,2HNYD28278H539452
2018,15275043,4 DOOR SEDAN,PASSENGER OR SUBURBAN,Making Left Turn,Not Entered,West,Gas,2009,NY,3,4,CHEVR,HUMAN,Not Applicable,HUMAN,Failure to Yield Right-of-Way,Not Applicable,1G1ZH57B494147974
2018,15284213,SUBURBAN,PASSENGER OR SUBURBAN,Making Left Turn,Not Entered,East,Gas,2014,NY,3,6,DODGE,HUMAN,Not Applicable,HUMAN,Failure to Yield Right-of-Way,Not Applicable,2C4RDGCG3ER427571
2018,15284921,2 DOOR SEDAN,PASSENGER OR SUBURBAN,Going Straight Ahead,Not Entered,Northeast,Gas,2012,NY,3,4,NISSA,HUMAN,Driver Inexperience*,HUMAN,Traffic Control Device Disregarded,Not Applicable,1N4AL2EP8CC108484
2018,15287049,PICKUP TRUCK,AGRICULTURAL TRUCK,Going Straight Ahead,Not Entered,East,Diesel,2017,NY,2,8,FORD,HUMAN,Not Applicable,HUMAN,Unsafe Speed,Not Applicable,1FT8W3BT4HEE77412
2018,15290690,SUBURBAN,OMNIBUS - TAXI,Going Straight Ahead,Not Entered,North,Gas,2015,NY,4,6,TOYOT,HUMAN,Not Applicable,ENVMT,Traffic Control Device Improper/Non-Working,Not Entered,5TDJKRFH4FS177494
2018,15305601,SUBURBAN,PASSENGER OR SUBURBAN,Going Straight Ahead,Not Entered,East,Gas,2016,NY,3,4,HONDA,HUMAN,Not Applicable,HUMAN,Driver Inattention/Distraction*,Not Applicable,5J6RM4H50GL034025
2018,15313222,4 DOOR SEDAN,PASSENGER OR SUBURBAN,Going Straight Ahead,Not Entered,East,Gas,2017,NY,2,4,TOYOT,HUMAN,Driver Inattention/Distraction*,HUMAN,Traffic Control Device Disregarded,"Other Motor Vehicle, Collision With",2T1BURHE5HC874685
2018,15309394,SUBURBAN,PASSENGER OR SUBURBAN,Going Straight Ahead,Not Entered,West,Gas,2002,NY,3,6,BMW,HUMAN,Unsafe Lane Changing,VEHICLE,Tire Failure/Inadequate,Not Applicable,5UXFA535X2LP42997
2018,15408490,PICKUP TRUCK,PASSENGER OR SUBURBAN,Going Straight Ahead,Not Entered,Southwest,Gas,2004,NY,1,8,TOYOT,HUMAN,Not Applicable,HUMAN,Failure to Keep Right,Not Applicable,5TBDT44184S450414
2018,15417032,SUBURBAN,PASSENGER OR SUBURBAN,Going Straight Ahead,Not Entered,North,Gas,2003,NY,2,6,CHEVR,HUMAN,Unsafe Speed,ENVMT,Pavement Slippery,"Tree, Collision With Fixed Object",1GNDT13S532273818
2018,15442024,4 DOOR SEDAN,PASSENGER OR SUBURBAN,Going Straight Ahead,Not Entered,North,Gas,2009,NY,1,4,HONDA,HUMAN,Unknown,HUMAN,Driver Inattention/Distraction*,"Other Motor Vehicle, Collision With",1HGCP26839A057903
2018,15506877,4 DOOR SEDAN,PASSENGER OR SUBURBAN,Making Left Turn,Not Entered,West,Gas,2016,NY,1,4,ME/BE,HUMAN,Unknown,HUMAN,Failure to Yield Right-of-Way,Not Entered,55SWF4KB8GU137793
2018,15513607,SUBURBAN,PASSENGER OR SUBURBAN,Other,Not Entered,East,Gas,2002,NY,1,6,CHEVR,HUMAN,Alcohol Involvement,HUMAN,Passing or Lane Usage Improper,Not Applicable,1GBFG15W321167009
2018,15254785,4 DOOR SEDAN,PASSENGER OR SUBURBAN,Going Straight Ahead,Not Entered,South,Gas,2014,NY,5,4,TOYOT,HUMAN,Not Applicable,HUMAN,Not Applicable,Not Applicable,4T1BF1FK4EU338535
2018,15301965,SUBURBAN,PASSENGER OR SUBURBAN,Going Straight Ahead,Not Entered,North,Gas,2008,NY,1,4,FORD,HUMAN,Not Applicable,VEHICLE,Other*,Not Applicable,1FMCU03Z28KA95989