Year,Case Vehicle ID,Vehicle Body Type,Registration Class,Action Prior to Accident,Type / Axles of Truck or Bus,Direction of Travel,Fuel Type,Vehicle Year,State of Registration,Number of Occupants,Engine Cylinders,Vehicle Make,Contributing Factor 1,Contributing Factor 1 Description,Contributing Factor 2,Contributing Factor 2 Description,Event Type,Partial VIN
2018,15308036,SUBURBAN,PASSENGER OR SUBURBAN,Going Straight Ahead,Not Entered,West,Gas,2008,NY,1,8,FORD,HUMAN,Not Entered,HUMAN,Unsafe Speed,Not Entered,1FTSS34L18DB41088
2018,15325814,4 DOOR SEDAN,OMNIBUS-SPECIAL (PRIVATE RENTAL),Going Straight Ahead,Not Entered,West,Gas,2016,NY,2,6,DODGE,HUMAN,Alcohol Involvement,HUMAN,Passing or Lane Usage Improper,"Earth Embankment/Rock Cut/Ditch, Collision With Fixed Object",2C3CDXHG5GH285431
2018,15357599,SUBURBAN,PASSENGER OR SUBURBAN,Going Straight Ahead,Not Entered,East,Gas,2002,NY,2,6,FORD,HUMAN,Not Entered,HUMAN,Unsafe Speed,Not Entered,1FMYU70E92UC01818
2018,15419245,BUS (OMNIBUS),POLITICAL SUBDIVISION,Going Straight Ahead,Not Entered,South,Diesel,2006,NY,3,6,ORION,HUMAN,Not Applicable,HUMAN,Unknown,Not Applicable,1VHAH3H2166502594
2018,15466097,SUBURBAN,PASSENGER OR SUBURBAN,Making Left Turn,Not Entered,Northwest,Gas,2009,NY,2,6,TOYOT,HUMAN,Not Applicable,HUMAN,Not Applicable,Not Applicable,4T3BK11A69U024117
2018,15487827,4 DOOR SEDAN,PASSENGER OR SUBURBAN,Stopped in Traffic,Not Entered,West,Gas,2009,NY,2,4,TOYOT,HUMAN,Not Applicable,HUMAN,Not Applicable,"Other Motor Vehicle, Collision With",4T1BE46K09U391761
2018,15285120,4 DOOR SEDAN,PASSENGER OR SUBURBAN,Going Straight Ahead,Not Entered,South,Gas,2013,NY,1,8,ME/BE,HUMAN,Driver Inattention/Distraction*,HUMAN,Unsafe Speed,"Building/Wall, Collision With Fixed Object",WDDNG9EB8DA533879
2018,15358108,SUBURBAN,OMNIBUS - TAXI,Going Straight Ahead,Not Entered,West,Gas,2014,NY,1,6,TOYOT,HUMAN,Not Entered,HUMAN,Unknown,Not Entered,5TDKK3DCXES451868
2018,15470602,SUBURBAN,PASSENGER OR SUBURBAN,Going Straight Ahead,Not Entered,North,Gas,2016,NY,1,4,CHEVR,HUMAN,Not Applicable,HUMAN,Not Applicable,Not Applicable,2GNFLFEK2G6304535
2018,15539766,SUBURBAN,PASSENGER OR SUBURBAN,Slowing or Stopping,Not Entered,East,Gas,2016,NY,2,6,HONDA,HUMAN,Not Applicable,HUMAN,Not Applicable,"Other Motor Vehicle, Collision With",5FNRL5H69GB110772
2018,15552770,4 DOOR SEDAN,PASSENGER OR SUBURBAN,Going Straight Ahead,Not Entered,East,Gas,2012,NY,4,4,MAZDA,HUMAN,Not Entered,HUMAN,Not Entered,"Fire/Explosion, Non-Collision",JM1BL1UG7C1648351
2018,15263170,SUBURBAN,PASSENGER OR SUBURBAN,Going Straight Ahead,Not Entered,South,Gas,2014,NY,2,6,CHRYS,HUMAN,Not Applicable,HUMAN,Passing or Lane Usage Improper,Not Applicable,2C4RC1CG5ER277964
2018,15263171,4 DOOR SEDAN,OMNIBUS - TAXI,Stopped in Traffic,Not Entered,South,Gas,2015,NY,1,6,TOYOT,HUMAN,Not Applicable,HUMAN,Not Applicable,Not Applicable,4T1BK1EB2FU152975
2018,15264360,SUBURBAN,PASSENGER OR SUBURBAN,Going Straight Ahead,Not Entered,North,Gas,2015,NY,1,4,JEEP,HUMAN,Not Applicable,HUMAN,Not Applicable,Not Applicable,1C4PJMBB5FW674894
2018,15270838,SUBURBAN,OMNIBUS - TAXI,Slowing or Stopping,Not Entered,South,Gas,2017,NY,4,4,TOYOT,HUMAN,Not Applicable,HUMAN,Not Applicable,"Other Motor Vehicle, Collision With",2T3BFREV3HW556102
2018,15301600,SUBURBAN,PASSENGER OR SUBURBAN,Stopped in Traffic,Not Entered,East,Gas,2013,NY,1,4,MINI,HUMAN,Not Applicable,HUMAN,Not Applicable,Not Applicable,WMWZF3C50DT491475
2018,15308093,4 DOOR SEDAN,PASSENGER OR SUBURBAN,Making Right Turn,Not Entered,East,Gas,2017,NY,2,4,TOYOT,HUMAN,Turning Improperly,HUMAN,Reaction to Other Uninvolved Vehicle,"Building/Wall, Collision With Fixed Object",4T1BF1FK4HU374021
2018,15310950,4 DOOR SEDAN,PASSENGER OR SUBURBAN,Going Straight Ahead,Not Entered,South,Gas,2013,NY,1,6,ME/BE,HUMAN,Not Entered,HUMAN,Driver Inattention/Distraction*,Not Entered,WDDGF8AB9DR285249
2018,15318732,4 DOOR SEDAN,PASSENGER OR SUBURBAN,Going Straight Ahead,Not Entered,Northwest,Gas,2012,NY,2,6,DODGE,HUMAN,Unsafe Speed,ENVMT,Pavement Slippery,Not Applicable,1C3CDZEG9CN115638
2018,15321414,4 DOOR SEDAN,PASSENGER OR SUBURBAN,Going Straight Ahead,Not Entered,East,Gas,2009,NY,1,4,MITSU,HUMAN,Not Applicable,HUMAN,Not Applicable,Not Applicable,4A3AB36F89E020375
2018,15259533,SUBURBAN,PASSENGER OR SUBURBAN,Making Left Turn,Not Entered,West,Gas,2001,NY,3,8,FORD,HUMAN,Not Applicable,HUMAN,Failure to Yield Right-of-Way,Not Applicable,1FMPU16L21LA09692
2018,15260692,SUBURBAN,PASSENGER OR SUBURBAN,Stopped in Traffic,Not Entered,Northeast,Gas,2004,NY,1,6,JEEP,HUMAN,Not Applicable,HUMAN,Not Applicable,Not Applicable,1J4GL48KX4W102115
2018,15262082,4 DOOR SEDAN,PASSENGER OR SUBURBAN,Making U Turn,Not Entered,East,Gas,2017,NY,1,4,CHEVR,HUMAN,Driver Inattention/Distraction*,HUMAN,Turning Improperly,Not Entered,1G1BE5SM9H7267981
2018,15272789,4 DOOR SEDAN,PASSENGER OR SUBURBAN,Stopped in Traffic,Not Entered,South,Gas,2009,NY,1,4,VOLKS,HUMAN,Not Applicable,HUMAN,Not Applicable,"Other Motor Vehicle, Collision With",3VWRA71K99M058564
2018,15281599,TAXI,OMNIBUS - TAXI,Stopped in Traffic,Not Entered,East,Gas,2014,NY,2,4,TOYOT,HUMAN,Not Applicable,HUMAN,Not Applicable,"Other Motor Vehicle, Collision With",4T1BD1FK3EU140504
2018,15288409,4 DOOR SEDAN,PASSENGER OR SUBURBAN,Going Straight Ahead,Not Entered,East,Gas,2006,NY,3,4,MAZDA,HUMAN,Reaction to Other Uninvolved Vehicle,ENVMT,Pavement Slippery,"Earth Embankment/Rock Cut/Ditch, Collision With Fixed Object",JM1BK12G961472011
2018,15292217,SUBURBAN,PASSENGER OR SUBURBAN,Going Straight Ahead,Not Entered,West,Gas,2013,NY,4,6,MAZDA,HUMAN,Not Applicable,HUMAN,Driver Inattention/Distraction*,Not Entered,JM3TB3CV2D0416080
2018,15296340,4 DOOR SEDAN,PASSENGER OR SUBURBAN,Going Straight Ahead,Not Entered,East,Gas,1995,NY,1,4,SATUR,HUMAN,Not Applicable,ENVMT,Pavement Slippery,Not Applicable,1G8ZJ5275SZ149590
2018,15309475,SUBURBAN,PASSENGER OR SUBURBAN,Going Straight Ahead,Not Entered,East,Gas,2007,NY,2,6,NISSA,HUMAN,Not Applicable,HUMAN,Not Applicable,Not Applicable,5N1AR18W07C625141
2018,15690348,FLAT BED TRUCK,AGRICULTURAL TRUCK,Going Straight Ahead,2 axle single unit platform truck,North,Diesel,1999,NY,1,8,INTER,HUMAN,Not Applicable,HUMAN,Not Applicable,Not Applicable,1HTSCABM3XH659839
2018,15258593,PICKUP TRUCK,PASSENGER OR SUBURBAN,Overtaking/Passing,Not Entered,South,Gas,2010,NY,1,8,DODGE,HUMAN,Aggressive Driving/Road Rage,HUMAN,Passing Too Closely,Not Applicable,1D7RV1GT9AS187748
2018,15286548,SUBURBAN,OMNIBUS - TAXI,Merging,Not Entered,West,Gas,2015,NY,1,8,LEXUS,HUMAN,Aggressive Driving/Road Rage,ENVMT,Pavement Slippery,Not Entered,JTJBM7FX8F5116629
2018,15291590,4 DOOR SEDAN,PASSENGER OR SUBURBAN,Going Straight Ahead,Not Entered,North,Gas,2016,NY,1,6,HONDA,HUMAN,Aggressive Driving/Road Rage,VEHICLE,Other*,Not Entered,1HGCR3F83GA019827
2018,15315612,4 DOOR SEDAN,PASSENGER OR SUBURBAN,Going Straight Ahead,Not Entered,South,Gas,2013,NY,1,4,HONDA,HUMAN,Aggressive Driving/Road Rage,HUMAN,Passing Too Closely,Not Entered,2HGFB2F53DH598316
2018,15329563,TAXI,OMNIBUS - TAXI,Starting from Parking,Not Entered,South,Gas,2016,NY,1,6,TOYOT,HUMAN,Aggressive Driving/Road Rage,VEHICLE,Driverless/Runaway Vehicle,Not Entered,5TDZK3DC4GS733540
2018,15343183,SUBURBAN,PASSENGER OR SUBURBAN,Overtaking/Passing,Not Entered,West,Gas,2007,NY,2,8,GMC,HUMAN,Aggressive Driving/Road Rage,HUMAN,Passing Too Closely,Not Entered,1GKFK66867J388171
2018,15356396,4 DOOR SEDAN,OMNIBUS - TAXI,Going Straight Ahead,Not Entered,South,Gas,2017,NY,1,4,NISSA,HUMAN,Aggressive Driving/Road Rage,VEHICLE,Other*,Not Entered,1N4AL3AP3HC479250
2018,15358258,SUBURBAN,PASSENGER OR SUBURBAN,Other,Not Entered,East,Gas,2008,NY,1,6,ACURA,HUMAN,Aggressive Driving/Road Rage,VEHICLE,Driverless/Runaway Vehicle,Not Entered,2HNYD28318H504334
2018,15372203,2 DOOR SEDAN,PASSENGER OR SUBURBAN,Backing,Not Entered,Southeast,Gas,2016,NY,1,8,ME/BE,HUMAN,Aggressive Driving/Road Rage,ENVMT,Pavement Slippery,"Light Support/Utility Pole, Collision With Fixed Object",WDDXJ8FB6GA014871
2018,15378969,SUBURBAN,PASSENGER OR SUBURBAN,Backing,Not Entered,West,Gas,2016,NY,1,6,LA/RO,HUMAN,Aggressive Driving/Road Rage,VEHICLE,Other*,Not Entered,SALGS2VF5GA260683
2018,15396051,4 DOOR SEDAN,PASSENGER OR SUBURBAN,Overtaking/Passing,Not Entered,Southeast,Gas,2000,NY,1,6,BMW,HUMAN,Aggressive Driving/Road Rage,HUMAN,Passing Too Closely,Not Entered,WBADM6344YGV03960
2018,15323805,4 DOOR SEDAN,PASSENGER OR SUBURBAN,Going Straight Ahead,Not Entered,Northeast,Gas,2006,NY,1,4,HYUND,HUMAN,Cell Phone (hand held),HUMAN,Failure to Keep Right,Not Applicable,KMHCN46CX6U028263
2018,15496670,4 DOOR SEDAN,PASSENGER OR SUBURBAN,Going Straight Ahead,Not Entered,North,Gas,2018,NY,1,4,HYUND,HUMAN,Cell Phone (hand held),HUMAN,Failure to Keep Right,"Other Motor Vehicle, Collision With",5NPE34AF7JH681298
2018,15512086,SUBURBAN,PASSENGER OR SUBURBAN,Going Straight Ahead,Not Entered,East,Gas,2016,NY,1,6,CHRYS,HUMAN,Cell Phone (hand held),HUMAN,Failure to Keep Right,Not Entered,2C4RC1BG3GR291852
2018,15524122,SUBURBAN,OMNIBUS - LIVERY,Going Straight Ahead,Not Entered,North,Gas,2009,NY,2,6,DODGE,HUMAN,Cell Phone (hand held),HUMAN,Failure to Keep Right,"Fence, Collision With Fixed Object",1D8HN44E79B513993
2018,15529068,SUBURBAN,PASSENGER OR SUBURBAN,Going Straight Ahead,Not Entered,North,Gas,2018,NY,1,6,JEEP,HUMAN,Cell Phone (hand held),HUMAN,Texting,"Sign Post, Collision With Fixed Object",1C4RJFAGXJC189615
2018,15579951,SUBURBAN,PASSENGER OR SUBURBAN,Making Right Turn,Not Entered,Northeast,Gas,2007,NY,1,6,JEEP,HUMAN,Cell Phone (hand held),HUMAN,Failure to Keep Right,"Fence, Collision With Fixed Object",1J8GR48K07C634234
2018,15609361,4 DOOR SEDAN,PASSENGER OR SUBURBAN,Going Straight Ahead,Not Entered,East,Gas,2007,NY,1,4,DODGE,HUMAN,Cell Phone (hand held),ENVMT,Pavement Slippery,Not Applicable,1B3HB48B07D308607
2018,15629391,SUBURBAN,OMNIBUS - TAXI,Going Straight Ahead,Not Entered,East,Gas,2015,NY,2,6,FORD,HUMAN,Cell Phone (hand held),HUMAN,Failure to Keep Right,Not Entered,1FBAX2CG9FKA63829
2018,15659032,4 DOOR SEDAN,PASSENGER OR SUBURBAN,Going Straight Ahead,Not Entered,South,Gas,2009,NY,1,4,KIA,HUMAN,Cell Phone (hand held),ENVMT,Animal's Action,Not Applicable,KNADE223496470657
2018,15291777,4 DOOR SEDAN,SPECIAL PASSENGER,Going Straight Ahead,Not Entered,North,Gas,2004,NY,2,8,JEEP,HUMAN,Cell Phone (hands-free),ENVMT,View Obstructed/Limited,Not Entered,1J8GW58N34C351735
2018,15491195,4 DOOR SEDAN,PASSENGER OR SUBURBAN,Going Straight Ahead,Not Entered,West,Gas,2017,NY,1,4,TOYOT,HUMAN,Cell Phone (hands-free),HUMAN,Texting,Not Applicable,4T1BF1FK3HU432345
2018,15927890,4 DOOR SEDAN,PASSENGER OR SUBURBAN,Going Straight Ahead,Not Entered,Southwest,Gas,2011,NY,2,4,HYUND,HUMAN,Cell Phone (hands-free),HUMAN,Failure to Keep Right,Not Applicable,5NPEC4AC9BH006463
2018,16094796,4 DOOR SEDAN,PASSENGER OR SUBURBAN,Going Straight Ahead,Not Entered,West,Gas,2016,NY,1,4,HONDA,HUMAN,Cell Phone (hands-free),HUMAN,Passing Too Closely,Not Applicable,JHMGK5H75GS000645
2018,16141844,PICKUP TRUCK,PASSENGER OR SUBURBAN,Going Straight Ahead,Not Entered,South,Gas,2012,NY,1,8,FORD,HUMAN,Cell Phone (hands-free),ENVMT,Pavement Slippery,Not Applicable,1FTFX1EF8CFB12958
2018,16219299,4 DOOR SEDAN,PASSENGER OR SUBURBAN,Going Straight Ahead,Not Entered,East,Gas,2004,NY,1,6,CHEVR,HUMAN,Cell Phone (hands-free),ENVMT,View Obstructed/Limited,Not Applicable,1G1ZU54844F213358
2018,16320760,SUBURBAN,PASSENGER OR SUBURBAN,Going Straight Ahead,Not Entered,South,Gas,2018,NY,1,4,GMC,HUMAN,Cell Phone (hands-free),ENVMT,Pavement Defective,Not Applicable,3GKALTEV0JL181790
2019,16440206,SUBURBAN,PASSENGER OR SUBURBAN,Going Straight Ahead,Not Entered,South,Gas,2000,NY,1,6,MERCU,HUMAN,Cell Phone (hands-free),HUMAN,Not Applicable,Not Applicable,4M2DU76E2YUJ26392
2019,16506635,SUBURBAN,PASSENGER OR SUBURBAN,Going Straight Ahead,Not Entered,Southeast,Gas,2016,NY,1,4,HONDA,HUMAN,Cell Phone (hands-free),HUMAN,Not Applicable,"Guide Rail - End, Collision With Fixed Object",5J6RM4H38GL040797
2019,16575257,SUBURBAN,PASSENGER OR SUBURBAN,Going Straight Ahead,Not Entered,North,Gas,2015,NY,1,8,CADIL,HUMAN,Cell Phone (hands-free),HUMAN,Not Applicable,Not Applicable,1GYS4UKJXFR685942
2019,17421086,SUBURBAN,PASSENGER OR SUBURBAN,Going Straight Ahead,Not Entered,East,Gas,2010,NY,1,6,MERCU,HUMAN,Cell Phone (hands-free),HUMAN,Driver Inattention/Distraction*,Not Applicable,4M2CN9HG3AKJ15552
2019,16601579,4 DOOR SEDAN,PASSENGER OR SUBURBAN,Going Straight Ahead,Not Entered,North,Gas,2007,NY,1,6,FORD,HUMAN,Cell Phone (hands-free),HUMAN,Driver Inattention/Distraction*,"Tree, Collision With Fixed Object",3FAHP07197R251659
2018,15293247,2 DOOR SEDAN,PASSENGER OR SUBURBAN,Going Straight Ahead,Not Entered,South,Gas,2011,NY,1,6,HONDA,VEHICLE,Driverless/Runaway Vehicle,ENVMT,Pavement Slippery,Not Entered,1HGCS2B81BA006006
2018,15399654,TOW TRUCK,TOW TRUCK,Going Straight Ahead,Not Entered,South,Diesel,2008,NY,1,6,PETER,VEHICLE,Driverless/Runaway Vehicle,VEHICLE,Other*,"Other Motor Vehicle, Collision With",2NPLHN7X98M756956
2018,15487525,AMBULANCE,PASSENGER OR SUBURBAN,Other,Not Entered,East,Gas,2017,NY,1,6,FORD,VEHICLE,Driverless/Runaway Vehicle,ENVMT,Pavement Slippery,Not Entered,1FMJK1GT6HEA49024
2018,15537412,SUBURBAN,PASSENGER OR SUBURBAN,Other,Not Entered,South,Gas,2003,NY,3,6,NISSA,VEHICLE,Driverless/Runaway Vehicle,VEHICLE,Other*,Not Entered,JN8AZ08W63W214936
2018,15549028,4 DOOR SEDAN,PASSENGER OR SUBURBAN,Parked,Not Entered,North,Gas,2018,NY,2,4,KIA,VEHICLE,Driverless/Runaway Vehicle,VEHICLE,Other*,Not Applicable,5XXGT4L34JG182241
2018,15565903,TAXI,OMNIBUS - TAXI,Going Straight Ahead,Not Entered,South,Gas,2014,NY,1,4,TOYOT,VEHICLE,Driverless/Runaway Vehicle,VEHICLE,Other*,Not Entered,4T1BD1FK6EU135135
2018,15668300,SUBURBAN,PASSENGER OR SUBURBAN,Parked,Not Entered,Northeast,Gas,2004,NY,0,5,VOLVO,VEHICLE,Driverless/Runaway Vehicle,VEHICLE,Driverless/Runaway Vehicle,Not Entered,YV1CZ59H441100668
2018,15799962,SUBURBAN,PASSENGER OR SUBURBAN,Going Straight Ahead,Not Entered,West,Gas,2002,NY,0,8,FORD,VEHICLE,Driverless/Runaway Vehicle,VEHICLE,Driverless/Runaway Vehicle,Not Entered,1FMZU73W42ZA85732
2018,15820348,SUBURBAN,PASSENGER OR SUBURBAN,Other,Not Entered,West,Gas,2018,NY,2,4,MAZDA,VEHICLE,Driverless/Runaway Vehicle,VEHICLE,Other*,Not Entered,JM3KFBDM4J0358663
2018,15824789,4 DOOR SEDAN,PASSENGER OR SUBURBAN,Going Straight Ahead,Not Entered,North,Gas,2010,NY,0,4,TOYOT,VEHICLE,Driverless/Runaway Vehicle,VEHICLE,Driverless/Runaway Vehicle,Not Entered,4T1BF3EK5AU111362
2018,15857168,SUBURBAN,PASSENGER OR SUBURBAN,Starting from Parking,Not Entered,West,Gas,2002,NY,1,8,CADIL,VEHICLE,Driverless/Runaway Vehicle,VEHICLE,Other*,"Other Motor Vehicle, Collision With",1GYEK63N62R104527
2018,15255267,4 DOOR SEDAN,PASSENGER OR SUBURBAN,Going Straight Ahead,Not Entered,East,Gas,2016,NY,2,4,NISSA,HUMAN,Fatigued/Drowsy,ENVMT,Pavement Slippery,"Other Fixed Object*, Collision With Fixed Object",3N1CN7AP0GL832277
2018,15274989,PICKUP TRUCK,PASSENGER OR SUBURBAN,Going Straight Ahead,Not Entered,West,Gas,2006,NY,1,8,FORD,HUMAN,Fatigued/Drowsy,ENVMT,Pavement Slippery,Not Applicable,1FTPX14596NB53977
2018,15282281,4 DOOR SEDAN,PASSENGER OR SUBURBAN,Going Straight Ahead,Not Entered,North,Gas,2006,NY,1,4,TOYOT,HUMAN,Fatigued/Drowsy,ENVMT,Pavement Slippery,"Light Support/Utility Pole, Collision With Fixed Object",4T1BE32K56U708574
2018,15291356,SUBURBAN,PASSENGER OR SUBURBAN,Going Straight Ahead,Not Entered,East,Gas,2008,NY,1,6,NISSA,HUMAN,Fatigued/Drowsy,ENVMT,Pavement Slippery,Not Entered,5N1AN08WX8C540847
2018,15292836,SUBURBAN,PASSENGER OR SUBURBAN,Going Straight Ahead,Not Entered,South,Gas,2010,NY,1,8,BMW,HUMAN,Fatigued/Drowsy,HUMAN,Cell Phone (hand held),Not Entered,5UXFE8C50AL312318
2018,15296198,4 DOOR SEDAN,PASSENGER OR SUBURBAN,Going Straight Ahead,Not Entered,West,Gas,2008,NY,1,4,HONDA,HUMAN,Fatigued/Drowsy,ENVMT,Glare,"Snow Embankment, Collision With Fixed Object",1HGCP26498A019751
2018,15306292,4 DOOR SEDAN,OMNIBUS - TAXI,Going Straight Ahead,Not Entered,North,Gas,2016,NY,1,4,NISSA,HUMAN,Fatigued/Drowsy,HUMAN,Fatigued/Drowsy,"Tree, Collision With Fixed Object",1N4AL3AP4GC284062
2018,15313741,4 DOOR SEDAN,PASSENGER OR SUBURBAN,Going Straight Ahead,Not Entered,East,Gas,2004,NY,1,4,DODGE,HUMAN,Fatigued/Drowsy,HUMAN,Failure to Keep Right,Not Applicable,1B3ES56CX4D618277
2018,15317758,SUBURBAN,PASSENGER OR SUBURBAN,Going Straight Ahead,Not Entered,South,Gas,2013,NY,1,4,MINI,HUMAN,Fatigued/Drowsy,HUMAN,Failure to Keep Right,"Snow Embankment, Collision With Fixed Object",WMWZB3C51DWM09571
2018,15326057,4 DOOR SEDAN,PASSENGER OR SUBURBAN,Going Straight Ahead,Not Entered,North,Gas,2010,NY,4,4,MITSU,HUMAN,Fatigued/Drowsy,HUMAN,Failure to Keep Right,"Other Fixed Object*, Collision With Fixed Object",JA32U2FU0AU016128
2018,15336839,SUBURBAN,PASSENGER OR SUBURBAN,Changing Lanes,Not Entered,West,Gas,2006,NY,1,8,JEEP,HUMAN,Fatigued/Drowsy,HUMAN,Reaction to Other Uninvolved Vehicle,Not Entered,1J8HG48N46C244823
2018,15367204,PICKUP TRUCK,PASSENGER OR SUBURBAN,Going Straight Ahead,Not Entered,North,Gas,2010,NY,1,8,FORD,HUMAN,Fatigued/Drowsy,ENVMT,Pavement Slippery,"Earth Embankment/Rock Cut/Ditch, Collision With Fixed Object",1FTMF1EW4AFD57148
2018,15379418,4 DOOR SEDAN,PASSENGER OR SUBURBAN,Going Straight Ahead,Not Entered,South,Gas,2015,NY,1,4,KIA,HUMAN,Fatigued/Drowsy,VEHICLE,Tire Failure/Inadequate,Not Applicable,5XXGM4A73FG465093
2018,15392334,4 DOOR SEDAN,PASSENGER OR SUBURBAN,Going Straight Ahead,Not Entered,West,Gas,2006,NY,1,4,HONDA,HUMAN,Fatigued/Drowsy,HUMAN,Fatigued/Drowsy,Not Applicable,2HGFA16856H504494
2018,15328726,MOTORCYCLE,MOTORCYCLE,Going Straight Ahead,Not Entered,East,Gas,2009,NY,1,1,YAMAH,VEHICLE,Headlights Defective,VEHICLE,Headlights Defective,Not Applicable,LPRSE13Y99A582358
2018,15333406,2 DOOR SEDAN,PASSENGER OR SUBURBAN,Going Straight Ahead,Not Entered,East,Gas,2003,NY,1,6,CHEVR,VEHICLE,Headlights Defective,VEHICLE,Windshield Inadequate,Not Applicable,2G1WX12K339108397
2018,15380169,4 DOOR SEDAN,PASSENGER OR SUBURBAN,Going Straight Ahead,Not Entered,North,Gas,2005,NY,1,4,TOYOT,VEHICLE,Headlights Defective,ENVMT,Pavement Slippery,Not Applicable,2T1BR32E25C345858
2018,15901485,SUBURBAN,PASSENGER OR SUBURBAN,Going Straight Ahead,Not Entered,East,Gas,2004,NY,1,6,LEXUS,VEHICLE,Headlights Defective,ENVMT,View Obstructed/Limited,"Pedestrian, Collision With",2T2HA31U44C020939
2018,16019413,4 DOOR SEDAN,PASSENGER OR SUBURBAN,Going Straight Ahead,Not Entered,West,Gas,2012,NY,1,4,NISSA,VEHICLE,Headlights Defective,ENVMT,Pavement Slippery,Not Applicable,1N4AL2AP5CN567093
2019,16334254,SUBURBAN,PASSENGER OR SUBURBAN,Going Straight Ahead,Not Entered,East,Gas,2012,NY,1,6,JEEP,VEHICLE,Headlights Defective,HUMAN,Not Applicable,Not Applicable,1C4PJMAK7CW133178
2018,15259186,4 DOOR SEDAN,PASSENGER OR SUBURBAN,Overtaking/Passing,Not Entered,West,Gas,2009,NY,1,4,HYUND,HUMAN,Outside Car Distraction*,HUMAN,Passing Too Closely,Not Applicable,KMHDU46DX9U655906
2018,15263968,SUBURBAN,OMNIBUS - LIVERY,Going Straight Ahead,Not Entered,West,Gas,2006,NY,1,6,TOYOT,HUMAN,Outside Car Distraction*,ENVMT,Pavement Slippery,Not Entered,5TDZA23C76S499097
2018,15266679,DUMP,POLITICAL SUBDIVISION,Going Straight Ahead,Not Entered,West,Gas,2002,NY,2,10,FORD,HUMAN,Outside Car Distraction*,HUMAN,Reaction to Other Uninvolved Vehicle,Not Applicable,1FDXF46S02EC88942
2018,15268374,SUBURBAN,PASSENGER OR SUBURBAN,Stopped in Traffic,Not Entered,South,Gas,2015,NY,2,4,CHEVR,HUMAN,Outside Car Distraction*,ENVMT,View Obstructed/Limited,Not Applicable,3GNCJPSB6FL255160
2018,15270055,SUBURBAN,PASSENGER OR SUBURBAN,Going Straight Ahead,Not Entered,West,Gas,2016,NY,1,6,TOYOT,HUMAN,Outside Car Distraction*,VEHICLE,Other*,Not Entered,5TDDK3DC2GS143864
2018,15276271,4 DOOR SEDAN,PASSENGER OR SUBURBAN,Going Straight Ahead,Not Entered,North,Gas,2001,NY,2,4,CHEVR,HUMAN,Outside Car Distraction*,HUMAN,Reaction to Other Uninvolved Vehicle,Not Applicable,1G1JF52TX17372468
2018,15280376,PICKUP TRUCK,PASSENGER OR SUBURBAN,Going Straight Ahead,Not Entered,South,Gas,2012,NY,1,8,GMC,HUMAN,Outside Car Distraction*,ENVMT,Glare,Not Applicable,1GTR2VE75CZ315736
2018,15288930,4 DOOR SEDAN,PASSENGER OR SUBURBAN,Changing Lanes,Not Entered,East,Gas,2009,NY,1,4,NISSA,HUMAN,Outside Car Distraction*,VEHICLE,Brakes Defective,Not Applicable,3N1BC13E99L474450
2018,15291687,4 DOOR SEDAN,PASSENGER OR SUBURBAN,Going Straight Ahead,Not Entered,South,Gas,2006,NY,1,4,NISSA,HUMAN,Outside Car Distraction*,HUMAN,Reaction to Other Uninvolved Vehicle,Not Entered,1N4AL11D96N379102
2018,15315237,4 DOOR SEDAN,PASSENGER OR SUBURBAN,Going Straight Ahead,Not Entered,South,Gas,2016,NY,2,4,HYUND,HUMAN,Outside Car Distraction*,HUMAN,Reaction to Other Uninvolved Vehicle,Not Entered,KMHDH4AE7GU643665
2018,15317182,BUS (OMNIBUS),POLITICAL SUBDIVISION,Making Left Turn,Not Entered,East,Diesel,2015,NY,1,6,BL/BI,HUMAN,Outside Car Distraction*,ENVMT,Obstruction/ Debris,Not Applicable,1BABHCPA6FF308873
2018,15319446,SUBURBAN,PASSENGER OR SUBURBAN,Going Straight Ahead,Not Entered,Southwest,Gas,2012,NY,4,4,KIA,HUMAN,Outside Car Distraction*,ENVMT,Animal's Action,Not Applicable,5XYKTDA66CG274246
2018,15321413,PICKUP TRUCK,COMMERCIAL,Going Straight Ahead,Not Entered,West,Gas,2017,NY,1,8,TOYOT,HUMAN,Outside Car Distraction*,HUMAN,Failure to Keep Right,Not Applicable,5TFAY5F13HX650387
2018,15321855,TAXI,OMNIBUS - TAXI,Going Straight Ahead,Not Entered,South,Gas,2015,NY,1,4,TOYOT,HUMAN,Outside Car Distraction*,HUMAN,Reaction to Other Uninvolved Vehicle,Not Entered,4T1BD1FK5FU164742
2018,15330058,SUBURBAN,PASSENGER OR SUBURBAN,Slowing or Stopping,Not Entered,East,Gas,2004,NY,1,4,MITSU,HUMAN,Outside Car Distraction*,ENVMT,Pavement Slippery,"Other Motor Vehicle, Collision With",JA4LZ31F44U049704
2018,15348420,4 DOOR SEDAN,PASSENGER OR SUBURBAN,Going Straight Ahead,Not Entered,East,Gas,2002,NY,1,6,INFIN,HUMAN,Outside Car Distraction*,ENVMT,Animal's Action,Not Applicable,JNKDA31A82T009598
2018,15352741,4 DOOR SEDAN,PASSENGER OR SUBURBAN,Going Straight Ahead,Not Entered,North,Gas,2010,NY,1,6,BMW,HUMAN,Outside Car Distraction*,ENVMT,View Obstructed/Limited,Not Entered,WBAPK5C50AA649206